32 1 1 2 1 3 4 3 4 3 4 5 5 5 23 23 23 13 13 13
1 2 1 1 3 4 3 4 3 4 5 5 5 23 23 23 13 13 13
2 1 1 1 3 4 5 3 4 5 3 4 5 23 23 23 13 13 13
1 1 1 2 3 4 3 4 5 3 4 5 5
2 1 1 1 5 5 5 3 4 3 4 3 4 23 23 23 13 13 13
1 2 1 1 3 4 3 4 3 4 5 5 5 23 23 23 13 13 13
1 1 1 2 3 4 3 4 3 4 5 5 5 23 23 23 13 13 13
1 1 1 2 3 4 3 4 3 4 5 5 5
1 1 1 2 3 4 3 4 3 4 5 5 5
2 1 1 1 5 5 5 3 4 3 4 3 4 25 25 6 9 9 23 23 23 13 13 13
1 1 1 2 3 4 3 4 5 5 3 4 5 9 23 23 23 13 13 13
1 1 2 1 3 4 3 4 3 4 5 5 5 23 23 23 13 13 13
1 1 1 2 3 4 3 4 3 4 5 5 5 23 23 23 13 13 13
1 2 1 1 3 4 3 4 3 4 5 5 5 23 23 23 13 13 13
1 1 1 2 3 4 3 4 3 4 5 5 5 23 23 23 13 13 13
1 1 1 2 3 4 3 4 5 5 3 4 5
1 1 1 2 3 4 3 4 3 4 5 5 5 23 23 23 13 13 13
1 2 1 1 3 4 3 4 3 4 5 5 5 23 23 23 13 13 13
2 1 1 1 5 5 5 3 4 3 4 3 4 25 6 25 23 23 23 13 13 13
1 2 1 1 3 4 3 4 5 5 3 4 5
1 2 1 1 3 4 3 4 5 5 5 3 4
1 1 1 2 3 4 3 4 5 5 3 4 5 23 23 23 13 13 13
1 1 1 2 3 4 5 3 4 3 4 5 5 23 23 23 13 13 13
2 1 1 1 5 5 5 3 4 3 4 3 4 9 23 23 23 13 13 13
1 1 1 2 3 4 3 4 3 4 5 5 5
1 1 1 2 3 4 3 4 3 4 5 5 5 23 23 23 13 13 13
1 1 2 1 3 4 3 4 3 4 5 5 5 23 23 23 13 13 13
2 1 1 1 3 4 3 4 3 4 5 5 5 6 25 6 6 25 6 23 23 23 13 13 13
1 2 1 1 3 4 3 4 3 4 5 5 5
1 1 2 1 3 4 3 4 3 4 5 5 5 23 23 23 13 13 13
1 1 2 1 3 4 5 3 4 3 4 5 5 23 23 23 13 13 13
1 1 1 2 3 4 3 4 3 4 5 5 5 23 23 23 13 13 13
2 1 1 1 3 4 3 4 3 4 5 5 5
2 1 1 1 3 4 5 3 4 5 5 3 4 9
1 1 2 1 3 4 3 4 3 4 5 5 5 23 23 23 13 13 13
1 1 2 1 3 4 3 4 3 4 5 5 5 6 25 6 25 6 6 23 23 23 13 13 13
1 1 1 2 3 4 3 4 3 4 5 5 5 23 23 23 13 13 13
2 1 1 1 5 5 5 3 4 3 4 3 4 6 6 25 6 6 25 6 6 25 6 6 25 23 23 23 13 13 13
1 2 1 1 3 4 3 4 3 4 5 5 5 23 23 23 13 13 13
1 1 1 2 3 4 5 5 3 4 3 4 5 23 23 23 13 13 13
1 1 2 1 5 3 4 3 4 3 4 5 5 23 23 23 13 13 13
2 1 1 1 5 5 5 3 4 3 4 3 4 9 6 25 6 6 25 6 6 6 25 6 6 25 23 23 23 13 13 13
2 1 1 1 3 4 3 4 3 4 5 5 5 23 23 23 13 13 13
1 1 1 2 3 4 3 4 3 4 5 5 5 23 23 23 13 13 13
1 1 2 1 3 4 3 4 5 5 3 4 5 23 23 23 13 13 13
2 1 1 1 3 4 3 4 3 4 5 5 5
1 2 1 1 3 4 3 4 3 4 5 5 5 23 23 23 13 13 13
1 1 1 2 3 4 3 4 3 4 5 5 5 23 23 23 13 13 13
1 1 1 2 3 4 3 4 5 5 3 4 5 23 23 23 13 13 13
1 1 1 2 3 4 3 4 3 4 5 5 5
2 1 1 1 5 5 5 3 4 3 4 3 4 23 23 23 13 13 13
1 2 1 1 3 4 3 4 3 4 5 5 5 23 23 23 13 13 13
1 1 1 2 3 4 3 4 3 4 5 5 5 9 23 23 23 13 13 13
1 2 1 1 3 4 3 4 3 4 5 5 5
1 2 1 1 3 4 3 4 3 4 5 5 5 23 23 23 13 13 13
2 1 1 1 5 5 3 4 3 4 5 3 4 25 25 25 25 25 25 25 6 25 25 25 25 25 25 25 25 23 23 23 13 13 13
2 1 1 1 5 5 5 3 4 3 4 3 4 6 6 25 6 6 25 6 6 25 6 6 25 23 23 23 13 13 13
1 2 1 1 3 4 3 4 3 4 5 5 5 23 23 23 13 13 13
2 1 1 1 5 5 5 3 4 3 4 3 4 6 25 6 25 6 6 6 25 6 25 6 6 23 23 23 13 13 13
1 1 1 2 3 4 3 4 5 5 3 4 5 25 6 25 9 23 23 23 13 13 13
1 1 1 2 3 4 3 4 3 4 5 5 5 23 23 23 13 13 13
2 1 1 1 5 5 5 3 4 4 3 4 3 6 6 6 6 6 6 6 6 23 23 23 13 13 13
1 2 1 1 3 4 3 4 3 4 5 5 5 23 23 23 13 13 13
1 1 1 2 3 4 3 4 5 5 3 4 5 23 23 23 13 13 13
1 2 1 1 4 3 4 3 4 5 3 5 5
1 1 1 2 3 4 3 4 5 5 3 4 5 23 23 23 13 13 13
1 2 1 1 4 3 4 3 4 5 5 5 3 25 25 6 9 23 23 23 13 13 13
2 1 1 1 3 4 3 4 3 4 5 5 5 23 23 23 13 13 13
1 1 2 1 3 4 3 4 3 4 5 5 5 23 23 23 13 13 13
1 1 2 1 3 4 3 4 3 4 5 5 5
1 1 2 1 5 3 4 3 4 3 4 5 5 9 25 6 25 9 9 23 23 23 13 13 13
1 2 1 1 3 4 3 4 3 4 5 5 5
1 1 1 2 3 4 3 4 3 4 5 5 5 23 23 23 13 13 13
1 2 1 1 3 4 5 3 4 3 4 5 5 9 23 23 23 13 13 13
2 1 1 1 3 4 3 4 3 4 5 5 5 23 23 23 13 13 13
1 1 1 2 3 4 3 4 3 4 5 5 5 25 6 25 23 23 23 13 13 13
2 1 1 1 5 3 4 5 5 3 4 3 4 6 6 6 6 6 6 23 23 23 13 13 13
1 1 2 1 3 4 5 3 4 3 4 5 5
1 1 1 2 3 4 3 4 3 4 5 5 5 23 23 23 13 13 13
1 1 2 1 3 4 3 4 3 4 5 5 5 23 23 23 13 13 13
1 1 1 2 3 4 5 3 4 3 4 5 5 23 23 23 13 13 13
1 1 1 2 3 4 3 4 3 4 5 5 5 6 6 25 6 6 25 23 23 23 13 13 13
1 1 1 2 3 4 4 3 4 5 5 5 3 23 23 23 13 13 13
1 2 1 1 3 4 5 3 4 3 4 5 5
1 1 2 1 3 4 5 3 4 3 4 5 5
1 1 2 1 3 4 3 4 3 4 5 5 5 23 23 23 13 13 13
1 1 2 1 3 4 3 4 3 4 5 5 5 23 23 23 13 13 13
1 1 2 1 3 4 3 4 3 4 5 5 5 23 23 23 13 13 13
1 1 1 2 3 4 3 4 3 4 5 5 5 25 25 6 23 23 23 13 13 13
2 1 1 1 5 5 5 3 4 3 4 3 4 6 6 25 6 6 25 6 6 25 23 23 23 13 13 13
1 1 2 1 3 4 3 4 3 4 5 5 5 23 23 23 13 13 13
1 2 1 1 3 4 3 4 3 4 5 5 5 23 23 23 13 13 13
1 1 1 2 3 4 5 5 3 4 3 4 5 9 23 23 23 13 13 13
2 1 1 1 3 4 3 4 5 3 4 5 5 9 23 23 23 13 13 13
1 1 1 2 3 4 3 4 3 4 5 5 5 23 23 23 13 13 13
1 1 1 2 3 4 3 4 3 4 5 5 5 23 23 23 13 13 13
1 1 1 2 3 4 3 4 3 4 5 5 5 23 23 23 13 13 13
1 1 2 1 3 4 3 4 3 4 5 5 5 8 7 1 4 6 5 5 13 9 8 7 1 4 6 5 5 13 8 7 1 4 6 5 5 13
1 1 2 1 3 4 3 4 3 4 5 5 5
1 1 1 2 4 5 5 5 3 3 4 3 4
1 1 1 2 3 4 3 4 3 4 5 5 5
1 1 2 1 3 4 3 4 3 4 5 5 5 6 23 23 23 13 13 13
1 2 1 1 3 4 3 4 3 4 5 5 5 6 6 23 23 23 13 13 13
1 2 1 1 3 4 3 4 3 4 5 5 5 23 23 23 13 13 13
2 1 1 1 5 5 5 3 4 3 4 3 4 6 6 25 6 6 25 6 6 25 6 6 25 23 23 23 13 13 13
1 1 1 2 3 4 3 4 3 4 5 5 5 23 23 23 13 13 13
1 2 1 1 3 4 3 4 3 4 5 5 5
1 1 1 2 3 4 3 4 3 4 5 5 5
1 1 1 2 3 4 3 4 5 5 3 4 5 6 25 6 9 6 6 25 23 23 23 13 13 13
2 1 1 1 5 5 5 3 4 3 4 3 4 25 6 25 23 23 23 13 13 13
1 1 1 2 3 4 5 3 4 3 4 5 5
1 1 1 2 3 4 3 4 3 4 5 5 5
1 2 1 1 3 4 5 3 4 3 4 5 5 25 6 6 23 23 23 13 13 13
1 2 1 1 3 4 5 5 3 4 3 4 5 23 23 23 13 13 13
2 1 1 1 3 4 3 4 3 4 5 5 5 23 23 23 13 13 13
1 1 1 2 3 4 3 4 3 4 5 5 5 9 23 23 23 13 13 13
1 1 2 1 3 4 3 4 3 4 5 5 5 23 23 23 13 13 13
1 2 1 1 3 4 3 4 3 4 5 5 5 25 25 6 9 23 23 23 13 13 13
2 1 1 1 5 5 5 3 4 3 4 3 4 25 6 25 6 25 6 23 23 23 13 13 13
1 1 1 2 3 4 3 4 5 5 3 4 5
1 2 1 1 3 4 3 4 3 4 5 5 5 25 6 25 9 23 23 23 13 13 13
1 1 2 1 4 3 4 3 4 5 5 5 3
1 1 1 2 3 4 3 4 3 4 5 5 5 23 23 23 13 13 13
2 1 1 1 3 4 3 4 3 4 5 5 5 9 25 25 6 23 23 23 13 13 13
2 1 1 1 5 5 5 3 4 3 4 3 4 23 23 23 13 13 13
1 1 1 2 3 4 3 4 3 4 5 5 5 23 23 23 13 13 13
2 1 1 1 3 4 3 4 3 4 5 5 5 23 23 23 13 13 13
1 1 1 2 3 4 3 4 3 4 5 5 5 23 23 23 13 13 13
1 1 1 2 3 4 3 4 3 4 5 5 5 23 23 23 13 13 13
2 1 1 1 5 5 5 3 4 3 4 3 4 6 6 25 6 25 6 6 6 25 23 23 23 13 13 13
1 1 1 2 3 4 3 4 3 4 5 5 5 23 23 23 13 13 13
1 2 1 1 3 4 3 4 3 4 5 5 5 25 6 25 23 23 23 13 13 13
1 1 2 1 3 4 3 4 3 4 5 5 5 9 6 6 25 6 6 25 23 23 23 13 13 13
1 1 1 2 3 4 3 4 3 4 5 5 5 23 23 23 13 13 13
1 1 1 2 3 4 3 4 3 4 5 5 5
2 1 1 1 5 5 5 3 4 3 4 3 4 25 25 6 9 23 23 23 13 13 13
1 2 1 1 3 4 3 4 5 5 3 4 5 23 23 23 13 13 13
1 1 2 1 3 4 3 4 3 4 5 5 5 23 23 23 13 13 13
1 1 2 1 3 4 5 3 4 3 4 5 5 23 23 23 13 13 13
2 1 1 1 3 4 3 4 3 4 5 5 5 23 23 23 13 13 13
2 1 1 1 5 5 3 4 3 4 3 4 5 6 25 6 6 25 6 6 6 25 23 23 23 13 13 13
1 2 1 1 3 4 3 4 5 5 3 4 5
1 1 1 2 3 4 3 4 3 4 5 5 5
2 1 1 1 5 3 4 5 5 3 4 3 4 9 25 6 25 9 23 23 23 13 13 13
2 1 1 1 5 5 5 3 4 3 4 3 4 6 6 25 6 6 25 6 6 25 23 23 23 13 13 13
2 1 1 1 5 5 3 4 3 4 3 4 5 25 25 6 9 9 23 23 23 13 13 13
1 1 2 1 3 4 3 4 3 4 5 5 5 9 9 25 25 6 9 23 23 23 13 13 13
1 1 1 2 3 4 3 4 5 3 4 5 5 23 23 23 13 13 13
1 1 2 1 3 4 3 4 3 4 5 5 5
1 1 1 2 3 4 3 4 5 5 3 4 5 23 23 23 13 13 13
1 1 1 2 3 4 3 4 3 4 5 5 5 25 25 6 9 23 23 23 13 13 13
1 1 1 2 3 4 3 4 3 4 5 5 5
2 1 1 1 3 4 3 4 5 5 3 4 5 23 23 23 13 13 13
2 1 1 1 5 5 5 3 4 3 4 3 4 25 25 25 25 25 6 25 25 25 25 25 25 25 25 25 25 23 23 23 13 13 13
1 1 1 2 4 3 4 5 5 3 4 3 5 23 23 23 13 13 13
1 2 1 1 3 4 3 4 3 4 5 5 5
1 1 1 2 3 4 3 4 3 4 5 5 5 23 23 23 13 13 13
1 2 1 1 3 4 5 3 4 3 4 5 5 6 25 6 6 25 6 23 23 23 13 13 13
1 1 1 2 3 4 3 4 3 4 5 5 5 23 23 23 13 13 13
1 1 1 2 3 4 3 4 3 4 5 5 5 23 23 23 13 13 13
2 1 1 1 5 5 5 3 4 3 4 3 4 23 23 23 13 13 13
1 1 1 2 3 4 3 4 3 4 5 5 5 23 23 23 13 13 13
1 2 1 1 5 3 4 3 4 3 4 5 5 23 23 23 13 13 13
2 1 1 1 3 4 3 4 5 5 3 4 5 23 23 23 13 13 13
1 1 1 2 3 4 3 4 3 4 5 5 5 9 25 6 25 9 23 23 23 13 13 13
1 1 1 2 3 4 3 4 3 4 5 5 5 23 23 23 13 13 13
2 1 1 1 5 5 5 3 4 3 4 3 4 23 23 23 13 13 13
2 1 1 1 5 5 5 3 4 3 3 4 4 6 6 25 6 6 25 6 6 25 23 23 23 13 13 13
1 1 1 2 3 4 3 4 3 4 5 5 5
1 2 1 1 3 4 3 4 3 4 5 5 5 23 23 23 13 13 13
1 1 1 2 3 4 3 4 3 4 5 5 5 25 6 6 6 25 6 23 23 23 13 13 13
1 1 1 2 3 4 3 4 3 4 5 5 5 6 6 25 23 23 23 13 13 13
1 1 2 1 3 4 3 4 3 4 5 5 5
1 2 1 1 3 4 3 4 3 4 5 5 5 23 23 23 13 13 13
1 1 1 2 3 4 3 4 3 4 5 5 5 23 23 23 13 13 13
2 1 1 1 5 3 4 3 4 3 4 5 5 25 6 25 9 9 9 23 23 23 13 13 13
1 1 1 2 3 4 3 4 3 4 5 5 5
1 1 1 2 3 4 3 4 3 4 5 5 5 23 23 23 13 13 13
2 1 1 1 5 5 5 3 4 3 4 3 4 25 25 6 9 23 23 23 13 13 13
2 1 1 1 5 5 5 3 4 3 4 3 4 23 23 23 13 13 13
1 1 1 2 3 4 3 4 5 5 3 4 5 23 23 23 13 13 13
2 1 1 1 5 5 5 3 4 3 4 3 4 25 6 25 9 9 9 23 23 23 13 13 13
1 2 1 1 3 4 3 4 5 5 3 4 5 23 23 23 13 13 13
1 1 1 2 3 4 3 4 3 4 5 5 5 23 23 23 13 13 13
2 1 1 1 5 5 5 3 4 4 3 4 3 9 25 25 6 23 23 23 13 13 13
1 1 1 2 3 4 3 4 3 4 5 5 5 23 23 23 13 13 13
1 2 1 1 3 4 3 4 3 4 5 5 5 6 6 25 6 25 6 23 23 23 13 13 13
1 1 2 1 3 4 3 4 3 4 5 5 5 6 25 6 6 25 6 23 23 23 13 13 13
1 2 1 1 3 4 3 4 5 5 5 3 4 25 25 6 23 23 23 13 13 13
1 2 1 1 3 4 3 4 3 4 5 5 5 23 23 23 13 13 13
1 2 1 1 3 4 3 4 3 4 5 5 5 9
2 1 1 1 5 5 5 4 3 4 3 4 3 6 25 6 6 25 6 6 25 6 6 6 25 23 23 23 13 13 13
1 1 1 2 3 4 3 4 3 4 5 5 5
1 1 1 2 3 4 3 4 3 4 5 5 5 23 23 23 13 13 13
1 1 1 2 3 4 3 4 3 4 5 5 5 23 23 23 13 13 13
2 1 1 1 5 5 5 4 3 4 3 4 3 25 25 25 25 25 25 25 25 25 25 25 25 25 25 25 6 23 23 23 13 13 13
1 1 2 1 3 4 3 4 3 4 5 5 5 23 23 23 13 13 13
1 1 2 1 3 4 3 4 5 3 4 5 5 25 6 6 23 23 23 13 13 13
2 1 1 1 5 5 5 3 4 3 4 3 4 6 9 9 23 23 23 13 13 13
1 1 2 1 3 3 4 4 3 4 5 5 5 25 6 25 9 23 23 23 13 13 13
1 1 1 2 3 4 3 4 3 4 5 5 5 23 23 23 13 13 13
2 1 1 1 5 5 3 4 3 4 5 3 4 6 6 25 6 6 25 6 6 25 23 23 23 13 13 13
2 1 1 1 3 4 3 4 3 4 5 5 5 23 23 23 13 13 13
1 2 1 1 3 4 3 4 3 4 5 5 5 25 6 23 23 23 13 13 13
1 2 1 1 3 4 3 4 5 5 5 3 4 25 25 25 6 25 9 23 23 23 13 13 13
1 2 1 1 3 4 3 4 3 4 5 5 5 6 6 25 6 6 25 23 23 23 13 13 13
1 1 2 1 3 4 3 4 3 4 5 5 5
1 1 2 1 3 4 3 4 3 4 5 5 5 23 23 23 13 13 13
1 2 1 1 3 4 5 3 4 3 4 5 5 23 23 23 13 13 13
1 1 2 1 3 4 3 4 3 4 5 5 5 9 23 23 23 13 13 13
2 1 1 1 5 5 5 3 4 3 4 3 4 25 25 6 23 23 23 13 13 13
1 1 1 2 3 4 3 4 3 4 5 5 5 23 23 23 13 13 13
2 1 1 1 3 4 3 4 5 5 3 4 5 23 23 23 13 13 13
1 1 2 1 3 4 3 4 3 4 5 5 5
1 1 1 2 3 4 3 4 5 5 5 3 4 23 23 23 13 13 13
1 1 2 1 3 4 3 4 3 4 5 5 5
2 1 1 1 5 5 5 3 4 3 4 3 4 25 6 6 25 6 6 25 6 6 6 25 23 23 23 13 13 13
1 1 2 1 3 4 5 5 3 4 3 4 5
1 1 2 1 3 4 3 4 3 4 5 5 5 23 23 23 13 13 13
1 1 1 2 3 4 3 4 3 4 5 5 5 9 23 23 23 13 13 13
1 1 1 2 3 4 3 4 3 4 5 5 5 23 23 23 13 13 13
1 1 2 1 3 4 3 4 5 5 3 4 5
2 1 1 1 3 4 3 4 3 4 5 5 5 23 23 23 13 13 13
2 1 1 1 5 5 3 4 3 4 5 3 4 6 6 25 6 6 25 6 6 25 9 23 23 23 13 13 13
2 1 1 1 5 5 5 3 4 3 4 3 4 23 23 23 13 13 13
2 1 1 1 3 4 3 4 3 4 5 5 5 23 23 23 13 13 13
1 2 1 1 3 4 3 4 3 4 5 5 5 23 23 23 13 13 13
1 1 2 1 3 4 3 4 3 4 5 5 5
2 1 1 1 5 5 5 3 4 3 4 3 4 25 6 25 6 25 6 23 23 23 13 13 13
2 1 1 1 3 4 3 4 5 5 5 3 4 6 6 25 6 6 25 6 6 25 6 6 25 23 23 23 13 13 13
1 2 1 1 3 4 5 3 4 3 4 5 5 23 23 23 13 13 13
1 1 2 1 3 4 3 4 3 4 5 5 5 6 6 25 6 6 25 23 23 23 13 13 13
1 1 2 1 3 4 3 4 3 4 5 5 5 23 23 23 13 13 13
1 1 1 2 3 4 3 4 3 4 5 5 5 23 23 23 13 13 13
1 1 1 2 3 4 3 4 3 4 5 5 5 23 23 23 13 13 13
1 1 1 2 3 4 3 4 5 5 3 4 5 23 23 23 13 13 13
1 1 1 2 3 4 3 4 3 4 5 5 5 23 23 23 13 13 13
2 1 1 1 3 4 3 4 5 5 5 3 4 6 6 25 6 25 6 23 23 23 13 13 13
1 1 1 2 3 4 3 4 5 5 3 4 5 9 9 9 25 6 25 23 23 23 13 13 13
1 1 1 2 3 4 3 4 3 4 5 5 5 23 23 23 13 13 13
2 1 1 1 5 5 5 3 4 3 4 3 4 23 23 23 13 13 13
1 1 2 1 3 4 3 4 3 4 5 5 5 25 25 6 23 23 23 13 13 13
1 1 1 2 3 4 3 4 5 5 3 4 5 23 23 23 13 13 13
2 1 1 1 5 5 5 3 4 3 4 3 4 6 6 25 6 6 25 6 6 25 25 6 6 23 23 23 13 13 13
1 1 1 2 3 4 3 4 3 4 5 5 5 23 23 23 13 13 13
1 2 1 1 3 4 4 3 3 4 5 5 5 25 6 25 9 9 23 23 23 13 13 13
1 1 1 2 3 4 3 4 3 4 5 5 5 9 23 23 23 13 13 13
1 1 1 2 3 4 3 4 3 4 5 5 5 23 23 23 13 13 13
1 1 1 2 3 4 3 4 3 4 5 5 5
1 1 1 2 3 4 4 5 3 3 4 5 5
1 1 1 2 3 4 3 4 3 4 5 5 5 23 23 23 13 13 13
1 2 1 1 3 4 5 3 4 3 4 5 5
1 1 2 1 3 4 3 4 3 4 5 5 5
2 1 1 1 5 5 3 4 3 4 3 4 5 9 25 25 25 25 25 25 25 25 6 25 25 25 25 25 25 25 23 23 23 13 13 13
1 2 1 1 3 4 4 5 5 3 4 3 5 23 23 23 13 13 13
1 1 1 2 3 4 3 4 3 4 5 5 5 23 23 23 13 13 13
1 1 2 1 3 4 3 4 3 4 5 5 5 23 23 23 13 13 13
1 2 1 1 3 4 3 4 3 4 5 5 5
2 1 1 1 5 5 5 3 4 3 4 3 4 25 25 6 23 23 23 13 13 13
1 1 1 2 3 4 3 4 5 3 4 5 5
1 1 2 1 3 4 3 4 5 5 3 4 5 23 23 23 13 13 13
1 2 1 1 3 4 3 4 3 4 5 5 5 23 23 23 13 13 13
1 1 2 1 3 4 3 4 3 4 5 5 5 23 23 23 13 13 13
1 1 2 1 3 4 3 4 3 4 5 5 5
1 1 1 2 3 4 3 4 3 4 5 5 5 23 23 23 13 13 13
1 1 1 2 3 4 3 4 3 4 5 5 5 23 23 23 13 13 13
1 1 1 2 3 4 3 4 4 5 5 5 3 23 23 23 13 13 13
1 2 1 1 3 4 3 4 3 4 5 5 5 23 23 23 13 13 13
1 2 1 1 3 4 3 4 3 4 5 5 5
1 2 1 1 3 4 3 4 3 4 5 5 5 23 23 23 13 13 13
1 1 1 2 3 4 3 4 3 4 5 5 5 23 23 23 13 13 13
1 1 1 2 3 4 3 4 3 4 5 5 5 23 23 23 13 13 13
1 1 2 1 3 4 3 4 3 4 5 5 5 9 23 23 23 13 13 13
2 1 1 1 5 5 3 4 3 4 3 4 5 6 25 6 6 25 6 25 6 6 23 23 23 13 13 13
1 1 1 2 3 4 3 4 3 4 5 5 5
2 1 1 1 5 5 3 4 3 4 5 3 4 25 25 6 23 23 23 13 13 13
1 1 1 2 3 4 3 4 3 4 5 5 5 23 23 23 13 13 13
1 2 1 1 3 4 3 4 3 4 5 5 5 23 23 23 13 13 13
1 2 1 1 3 4 4 5 5 5 3 4 3 23 23 23 13 13 13
1 1 2 1 3 4 3 4 3 4 5 5 5 23 23 23 13 13 13
1 1 1 2 3 4 3 4 3 4 5 5 5 23 23 23 13 13 13
1 2 1 1 3 4 3 4 3 4 5 5 5 9 6 6 6 6 23 23 23 13 13 13
1 1 1 2 3 4 3 4 3 4 5 5 5 23 23 23 13 13 13
1 1 1 2 3 4 3 4 3 4 5 5 5 23 23 23 13 13 13
2 1 1 1 5 5 5 3 4 3 3 4 4 23 23 23 13 13 13
1 1 1 2 3 4 3 4 3 4 5 5 5 23 23 23 13 13 13
1 1 2 1 3 4 3 4 3 4 5 5 5 6 6 25 6 6 25 23 23 23 13 13 13
1 1 2 1 3 4 3 4 3 4 5 5 5 23 23 23 13 13 13
1 1 1 2 3 4 3 4 5 5 5 3 4 6 6 6 6 23 23 23 13 13 13
1 1 1 2 3 4 3 4 3 4 5 5 5 9
2 1 1 1 5 5 5 3 4 3 4 3 4 9 23 23 23 13 13 13
1 1 1 2 3 4 3 4 3 4 5 5 5 23 23 23 13 13 13
1 1 1 2 3 4 3 4 3 4 5 5 5 23 23 23 13 13 13
1 2 1 1 3 4 3 4 5 5 5 3 4 23 23 23 13 13 13
1 1 1 2 3 4 3 4 5 5 3 4 5 23 23 23 13 13 13
1 2 1 1 3 4 3 4 5 5 3 4 5 23 23 23 13 13 13
1 1 2 1 3 4 3 4 3 4 5 5 5 23 23 23 13 13 13
2 1 1 1 3 4 3 4 3 4 5 5 5 23 23 23 13 13 13
1 1 2 1 3 4 3 4 3 4 5 5 5 23 23 23 13 13 13
1 1 2 1 3 4 3 4 3 4 5 5 5 23 23 23 13 13 13
1 1 1 2 3 4 3 4 3 4 5 5 5
1 1 1 2 3 4 3 4 3 4 5 5 5 23 23 23 13 13 13
1 1 2 1 3 4 3 4 3 4 5 5 5 23 23 23 13 13 13
2 1 1 1 5 5 3 4 3 4 5 3 4 25 6 25 9 9 9 23 23 23 13 13 13
1 1 1 2 3 4 3 4 3 4 5 5 5 9 6 25 6 6 25 6 23 23 23 13 13 13
1 1 1 2 3 4 3 4 3 4 5 5 5 23 23 23 13 13 13
1 2 1 1 3 4 5 3 4 3 4 5 5 6 25 6 23 23 23 13 13 13
1 1 1 2 3 4 3 4 3 4 5 5 5 23 23 23 13 13 13
1 1 2 1 3 4 3 4 3 4 5 5 5 23 23 23 13 13 13
2 1 1 1 5 5 5 3 4 3 4 3 4 6 25 6 6 6 25 6 25 6 23 23 23 13 13 13
2 1 1 1 5 5 5 3 4 3 4 3 4 25 6 25 23 23 23 13 13 13
1 1 1 2 3 4 3 4 3 4 5 5 5 6 25 6 23 23 23 13 13 13
1 1 1 2 3 4 5 3 4 3 4 5 5 23 23 23 13 13 13
1 2 1 1 3 4 3 4 3 4 5 5 5 23 23 23 13 13 13
1 1 1 2 3 4 3 4 3 4 5 5 5 23 23 23 13 13 13
1 2 1 1 3 4 5 3 4 3 4 5 5 9 9 6 6 25 9 6 6 25 23 23 23 13 13 13
1 2 1 1 3 4 3 4 5 5 3 4 5 23 23 23 13 13 13
1 1 1 2 3 4 3 4 5 5 5 3 4 23 23 23 13 13 13
2 1 1 1 5 5 5 3 4 3 4 3 4 9 25 25 6 9 9 23 23 23 13 13 13
2 1 1 1 3 4 3 4 5 5 5 3 4 23 23 23 13 13 13
1 2 1 1 3 4 3 4 5 5 5 3 4 25 6 25 9 9 23 23 23 13 13 13
1 1 2 1 3 4 3 4 3 4 5 5 5 23 23 23 13 13 13
1 1 2 1 3 4 3 4 3 4 5 5 5 23 23 23 13 13 13
1 1 1 2 3 4 3 4 5 5 3 4 5 23 23 23 13 13 13
2 1 1 1 5 3 4 5 5 3 4 3 4 9 23 23 23 13 13 13
1 1 2 1 3 4 3 4 5 5 3 4 5
1 1 2 1 3 4 3 4 5 5 3 4 5
1 1 1 2 3 4 3 4 3 4 5 5 5
1 1 1 2 3 4 5 3 4 3 4 5 5 23 23 23 13 13 13
1 1 2 1 3 4 3 4 5 5 3 4 5
1 2 1 1 3 4 3 4 5 5 3 4 5 23 23 23 13 13 13
1 1 2 1 3 4 3 4 3 4 5 5 5 23 23 23 13 13 13
1 1 2 1 3 4 3 4 3 4 5 5 5
1 1 1 2 3 4 3 4 3 4 5 5 5
2 1 1 1 3 4 3 4 3 4 5 5 5 9 23 23 23 13 13 13
1 1 1 2 3 4 3 4 3 4 5 5 5 23 23 23 13 13 13
2 1 1 1 3 4 4 3 4 5 5 3 5 6 25 6 6 25 6 23 23 23 13 13 13
1 2 1 1 3 4 3 4 3 4 5 5 5 23 23 23 13 13 13
1 1 1 2 3 4 3 4 5 5 3 4 5 23 23 23 13 13 13
2 1 1 1 3 4 3 4 3 4 5 5 5 6 25 6 25 6 23 23 23 13 13 13
1 2 1 1 3 4 3 4 3 4 5 5 5 23 23 23 13 13 13
2 1 1 1 5 5 3 4 3 4 3 4 5 9 25 6 25 9 23 23 23 13 13 13
1 1 1 2 3 4 3 4 3 4 5 5 5
1 1 1 2 3 4 3 4 3 4 5 5 5 23 23 23 13 13 13
1 2 1 1 3 4 3 4 3 4 5 5 5
1 1 1 2 3 4 3 4 3 4 5 5 5
2 1 1 1 5 5 5 3 4 3 4 3 4 6 6 25 6 25 6 6 6 25 23 23 23 13 13 13
1 1 1 2 3 4 3 4 5 5 4 3 5 23 23 23 13 13 13
1 1 1 2 3 4 3 4 3 4 5 5 5 6 25 6 6 25 6 23 23 23 13 13 13
2 1 1 1 5 5 5 3 4 3 4 3 4 6 6 25 6 25 6 6 25 6 6 25 6 23 23 23 13 13 13
1 1 1 2 3 4 3 4 3 4 5 5 5
1 1 1 2 3 4 3 4 3 4 5 5 5
1 2 1 1 3 4 3 4 3 4 5 5 5 23 23 23 13 13 13
1 2 1 1 3 4 3 4 5 3 4 5 5
1 1 2 1 3 4 3 4 3 4 5 5 5 9 23 23 23 13 13 13
1 1 2 1 3 4 3 4 3 4 5 5 5 23 23 23 13 13 13
1 2 1 1 3 4 3 4 3 4 5 5 5 25 6 25 23 23 23 13 13 13
1 1 2 1 3 4 3 4 3 4 5 5 5 9 25 25 6 9 23 23 23 13 13 13
2 1 1 1 3 4 3 4 3 4 5 5 5
2 1 1 1 5 5 5 3 4 3 4 3 4 25 6 25 9 9 9 23 23 23 13 13 13
2 1 1 1 5 5 3 4 3 4 3 4 5 9 9 25 6 25 9 23 23 23 13 13 13
2 1 1 1 5 3 4 5 5 3 4 3 4 25 25 6 23 23 23 13 13 13
1 2 1 1 3 4 3 4 3 4 5 5 5
1 1 1 2 3 4 5 3 4 3 4 5 5 25 6 25 23 23 23 13 13 13
2 1 1 1 5 5 5 3 4 3 4 3 4 9 23 23 23 13 13 13
1 1 2 1 3 4 3 4 3 4 5 5 5 23 23 23 13 13 13
1 2 1 1 3 4 3 4 3 4 5 5 5 23 23 23 13 13 13
1 1 1 2 3 4 3 4 3 4 5 5 5 23 23 23 13 13 13
2 1 1 1 3 4 5 3 4 3 4 5 5
1 2 1 1 3 4 3 4 3 4 5 5 5 23 23 23 13 13 13
1 1 2 1 3 4 3 4 3 4 5 5 5
1 1 2 1 3 4 3 4 3 4 5 5 5
1 1 2 1 3 4 3 4 3 4 5 5 5
1 1 2 1 3 4 3 4 3 4 5 5 5 23 23 23 13 13 13
1 1 1 2 3 4 3 4 5 5 3 4 5 23 23 23 13 13 13
1 1 1 2 3 4 3 4 3 4 5 5 5 23 23 23 13 13 13
1 1 1 2 3 4 3 4 3 4 5 5 5
1 2 1 1 3 4 3 4 3 4 5 5 5 25 6 25 9 9 9 23 23 23 13 13 13
1 1 1 2 3 4 5 3 4 3 4 5 5 23 23 23 13 13 13
1 1 1 2 3 4 3 4 3 4 5 5 5 25 25 6 23 23 23 13 13 13
2 1 1 1 3 4 3 4 3 4 5 5 5
2 1 1 1 3 4 3 4 3 4 5 5 5 23 23 23 13 13 13
1 2 1 1 3 4 3 4 5 5 5 3 4 23 23 23 13 13 13
1 1 1 2 3 4 3 4 3 4 5 5 5 23 23 23 13 13 13
1 2 1 1 3 4 3 4 3 4 5 5 5 23 23 23 13 13 13
1 1 1 2 3 4 3 4 3 4 5 5 5
1 1 1 2 3 4 3 4 3 4 5 5 5 23 23 23 13 13 13
1 2 1 1 3 4 3 4 3 4 5 5 5 23 23 23 13 13 13
2 1 1 1 5 5 5 3 4 3 4 3 4 25 6 25 9 23 23 23 13 13 13
1 2 1 1 3 4 3 4 3 4 5 5 5 25 25 6 23 23 23 13 13 13
1 1 1 2 3 4 3 4 3 4 5 5 5 23 23 23 13 13 13
2 1 1 1 5 5 3 4 3 4 5 3 4 25 25 6 9 23 23 23 13 13 13
2 1 1 1 5 5 5 3 4 3 4 3 4 23 23 23 13 13 13
1 2 1 1 3 4 3 4 3 4 5 5 5 23 23 23 13 13 13
1 1 1 2 3 4 3 4 3 4 5 5 5 23 23 23 13 13 13
1 1 2 1 3 4 3 4 5 5 3 4 5
1 1 1 2 3 4 3 4 3 4 5 5 5
1 1 1 2 3 4 3 4 3 4 5 5 5
1 2 1 1 3 4 3 4 5 5 3 4 5
2 1 1 1 5 5 5 3 4 3 4 3 4 23 23 23 13 13 13
1 2 1 1 3 4 3 4 3 4 5 5 5 23 23 23 13 13 13
1 1 1 2 3 4 3 4 3 4 5 5 5
1 1 2 1 3 4 3 4 3 4 5 5 5 23 23 23 13 13 13
1 1 1 2 3 4 3 4 3 4 5 5 5 23 23 23 13 13 13
2 1 1 1 3 4 3 4 3 4 5 5 5
2 1 1 1 5 5 5 3 4 3 4 3 4 6 25 6 6 25 6 6 25 6 23 23 23 13 13 13
1 1 1 2 3 4 3 4 5 3 4 5 5 23 23 23 13 13 13
1 1 2 1 3 4 3 4 3 4 5 5 5
2 1 1 1 5 5 3 4 3 4 5 3 4 25 6 25 9 9 9 23 23 23 13 13 13
2 1 1 1 5 5 5 3 4 3 4 3 4 9 9 23 23 23 13 13 13
2 1 1 1 5 5 5 3 4 3 4 3 4 9 23 23 23 13 13 13
2 1 1 1 5 5 5 3 4 3 4 3 4 25 6 25 9 23 23 23 13 13 13
1 2 1 1 3 4 3 4 3 4 5 5 5 23 23 23 13 13 13
1 2 1 1 3 4 3 4 5 5 3 4 5
1 1 1 2 3 4 3 4 5 5 3 4 5 23 23 23 13 13 13
2 1 1 1 5 5 5 3 4 3 4 3 4 23 23 23 13 13 13
1 1 2 1 3 4 3 4 3 4 5 5 5 23 23 23 13 13 13
1 1 2 1 3 4 3 4 5 5 3 4 5 23 23 23 13 13 13
2 1 1 1 5 3 4 5 5 3 4 3 4 25 6 25 23 23 23 13 13 13
1 1 1 2 3 4 3 4 3 4 5 5 5 23 23 23 13 13 13
2 1 1 1 5 5 5 3 4 3 3 4 4 6 9 9 23 23 23 13 13 13
1 1 2 1 3 4 3 4 3 4 5 5 5 9
1 1 1 2 3 4 3 4 3 4 5 5 5 25 25 6 23 23 23 13 13 13
2 1 1 1 3 4 3 4 5 5 5 3 4 9 23 23 23 13 13 13
1 1 2 1 3 4 3 4 3 4 5 5 5 23 23 23 9 13 13 13
2 1 1 1 5 5 5 3 4 3 4 3 4 23 23 23 13 13 13
1 1 1 2 3 4 3 4 3 4 5 5 5 23 23 23 13 13 13
2 1 1 1 5 5 5 3 4 3 4 3 4 6 6 25 25 6 6 25 6 6 23 23 23 13 13 13
1 1 1 2 3 4 3 4 3 4 5 5 5 23 23 23 13 13 13
1 1 1 2 3 4 3 4 3 4 5 5 5 25 6 25 23 23 23 13 13 13
1 2 1 1 3 4 3 4 3 4 5 5 5
1 1 1 2 3 4 3 4 3 4 5 5 5
1 2 1 1 3 4 3 4 5 5 3 4 5 23 23 23 13 13 13
2 1 1 1 3 4 5 3 3 4 4 5 5 23 23 23 13 13 13
2 1 1 1 3 4 3 4 3 4 5 5 5 23 23 23 13 13 13
1 1 2 1 3 4 3 4 3 4 5 5 5 9 23 23 23 13 13 13
1 1 1 2 3 4 3 4 3 4 5 5 5 23 23 23 13 13 13
2 1 1 1 3 4 3 4 3 4 5 5 5
2 1 1 1 5 5 5 3 4 3 4 3 4 23 23 23 13 13 13
1 1 1 2 3 4 3 4 3 4 5 5 5
1 1 1 2 3 4 5 3 4 3 4 5 5
2 1 1 1 5 5 5 3 4 3 4 3 4 23 23 23 13 13 13
1 1 1 2 3 4 3 4 3 4 5 5 5 23 23 23 13 13 13
1 2 1 1 4 3 4 3 4 5 5 3 5 23 23 23 13 13 13
2 1 1 1 3 4 5 5 5 3 4 3 4 25 6 25 23 23 23 13 13 13
1 1 1 2 3 4 3 4 3 4 5 5 5 9 23 23 23 13 13 13
1 2 1 1 3 4 3 4 5 5 3 4 5
1 1 2 1 3 4 3 4 3 4 5 5 5 23 23 23 13 13 13
1 1 1 2 3 4 3 4 3 4 5 5 5 25 6 25 23 23 23 13 13 13
2 1 1 1 3 4 3 4 3 4 5 5 5 9 25 25 6 23 23 23 13 13 13
1 1 1 2 3 4 3 4 3 4 5 5 5 23 23 23 13 13 13
1 2 1 1 3 4 3 4 3 4 5 5 5 23 23 23 13 13 13
2 1 1 1 5 5 5 3 4 3 4 3 4 23 23 23 13 13 13
2 1 1 1 3 4 5 5 3 4 3 4 5 9 6 25 6 6 6 25 6 6 25 6 6 25 23 23 23 13 13 13
1 1 1 2 3 4 5 3 4 3 4 5 5 23 23 23 13 13 13
1 1 2 1 3 4 3 4 3 4 5 5 5 23 23 23 13 13 13
1 1 1 2 3 4 3 4 3 4 5 5 5 23 23 23 13 13 13
1 2 1 1 3 4 3 4 3 4 5 5 5
1 1 1 2 3 4 3 4 3 4 5 5 5 23 23 23 13 13 13
2 1 1 1 3 4 3 4 3 4 5 5 5 25 6 25 23 23 23 13 13 13
2 1 1 1 5 5 5 3 4 3 4 3 4 25 6 25 9 23 23 23 13 13 13
1 1 1 2 3 4 3 4 3 4 5 5 5 23 23 23 13 13 13
2 1 1 1 5 5 5 3 4 4 3 4 3 25 6 25 9 23 23 23 13 13 13
1 2 1 1 3 4 3 4 5 5 3 4 5 9 23 23 23 13 13 13
1 1 2 1 3 4 3 4 3 4 5 5 5 23 23 23 13 13 13
1 2 1 1 3 4 3 4 3 4 5 5 5 23 23 23 13 13 13
1 1 2 1 3 4 3 4 3 4 5 5 5 23 23 23 13 13 13
1 1 1 2 3 4 3 4 5 5 3 4 5 23 23 23 13 13 13
1 1 2 1 3 4 3 4 5 3 4 5 5 23 23 23 13 13 13
1 2 1 1 3 4 3 4 3 4 5 5 5 8 7 1 6 4 5 5 13
1 2 1 1 3 4 3 4 3 4 5 5 5 23 23 23 13 13 13
2 1 1 1 5 5 5 3 4 3 4 3 4 23 23 23 13 13 13
2 1 1 1 5 5 3 4 4 3 4 5 3 6 6 25 6 6 25 6 6 25 23 23 23 13 13 13
1 1 2 1 3 4 3 4 3 4 5 5 5
1 2 1 1 3 4 3 4 3 4 5 5 5 23 23 23 13 13 13
1 2 1 1 3 4 4 3 4 5 5 3 5 23 23 23 13 13 13
1 1 1 2 3 4 3 4 3 4 5 5 5 23 23 23 13 13 13
2 1 1 1 5 5 3 4 3 4 5 3 4 6 6 25 6 25 6 6 25 6 6 6 25 23 23 23 13 13 13
1 2 1 1 3 4 3 4 3 4 5 5 5 23 23 23 13 13 13
1 1 1 2 3 4 3 4 3 4 5 5 5 23 23 23 13 13 13
1 1 2 1 3 4 3 4 3 4 5 5 5
1 1 1 2 3 4 3 4 5 5 3 4 5 23 23 23 13 13 13
1 1 2 1 3 4 3 4 3 4 5 5 5 25 25 6 23 23 23 13 13 13
1 1 1 2 3 4 3 4 3 4 5 5 5
2 1 1 1 5 5 5 3 4 3 4 3 4 25 25 6 9 23 23 23 13 13 13
1 1 1 2 3 4 3 4 3 4 5 5 5 23 23 23 13 13 13
1 2 1 1 3 4 3 4 3 4 5 5 5
1 2 1 1 3 4 3 4 3 4 5 5 5 9 23 23 23 13 13 13
1 1 1 2 3 4 3 4 5 5 5 3 4 23 23 23 13 13 13
1 1 1 2 3 4 3 4 3 4 5 5 5 23 23 23 13 13 13
1 1 1 2 3 4 3 4 3 4 5 5 5 6 6 25 6 6 25 9 23 23 23 13 13 13
2 1 1 1 5 5 5 3 4 3 4 3 4 23 23 23 13 13 13
1 1 1 2 3 4 3 4 3 4 5 5 5 23 23 23 13 13 13
1 1 1 2 3 4 3 4 3 4 5 5 5 23 23 23 13 13 13
1 1 1 2 3 4 3 4 3 4 5 5 5 23 23 23 13 13 13
1 1 1 2 3 4 3 4 3 4 5 5 5 9
1 1 1 2 3 4 3 4 3 4 5 5 5 9
1 2 1 1 3 4 3 4 3 4 5 5 5 23 23 23 13 13 13
1 1 2 1 3 3 4 4 3 4 5 5 5 23 23 23 13 13 13
1 2 1 1 3 4 3 4 3 4 5 5 5 23 23 23 13 13 13
1 1 1 2 3 4 3 4 3 4 5 5 5 23 23 23 13 13 13
1 1 1 2 3 4 3 4 3 4 5 5 5 23 23 23 13 13 13
1 1 1 2 3 4 3 4 3 4 5 5 5
1 2 1 1 3 4 3 4 3 4 5 5 5 23 23 23 13 13 13
2 1 1 1 5 5 3 4 5 3 4 3 4 23 23 23 13 13 13
1 2 1 1 3 4 5 3 4 3 4 5 5
2 1 1 1 5 5 5 3 4 3 4 3 4 6 6 6 6 6 6 23 23 23 13 13 13
1 1 2 1 3 4 3 4 5 3 4 5 5 23 23 23 13 13 13
1 2 1 1 3 4 3 4 3 4 5 5 5 23 23 23 13 13 13
1 1 1 3 4 2 3 4 3 4 5 5 5
1 1 1 2 4 3 4 5 3 3 4 5 5 23 23 23 13 13 13
1 2 1 1 3 4 3 4 3 4 5 5 5
1 1 1 2 3 4 3 4 3 4 5 5 5 25 6 25 23 23 23 13 13 13
1 1 2 1 3 4 3 4 3 4 5 5 5 23 23 23 13 13 13
2 1 1 1 5 5 3 4 3 4 3 4 5 23 23 23 13 13 13
1 1 1 2 3 4 3 4 5 3 4 5 5 23 23 23 13 13 13
2 1 1 1 3 4 3 4 3 4 5 5 5 23 23 23 13 13 13
1 1 1 2 3 4 3 4 3 4 5 5 5 23 23 23 13 13 13
1 1 2 1 3 4 3 4 3 4 5 5 5 25 6 25 23 23 23 13 13 13
1 2 1 1 3 4 5 5 5 3 4 3 4 25 6 25 23 23 23 13 13 13
1 1 2 1 3 4 3 4 3 4 5 5 5 6 25 6 6 6 25 23 23 23 13 13 13
1 1 2 1 3 4 3 4 3 4 5 5 5 6 25 6 23 23 23 13 13 13
2 1 1 1 5 5 5 3 4 3 4 3 4 6 6 25 6 6 25 6 6 25 6 6 25 23 23 23 13 13 13
2 1 1 1 5 5 5 3 4 3 4 3 4 25 6 25 6 25 6 23 23 23 13 13 13
2 1 1 1 5 5 5 3 4 3 4 3 4 23 23 23 13 13 13
1 1 1 2 3 4 3 4 3 4 5 5 5 23 23 23 13 13 13
1 1 2 1 3 4 3 4 3 4 5 5 5 23 23 23 13 13 13
1 2 1 1 3 4 3 4 3 4 5 5 5
2 1 1 1 5 5 5 3 4 3 4 3 4 6 25 6 6 6 25 6 25 6 23 23 23 13 13 13
1 2 1 1 3 4 3 4 3 4 5 5 5
1 1 1 2 3 4 3 4 3 4 5 5 5 23 23 23 13 13 13
1 1 2 1 3 4 3 4 5 3 4 5 5 23 23 23 13 13 13
1 1 1 2 3 4 3 4 3 4 5 5 5 23 23 23 13 13 13
1 1 1 2 3 4 3 4 3 4 5 5 5
2 1 1 1 5 5 3 4 3 4 3 4 5 25 25 25 6 9 9 23 23 23 13 13 13
2 1 1 1 3 4 3 4 3 4 5 5 5 23 23 23 13 13 13
2 1 1 1 5 5 5 3 4 3 4 3 4 23 23 23 13 13 13
2 1 1 1 5 5 5 3 4 3 4 3 4 23 23 23 13 13 13
2 1 1 1 5 5 5 3 4 3 4 3 4 23 23 23 13 13 13
1 1 1 2 3 4 3 4 5 5 5 3 4 23 23 23 13 13 13
1 2 1 1 3 4 5 3 4 3 4 5 5
1 1 1 2 3 4 3 4 3 4 5 5 5 25 6 6 25 6 6 23 23 23 13 13 13
1 1 1 2 3 4 3 4 3 4 5 5 5 23 23 23 13 13 13
1 1 1 2 3 4 3 4 3 4 5 5 5 6 6 25 6 6 25 23 23 23 13 13 13
1 1 1 2 3 4 3 4 3 4 5 5 5 23 23 23 13 13 13
2 1 1 1 5 5 5 3 4 3 3 4 4 6 6 25 6 6 25 6 25 6 6 6 25 23 23 23 13 13 13
1 2 1 1 3 4 3 4 3 4 5 5 5
1 2 1 1 3 4 3 4 5 5 3 4 5
1 2 1 1 3 4 3 4 3 4 5 5 5 9 25 25 6 9 23 23 23 13 13 13
2 1 1 1 3 4 3 4 3 4 5 5 5 23 23 23 13 13 13
1 1 1 2 3 4 3 4 3 4 5 5 5
1 1 1 2 3 4 3 4 3 4 5 5 5 6 6 25 6 6 25 23 23 23 13 13 13
1 1 2 1 3 4 3 3 4 4 5 5 5 23 23 23 13 13 13
2 1 1 1 5 5 5 3 4 3 4 3 4 23 23 23 13 13 13
2 1 1 1 3 4 3 4 3 4 5 5 5 23 23 23 13 13 13
1 1 1 2 3 4 3 4 3 4 5 5 5 23 23 23 13 13 13
1 1 1 2 3 4 5 3 4 3 4 5 5 23 23 23 13 13 13
1 2 1 1 3 4 3 4 3 4 5 5 5 23 23 23 13 13 13
1 1 2 1 3 4 3 4 3 4 5 5 5 23 23 23 13 13 13
1 2 1 1 3 4 3 4 3 4 5 5 5
1 1 1 2 3 4 3 4 5 5 4 3 5
1 2 1 1 3 4 3 4 3 4 5 5 5
2 1 1 1 5 5 5 3 4 3 4 3 4 25 6 25 6 25 6 25 23 23 23 13 13 13
1 1 1 2 3 4 3 4 5 5 3 4 5 23 23 23 13 13 13
1 2 1 1 3 4 3 4 3 4 5 5 5 23 23 23 13 13 13
2 1 1 1 3 4 3 4 3 4 5 5 5
1 1 1 2 3 4 3 4 3 4 5 5 5 23 23 23 13 13 13
2 1 1 1 3 4 3 4 3 4 5 5 5 23 23 23 13 13 13
1 1 2 1 3 4 5 3 4 3 4 5 5 6 25 6 6 25 23 23 23 13 13 13
1 1 1 2 3 4 3 4 5 3 4 5 5 25 25 6 9 23 23 23 13 13 13
1 1 1 2 3 4 3 4 3 4 5 5 5 23 23 23 13 13 13
1 1 1 2 3 4 3 4 3 4 5 5 5
1 2 1 1 3 4 3 4 3 4 5 5 5 6 9 23 23 23 13 13 13
2 1 1 1 5 5 5 3 4 3 4 3 4 9 23 23 23 13 13 13
1 2 1 1 3 4 5 3 4 3 4 5 5
1 2 1 1 3 4 3 3 4 4 5 5 5 25 6 25 23 23 23 13 13 13
1 1 2 1 3 4 3 4 3 4 5 5 5 23 23 23 13 13 13
1 1 1 2 3 4 5 3 4 3 4 5 5
1 1 1 2 3 4 3 4 3 4 5 5 5 9 23 23 23 13 13 13
1 2 1 1 3 4 3 4 3 4 5 5 5
1 2 1 1 3 4 5 3 4 3 4 5 5 23 23 23 13 13 13
2 1 1 1 3 4 3 4 5 5 5 3 4 6 6 6 6 6 6 23 23 23 13 13 13
1 2 1 1 3 4 3 4 3 4 5 5 5 23 23 23 13 13 13
2 1 1 1 3 4 3 4 3 4 5 5 5 23 23 23 13 13 13
1 1 1 2 3 4 3 4 3 4 5 5 5 23 23 23 13 13 13
1 1 1 2 3 4 3 4 3 4 5 5 5 23 23 23 13 13 13
1 1 2 1 3 4 3 4 3 4 5 5 5 23 23 23 13 13 13
2 1 1 1 3 4 5 5 5 3 4 3 4 25 6 25 23 23 23 13 13 13
2 1 1 1 5 5 5 3 4 3 4 3 4 6 25 6 6 25 6 6 25 6 25 6 6 23 23 23 13 13 13
1 2 1 1 3 4 3 4 3 4 5 5 5 23 23 23 13 13 13
1 2 1 1 3 4 3 4 3 4 5 5 5
2 1 1 1 5 5 5 3 4 3 4 3 4 9 25 25 6 9 9 23 23 23 13 13 13
1 2 1 1 3 4 3 4 3 4 5 5 5 9 23 23 23 13 13 13
1 1 1 2 3 4 3 4 3 4 5 5 5 23 23 23 13 13 13
1 1 1 2 3 4 3 4 3 4 5 5 5 23 23 23 13 13 13
1 1 2 1 3 4 3 4 3 4 5 5 5 23 23 23 13 13 13
1 2 1 1 3 4 3 4 5 3 4 5 5 23 23 23 13 13 13
1 1 1 2 3 4 3 4 3 4 5 5 5 23 23 23 13 13 13
1 1 2 1 3 4 3 4 3 4 5 5 5 23 23 23 13 13 13
1 2 1 1 3 4 3 4 3 4 5 5 5 23 23 23 13 13 13
2 1 1 1 5 5 5 3 4 3 4 3 4 6 6 6 6 6 6 6 6 23 23 23 13 13 13
1 1 1 2 3 4 3 4 3 4 5 5 5
1 1 1 2 3 4 5 3 4 3 4 5 5 23 23 23 13 13 13
1 2 1 1 3 4 5 3 4 3 4 5 5 23 23 23 13 13 13
1 1 1 2 3 4 3 4 3 4 5 5 5
1 1 2 1 3 4 3 4 5 5 3 4 5 23 23 23 13 13 13
2 1 1 1 5 3 4 3 4 5 5 3 4 25 6 6 6 6 25 25 6 6 23 23 23 13 13 13
2 1 1 1 5 5 5 3 4 3 4 3 4 25 6 25 9 9 9 23 23 23 13 13 13
2 1 1 1 5 5 5 3 4 3 4 3 4 6 6 25 6 6 25 6 6 25 23 23 23 13 13 13
1 1 2 1 3 4 3 4 5 3 4 5 5 23 23 23 13 13 13
2 1 1 1 5 3 4 5 5 3 4 3 4 9 23 23 23 13 13 13
1 1 2 1 3 4 3 4 3 4 5 5 5 9 23 23 23 13 13 13
1 1 1 2 3 4 3 4 3 4 5 5 5 23 23 23 13 13 13
2 1 1 1 3 4 5 3 4 3 4 5 5 25 25 6 9 9 23 23 23 13 13 13
1 1 1 2 3 4 3 4 3 4 5 5 5 23 23 23 13 13 13
2 1 1 1 3 4 3 4 3 4 5 5 5
1 2 1 1 3 4 3 4 3 4 5 5 5 23 23 23 13 13 13
1 2 1 1 3 4 3 4 3 4 5 5 5
2 1 1 1 5 5 5 3 4 3 4 3 4 6 25 6 25 6 6 25 6 6 23 23 23 13 13 13
1 2 1 1 3 4 3 4 3 4 5 5 5 23 23 23 13 13 13
1 2 1 1 3 4 3 4 3 4 5 5 5 6 6 6 6 23 23 23 13 13 13
1 1 1 2 3 4 3 4 3 4 5 5 5 9 23 23 23 13 13 13
1 2 1 1 3 4 3 4 3 4 5 5 5
2 1 1 1 5 3 4 3 4 3 4 5 5 25 25 6 9 9 23 23 23 13 13 13
2 1 1 1 5 5 5 3 4 3 3 4 4 23 23 23 13 13 13
1 1 1 2 3 4 3 4 3 4 5 5 5
1 2 1 1 3 4 3 4 3 4 5 5 5 9 25 6 25 23 23 23 13 13 13
1 1 1 2 3 4 3 4 5 5 3 4 5 23 23 23 13 13 13
2 1 1 1 5 5 5 3 4 3 4 3 4 23 23 23 13 13 13
1 2 1 1 3 4 3 4 3 4 5 5 5 23 23 23 13 13 13
2 1 1 1 3 4 3 4 5 5 5 3 4 23 23 23 13 13 13
1 1 1 2 3 4 3 4 3 4 5 5 5 23 23 23 13 13 13
1 1 1 2 3 4 3 4 3 4 5 5 5 23 23 23 13 13 13
1 1 1 2 3 4 3 4 5 5 3 4 5 23 23 23 13 13 13
1 2 1 1 3 4 3 4 3 4 5 5 5 23 23 23 13 13 13
1 1 2 1 3 4 3 4 3 4 5 5 5 23 23 23 13 13 13
1 1 2 1 3 4 3 4 3 4 5 5 5
1 1 1 2 3 4 3 4 3 4 5 5 5
1 1 2 1 3 4 3 4 3 4 5 5 5 23 23 23 13 13 13
2 1 1 1 5 3 4 5 5 3 4 3 4 9 6 25 6 6 25 6 25 6 6 6 25 6 23 23 23 13 13 13
1 1 1 2 3 4 3 4 3 4 5 5 5 6 6 25 6 6 25 23 23 23 13 13 13
1 1 2 1 3 4 3 4 5 5 3 4 5 8 7 1 4 6 5 5 13
2 1 1 1 3 4 3 4 5 5 3 4 5 23 23 23 13 13 13
1 2 1 1 3 4 3 4 3 4 5 5 5
1 1 1 2 3 4 3 4 3 4 5 5 5 23 23 23 13 13 13
1 2 1 1 5 3 4 3 4 3 4 5 5 23 23 23 13 13 13
1 2 1 1 3 4 3 4 3 4 5 5 5 23 23 23 13 13 13
1 1 1 2 3 4 3 4 5 5 5 3 4 23 23 23 13 13 13
1 1 1 2 3 4 3 4 3 4 5 5 5 23 23 23 13 13 13
1 1 1 2 3 4 3 4 3 4 5 5 5 23 23 23 13 13 13
2 1 1 1 3 4 3 4 5 5 3 4 5 23 23 23 13 13 13
1 2 1 1 3 4 3 4 3 4 5 5 5 23 23 23 13 13 13
1 1 1 2 3 4 3 4 5 5 3 4 5
1 2 1 1 3 4 3 4 3 4 5 5 5 23 23 23 13 13 13
2 1 1 1 5 5 5 3 4 3 4 3 4 6 25 6 6 6 25 6 6 25 6 6 25 23 23 23 13 13 13
1 2 1 1 3 4 3 4 3 4 5 5 5 23 23 23 13 13 13
1 2 1 1 3 4 3 4 3 4 5 5 5 23 23 23 13 13 13
1 2 1 1 3 4 3 4 3 4 5 5 5 23 23 23 13 13 13
2 1 1 1 5 5 5 3 4 3 4 3 4 23 23 23 13 13 13
1 1 2 1 3 4 3 4 3 4 5 5 5 23 23 23 13 13 13
1 1 2 1 4 4 3 4 5 5 5 3 3 23 23 23 13 13 13
1 1 1 2 3 4 3 4 5 5 3 4 5 23 23 23 13 13 13
1 1 1 2 3 4 3 4 3 4 5 5 5 23 23 23 13 13 13
1 2 1 1 3 4 3 4 3 4 5 5 5 23 23 23 13 13 13
2 1 1 1 5 5 5 3 4 3 4 3 4 23 23 23 13 13 13
1 2 1 1 3 4 3 4 3 4 5 5 5 23 23 23 13 13 13
1 1 1 2 3 4 3 4 3 4 5 5 5 6 6 25 6 6 25 23 23 23 13 13 13
1 1 1 2 3 4 3 4 3 4 5 5 5 6 25 6 9 6 25 6 23 23 23 13 13 13
1 2 1 1 3 4 3 4 3 4 5 5 5 23 23 23 13 13 13
1 1 1 2 3 4 3 4 3 4 5 5 5 23 23 23 13 13 13
2 1 1 1 5 5 5 3 4 3 4 3 4 23 23 23 13 13 13
1 2 1 1 3 4 3 4 3 4 5 5 5 23 23 23 13 13 13
1 2 1 1 3 4 3 4 3 4 5 5 5 23 23 23 13 13 13
2 1 1 1 3 4 3 4 3 4 5 5 5 23 23 23 13 13 13
1 1 2 1 3 4 3 4 3 4 5 5 5 23 23 23 13 13 13
1 1 2 1 3 4 3 4 3 4 5 5 5
1 1 1 2 3 4 3 4 3 4 5 5 5 23 23 23 13 13 13
2 1 1 1 5 5 3 4 3 4 3 4 5 25 6 25 9 9 9 23 23 23 13 13 13
2 1 1 1 3 4 3 4 3 4 5 5 5 6 25 6 25 6 23 23 23 13 13 13
2 1 1 1 5 5 5 3 4 3 4 3 4 25 25 6 23 23 23 13 13 13
1 1 1 2 3 4 3 4 3 4 5 5 5 23 23 23 13 13 13
2 1 1 1 3 4 3 4 3 4 5 5 5 23 23 23 13 13 13
1 1 2 1 3 4 3 4 5 5 3 4 5 23 23 23 13 13 13
1 1 1 2 3 4 3 4 3 4 5 5 5 23 23 23 13 13 13
2 1 1 1 5 3 4 3 4 3 4 5 5 23 23 23 13 13 13
1 2 1 1 3 4 3 4 5 5 3 4 5 6 25 6 6 6 25 23 23 23 13 13 13
1 2 1 1 3 4 3 4 5 5 3 4 5
1 2 1 1 3 4 3 4 3 4 5 5 5
2 1 1 1 3 4 5 3 4 3 4 5 5 23 23 23 13 13 13
1 2 1 1 3 4 3 4 3 4 5 5 5 23 23 23 13 13 13
1 1 2 1 3 4 3 4 3 4 5 5 5 23 23 23 13 13 13
1 2 1 1 3 4 3 4 3 4 5 5 5 23 23 23 13 13 13
2 1 1 1 5 5 5 3 4 3 4 3 4 6 6 25 6 25 6 6 25 6 25 6 6 23 23 23 13 13 13
1 1 2 1 3 4 3 4 3 4 5 5 5 23 23 23 13 13 13
1 1 2 1 3 4 3 4 3 4 5 5 5 23 23 23 13 13 13
1 1 1 2 3 4 3 4 5 5 3 4 5 23 23 23 13 13 13
1 1 1 2 3 4 5 3 4 3 4 5 5 23 23 23 13 13 13
1 2 1 1 3 4 3 4 3 4 5 5 5 23 23 23 13 13 13
1 2 1 1 3 4 3 4 3 4 5 5 5 6 6 25 6 6 25 23 23 23 13 13 13
1 2 1 1 3 4 3 4 3 4 5 5 5 23 23 23 13 13 13
2 1 1 1 5 5 5 3 4 3 4 3 4 25 25 6 9 9 23 23 23 13 13 13
1 1 1 2 3 4 3 4 3 4 5 5 5
1 2 1 1 3 4 3 4 3 4 5 5 5 25 6 25 23 23 23 13 13 13
2 1 1 1 5 5 5 3 4 3 4 3 4 23 23 23 13 13 13
1 1 1 2 3 4 3 4 3 4 5 5 5 6 6 6 6 23 23 23 13 13 13
1 1 1 2 3 4 3 4 3 4 5 5 5 23 23 23 13 13 13
1 1 2 1 3 4 3 4 3 4 5 5 5 23 23 23 13 13 13
1 1 1 2 3 4 3 4 3 4 5 5 5 23 23 23 13 13 13
1 1 1 2 3 4 3 4 5 5 5 3 4 6 6 25 6 25 6 23 23 23 13 13 13
1 1 2 1 3 4 3 4 3 4 5 5 5 23 23 23 13 13 13
1 2 1 1 3 4 3 4 3 4 5 5 5 23 23 23 13 13 13
1 2 1 1 3 4 3 4 3 4 5 5 5 9
1 1 2 1 3 3 4 4 3 4 5 5 5 23 23 23 13 13 13
2 1 1 1 5 5 5 3 4 3 4 3 4 9 9 25 6 25 9 23 23 23 13 13 13
1 1 1 2 3 4 3 4 3 4 5 5 5
1 2 1 1 3 4 3 4 3 4 5 5 5 23 23 23 13 13 13
1 1 1 2 3 4 3 4 3 4 5 5 5 23 23 23 13 13 13
2 1 1 1 5 5 5 3 4 3 4 3 4 23 23 23 13 13 13
2 1 1 1 5 5 5 3 4 3 4 3 4 6 23 23 23 13 13 13
2 1 1 1 5 5 5 3 4 3 4 3 4 6 25 6 6 6 25 6 6 25 23 23 23 13 13 13
2 1 1 1 5 5 5 3 4 3 4 3 4 23 23 23 13 13 13
2 1 1 1 5 5 5 3 4 3 4 3 4 23 23 23 13 13 13
1 1 1 2 3 4 3 4 3 4 5 5 5 25 6 25 9 23 23 23 13 13 13
1 2 1 1 3 4 3 4 5 5 3 4 5 9
2 1 1 1 5 5 5 3 4 3 4 3 4 9 23 23 23 13 13 13
2 1 1 1 5 5 5 3 4 3 4 3 4 9 23 23 23 13 13 13
1 1 2 1 3 4 3 4 3 4 5 5 5
1 1 1 2 3 4 3 4 3 4 5 5 5 23 23 23 13 13 13
1 1 1 2 3 4 3 4 3 4 5 5 5 23 23 23 13 13 13
1 1 1 2 3 4 3 4 3 4 5 5 5 23 23 23 13 13 13
1 1 2 1 3 4 3 4 3 4 5 5 5 23 23 23 13 13 13
1 1 1 2 3 4 3 4 3 4 5 5 5 25 6 25 23 23 23 13 13 13
1 2 1 1 3 4 5 3 4 3 4 5 5 23 23 23 13 13 13
1 2 1 1 3 4 3 4 5 5 5 3 4 9
1 1 2 1 3 4 3 4 5 5 3 4 5 9
1 1 2 1 3 4 3 4 3 4 5 5 5
1 1 1 2 3 4 3 4 3 4 5 5 5 9 23 23 23 13 13 13
1 2 1 1 3 4 3 4 5 3 4 5 5 9
1 1 1 2 3 4 5 3 4 3 4 5 5 23 23 23 13 13 13
1 2 1 1 3 4 3 4 5 5 5 3 4 23 23 23 13 13 13
1 1 2 1 3 4 3 4 5 5 3 4 5
2 1 1 1 5 5 5 3 4 3 4 3 4 9 23 23 23 13 13 13
1 1 1 2 3 4 3 4 3 4 5 5 5 6 23 23 23 13 13 13
1 2 1 1 3 4 5 5 3 4 3 4 5
1 1 1 2 3 4 3 4 3 4 5 5 5 23 23 23 13 13 13
1 1 1 2 3 4 3 4 5 5 3 4 5 23 23 23 13 13 13
2 1 1 1 5 5 5 3 4 3 4 3 4 23 23 23 13 13 13
1 2 1 1 5 5 5 3 4 3 4 3 4 23 23 23 13 13 13
1 2 1 1 3 4 5 5 3 4 3 4 5 25 6 9 23 23 23 13 13 13
1 1 1 2 3 4 3 4 3 4 5 5 5
2 1 1 1 5 5 5 3 4 3 4 3 4 9 23 23 23 13 13 13
1 2 1 1 3 4 3 4 3 4 5 5 5
1 2 1 1 3 4 5 5 3 4 3 4 5
1 1 1 2 3 4 3 4 3 4 5 5 5 23 23 23 13 13 13
1 1 1 2 3 4 3 4 3 4 5 5 5 23 23 23 13 13 13
1 1 1 2 3 4 3 4 3 4 5 5 5 23 23 23 13 13 13
1 1 2 1 3 4 3 4 3 4 5 5 5 23 23 23 13 13 13
1 1 1 2 3 4 3 4 3 4 5 5 5 23 23 23 13 13 13
1 2 1 1 3 4 3 4 3 4 5 5 5 23 23 23 13 13 13
2 1 1 1 5 5 5 3 4 3 4 3 4 9 25 25 6 9 9 23 23 23 13 13 13
1 1 2 1 3 4 3 4 3 4 5 5 5
1 2 1 1 3 4 3 4 3 4 5 5 5 23 23 23 13 13 13
1 2 1 1 3 4 5 3 4 3 4 5 5 6 6 25 9 23 23 23 13 13 13
2 1 1 1 5 4 5 5 3 3 4 3 4 23 23 23 13 13 13
1 1 2 1 3 4 5 3 4 3 4 5 5 25 25 6 9 9 9 23 23 23 13 13 13
2 1 1 1 5 5 5 3 4 3 4 3 4 6 6 25 6 6 25 6 6 25 23 23 23 13 13 13
1 1 1 2 3 4 3 4 3 4 5 5 5 23 23 23 13 13 13
2 1 1 1 5 5 5 3 4 3 4 3 4 25 6 6 6 25 6 6 6 25 6 6 6 6 25 23 23 23 13 13 13
1 2 1 1 3 4 3 4 3 4 5 5 5
2 1 1 1 3 4 5 5 5 3 4 3 4 6 6 25 6 6 25 6 6 25 6 6 25 23 23 23 13 13 13
1 1 1 2 3 4 3 4 3 4 5 5 5
1 2 1 1 3 4 3 4 3 4 5 5 5 25 6 25 23 23 23 13 13 13
1 1 1 2 3 4 4 5 5 3 4 3 5 9
1 1 1 2 3 4 3 4 3 4 5 5 5 23 23 23 13 13 13
2 1 1 1 5 5 5 3 4 3 4 3 4 6 6 25 6 6 25 9 6 6 25 6 6 25 23 23 23 13 13 13
1 2 1 1 3 4 3 4 3 4 5 5 5
1 1 1 2 3 4 3 4 3 4 5 5 5 23 23 23 13 13 13
1 1 2 1 3 4 3 4 3 4 5 5 5 6 6 25 6 6 25 23 23 23 13 13 13
1 2 1 1 3 4 3 4 3 4 5 5 5 23 23 23 13 13 13
1 1 1 2 3 4 5 3 4 3 4 5 5
2 1 1 1 3 4 5 5 5 3 4 3 4 25 6 25 23 23 23 13 13 13
1 1 1 2 3 4 3 4 3 4 5 5 5 23 23 23 13 13 13
1 1 2 1 3 4 3 4 3 4 5 5 5 23 23 23 13 13 13
1 1 1 2 3 4 3 4 3 4 5 5 5 6 6 25 6 6 25 23 23 23 13 13 13
1 1 2 1 3 4 3 4 5 5 3 4 5 6 6 25 6 6 25 23 23 23 13 13 13
1 1 1 2 3 4 3 4 3 4 5 5 5 23 23 23 13 13 13
1 1 1 2 3 4 3 4 5 3 4 5 5 9
1 1 1 2 5 3 4 3 4 5 3 4 5 23 23 23 13 13 13
1 1 1 2 3 4 3 4 3 4 5 5 5 23 23 23 13 13 13
1 2 1 1 3 4 3 4 3 4 5 5 5
1 2 1 1 3 4 3 4 3 4 5 5 5
2 1 1 1 5 5 5 3 4 3 4 3 4 9 25 6 25 23 23 23 13 13 13
1 1 1 2 3 4 5 3 4 3 4 5 5 23 23 23 13 13 13
1 1 1 2 3 4 3 4 3 4 5 5 5 23 23 23 13 13 13
1 1 2 1 3 4 3 4 3 4 5 5 5 23 23 23 13 13 13
1 1 1 2 3 4 3 4 3 4 5 5 5 23 23 23 13 13 13
1 1 1 2 3 4 5 3 4 3 4 5 5
2 1 1 1 5 5 3 4 3 4 3 4 5 25 6 25 23 23 23 13 13 13
1 2 1 1 3 4 3 4 3 4 5 5 5 23 23 23 13 13 13
1 2 1 1 3 4 3 4 3 4 5 5 5
1 1 1 2 3 4 3 4 3 4 5 5 5 23 23 23 13 13 13
1 1 1 2 3 4 3 4 3 4 5 5 5 23 23 23 13 13 13
1 1 1 2 3 4 3 4 3 4 5 5 5 23 23 23 13 13 13
1 1 2 1 3 4 3 4 3 4 5 5 5 23 23 23 13 13 13
2 1 1 1 4 3 3 4 3 4 5 5 5 23 23 23 13 13 13
1 1 1 2 3 4 3 4 3 4 5 5 5
2 1 1 1 5 5 5 3 4 3 4 3 4 23 23 23 13 13 13
2 1 1 1 3 4 3 4 5 5 5 3 4
1 2 1 1 3 4 3 4 3 4 5 5 5
1 1 1 2 3 4 3 4 5 3 4 5 5
1 1 1 2 3 4 3 4 3 4 5 5 5 9
1 2 1 1 3 4 3 4 3 4 5 5 5 23 23 23 13 13 13
1 2 1 1 3 4 3 4 3 4 5 5 5 23 23 23 13 13 13
1 1 2 1 3 4 3 4 5 5 3 4 5 25 6 6 6 25 6 23 23 23 13 13 13
1 1 1 2 5 3 4 3 4 5 5 3 4 25 6 25 9 9 9 23 23 23 13 13 13
1 1 1 2 3 4 3 4 5 3 4 5 5 23 23 23 13 13 13
2 1 1 1 3 4 3 4 3 4 5 5 5 23 23 23 13 13 13
2 1 1 1 5 5 5 3 4 3 4 3 4 9 9 23 23 23 13 13 13
1 2 1 1 3 4 5 3 4 3 4 5 5 23 23 23 13 13 13
2 1 1 1 5 5 3 4 3 4 3 4 5 9 25 25 6 9 9 23 23 23 13 13 13
1 1 1 2 3 4 3 4 3 4 5 5 5 23 23 23 13 13 13
2 1 1 1 3 4 5 5 3 4 3 4 5 25 25 25 25 25 25 25 25 6 25 25 25 25 25 25 25 23 23 23 13 13 13
1 1 2 1 3 4 3 4 3 4 5 5 5 25 6 25 23 23 23 13 13 13
1 1 2 1 3 4 3 4 3 4 5 5 5 9
1 1 2 1 3 4 3 4 3 4 5 5 5
1 1 1 2 3 4 3 4 3 4 5 5 5 23 23 23 13 13 13
1 1 2 1 3 4 3 4 3 4 5 5 5 23 23 23 13 13 13
1 1 2 1 3 4 3 4 3 4 5 5 5 23 23 23 13 13 13
2 1 1 1 3 4 3 4 3 4 5 5 5 8 7 1 4 6 5 5 13
1 2 1 1 3 4 3 4 3 4 5 5 5
1 1 1 2 3 4 3 4 3 4 5 5 5 6 6 25 23 23 23 13 13 13
1 1 2 1 3 4 3 4 3 4 5 5 5 23 23 23 13 13 13
2 1 1 1 5 5 5 3 4 3 4 3 4 25 6 25 9 23 23 23 13 13 13
1 2 1 1 3 4 3 4 3 4 5 5 5 23 23 23 13 13 13
2 1 1 1 3 4 3 4 3 4 5 5 5 9 6 6 25 6 6 25 23 23 23 13 13 13
1 1 1 2 3 4 3 4 5 5 3 4 5 23 23 23 13 13 13
1 1 1 2 3 4 3 4 3 4 5 5 5 23 23 23 13 13 13
1 1 2 1 3 4 3 4 3 4 5 5 5
2 1 1 1 5 5 5 3 4 3 4 3 4 9 23 23 23 13 13 13
1 1 1 2 3 4 3 4 3 4 5 5 5 23 23 23 13 13 13
1 2 1 1 3 4 3 4 3 4 5 5 5 23 23 23 13 13 13
2 1 1 1 3 4 5 5 3 4 3 4 5 6 6 25 6 6 25 6 6 25 25 6 6 23 23 23 13 13 13
1 1 2 1 3 4 3 4 3 4 5 5 5 23 23 23 13 13 13
2 1 1 1 5 5 5 3 4 3 4 3 4 25 6 25 9 23 23 23 13 13 13
1 1 2 1 3 4 3 4 3 4 5 5 5 23 23 23 13 13 13
1 2 1 1 3 4 3 4 5 5 5 3 4 25 6 25 23 23 23 13 13 13
2 1 1 1 3 4 3 4 3 4 5 5 5 23 23 23 13 13 13
1 1 2 1 3 4 5 5 3 4 3 4 5 23 23 23 13 13 13
1 1 2 1 3 4 3 4 3 4 5 5 5
1 1 1 2 3 4 3 4 3 4 5 5 5
2 1 1 1 5 3 4 5 5 3 4 3 4 25 6 6 6 25 6 25 6 6 23 23 23 13 13 13
1 2 1 1 3 4 3 4 3 4 5 5 5 6 25 6 25 6 6 23 23 23 13 13 13
1 1 2 1 3 4 3 4 3 4 5 5 5 9 9 9 25 25 25 25 25 25 25 25 25 25 25 25 25 25 25 6 23 23 23 13 13 13
1 1 2 1 3 3 4 4 5 5 3 4 5 6 6 25 6 6 25 23 23 23 13 13 13
1 1 1 2 3 4 5 3 4 3 4 5 5
2 1 1 1 5 5 3 4 3 4 5 3 4 9 6 25 6 6 25 6 6 25 6 25 6 6 23 23 23 13 13 13
2 1 1 1 3 4 3 4 3 4 5 5 5 25 6 25 23 23 23 13 13 13
1 1 1 2 3 4 3 4 3 4 5 5 5 23 23 23 13 13 13
1 1 2 1 3 4 5 3 4 3 4 5 5 23 23 23 13 13 13
1 1 2 1 4 3 4 3 4 5 5 5 3
1 1 1 2 3 4 3 4 3 4 5 5 5 23 23 23 13 13 13
1 2 1 1 3 4 3 4 3 4 5 5 5 23 23 23 13 13 13
1 2 1 1 3 4 3 4 3 4 5 5 5
1 2 1 1 3 4 3 4 3 4 5 5 5 23 23 23 13 13 13
1 1 1 2 3 4 3 4 3 4 5 5 5 23 23 23 13 13 13
1 2 1 1 3 4 3 4 3 4 5 5 5 23 23 23 13 13 13
1 2 1 1 3 4 3 4 3 4 5 5 5 23 23 23 13 13 13
2 1 1 1 3 4 3 4 3 4 5 5 5 23 23 23 13 13 13
2 1 1 1 3 4 3 4 3 4 5 5 5 23 23 23 13 13 13
1 1 2 1 3 4 3 4 3 4 5 5 5 25 6 6 25 23 23 23 13 6 13 13
2 1 1 1 5 5 5 3 4 3 4 3 4 9 6 6 25 6 25 6 6 25 6 6 6 25 23 23 23 13 13 13
1 1 1 2 3 4 3 4 3 4 5 5 5 23 23 23 13 13 13
2 1 1 1 5 5 5 3 4 3 4 3 4 6 25 6 6 25 6 25 6 6 6 25 23 23 23 13 13 13
1 1 1 2 3 4 3 4 3 4 5 5 5 23 23 23 13 13 13
1 1 2 1 3 4 3 4 3 4 5 5 5 23 23 23 13 13 13
1 1 2 1 3 4 3 4 3 4 5 5 5 23 23 23 13 13 13
1 1 1 2 3 4 3 4 3 4 5 5 5 23 23 23 13 13 13
1 2 1 1 3 4 3 4 4 5 5 3 5 6 25 6 6 6 25 23 23 23 13 13 13
1 1 2 1 3 4 3 4 3 4 5 5 5 23 23 23 13 13 13
1 2 1 1 3 4 3 4 5 5 5 3 4
1 2 1 1 3 4 3 4 3 4 5 5 5 6 6 25 23 23 23 13 13 13
1 1 2 1 3 4 5 3 4 3 4 5 5
2 1 1 1 3 4 5 5 3 4 3 4 5
2 1 1 1 5 5 5 3 4 3 4 3 4 6 6 25 6 6 25 25 6 6 6 25 6 23 23 23 13 13 13
2 1 1 1 3 4 3 4 3 4 5 5 5
1 2 1 1 3 4 5 3 4 3 4 5 5 23 23 23 13 13 13
1 1 2 1 3 4 3 4 5 5 3 4 5 25 6 25 23 23 23 13 13 13
1 2 1 1 3 4 3 4 4 5 5 5 3 25 6 6 25 6 6 23 23 23 13 13 13
2 1 1 1 5 5 5 3 4 3 4 3 4 6 6 25 6 25 6 6 6 25 23 23 23 13 13 13
2 1 1 1 3 4 3 4 3 4 5 5 5 23 23 23 13 13 13
1 1 1 2 4 3 4 5 5 3 3 4 5
1 1 2 1 3 4 3 4 3 4 5 5 5 23 23 23 13 13 13
1 1 2 1 3 4 3 4 3 4 5 5 5 23 23 23 13 13 13
1 1 2 1 3 4 3 4 3 4 5 5 5 23 23 23 13 13 13
1 1 2 1 3 4 3 4 3 4 5 5 5 6 6 25 6 6 25 23 23 23 13 13 13
1 1 1 2 3 4 3 4 3 4 5 5 5 23 23 23 13 13 13
1 1 2 1 3 4 3 4 3 4 5 5 5 25 6 25 9 23 23 23 13 13 13
1 1 2 1 3 4 3 4 3 4 5 5 5
2 1 1 1 3 4 5 5 5 3 4 3 4 25 6 25 23 23 23 13 13 13
1 1 1 2 3 4 3 4 3 4 5 5 5 23 23 23 13 13 13
2 1 1 1 3 4 3 4 3 4 5 5 5 25 6 25 9 23 23 23 13 13 13
1 1 2 1 3 4 3 4 3 4 5 5 5 23 23 23 13 13 13
1 1 1 2 4 5 3 3 4 3 4 5 5 23 23 23 13 13 13
1 1 1 2 3 4 5 3 4 3 4 5 5 23 23 23 13 13 13
1 1 1 2 3 4 3 4 3 4 5 5 5
2 1 1 1 5 5 5 3 4 3 4 3 4 23 23 23 13 13 13
1 1 1 2 3 4 3 4 3 4 5 5 5 25 25 6 23 23 23 13 13 13
1 1 1 2 3 4 3 4 3 4 5 5 5 23 23 23 13 13 13
2 1 1 1 5 5 5 3 4 3 4 3 4 23 23 23 13 13 13
1 1 2 1 3 4 3 4 3 4 5 5 5
1 1 1 2 3 4 3 4 3 4 5 5 5 23 23 23 13 13 13
2 1 1 1 3 4 3 4 5 5 5 3 4
1 1 1 2 3 4 3 4 3 4 5 5 5 23 23 23 13 13 13
2 1 1 1 3 4 3 4 3 4 5 5 5
2 1 1 1 5 3 4 5 5 3 4 3 4 25 25 25 25 25 25 25 6 25 25 25 25 25 25 25 25 23 23 23 13 13 13
1 1 1 2 3 4 3 4 3 4 5 5 5 23 23 23 13 13 13
1 1 1 2 3 4 3 4 5 5 5 3 4
1 2 1 1 3 4 3 4 3 4 5 5 5 6 25 6 6 25 6 23 23 23 13 13 13
1 1 2 1 5 5 5 3 4 3 4 3 4 9 23 23 23 13 13 13
1 1 1 2 3 4 3 4 3 4 5 5 5 23 23 23 13 13 13
1 1 2 1 3 4 3 4 3 4 5 5 5
1 1 2 1 3 4 3 4 3 4 5 5 5
2 1 1 1 5 5 3 4 3 4 3 4 5 23 23 23 13 13 13
1 2 1 1 3 4 3 4 3 4 5 5 5 23 23 23 13 13 13
1 1 1 2 3 4 3 4 3 4 5 5 5 23 23 23 13 13 13
1 1 1 2 3 4 3 4 3 4 5 5 5
2 1 1 1 5 5 5 3 4 3 4 3 4 25 25 6 23 23 23 13 13 13
1 1 1 2 3 4 3 4 3 4 5 5 5
2 1 1 1 5 5 5 3 4 3 4 3 4 6 6 6 6 6 6 23 23 23 13 13 13
1 2 1 1 3 4 3 4 3 4 5 5 5 9
1 1 1 2 3 4 3 4 5 5 3 4 5 23 23 23 13 13 13
1 1 2 1 3 4 3 4 3 4 5 5 5 25 6 25 9 23 23 23 13 13 13
1 2 1 1 3 4 3 4 3 4 5 5 5 23 23 23 13 13 13
2 1 1 1 5 5 3 4 3 4 3 4 5 6 6 25 6 6 25 6 25 6 23 23 23 13 13 13
1 1 2 1 3 4 3 4 3 4 5 5 5 23 23 23 13 13 13
1 1 1 2 3 4 3 4 3 4 5 5 5 23 23 23 13 13 13
1 1 1 2 3 4 3 4 3 4 5 5 5 9 23 23 23 13 13 13
1 1 1 2 3 4 3 4 3 4 5 5 5 23 23 23 13 13 13
1 1 2 1 3 4 3 4 3 4 5 5 5 23 23 23 13 13 13
1 1 1 2 3 4 5 3 4 3 4 5 5 23 23 23 13 13 13
1 1 1 2 3 4 3 4 3 4 5 5 5 23 23 23 13 13 13
1 1 1 2 3 4 3 4 3 4 5 5 5 23 23 23 13 13 13
1 1 1 2 3 4 3 4 3 4 5 5 5 23 23 23 13 13 13
1 1 1 2 3 4 3 4 3 4 5 5 5 23 23 23 13 13 13
1 1 2 1 3 4 3 4 3 4 5 5 5 23 23 23 13 13 13
1 1 1 2 3 4 3 4 3 4 5 5 5 23 23 23 13 13 13
1 1 2 1 3 4 3 4 3 4 5 5 5 6 25 6 6 25 6 23 23 23 13 13 13
1 1 1 2 3 4 3 4 3 4 5 5 5
1 1 1 2 3 4 3 4 3 4 5 5 5 23 23 23 13 13 13
1 1 1 2 3 4 3 4 3 4 5 5 5 23 23 23 13 13 13
1 1 1 2 3 4 3 4 3 4 5 5 5 23 23 23 13 13 13
2 1 1 1 3 4 3 4 3 4 5 5 5 23 23 23 13 13 13
2 1 1 1 5 5 5 3 4 3 4 3 4 25 25 6 9 9 23 23 23 13 13 13
2 1 1 1 3 4 3 4 3 4 5 5 5 23 23 23 13 13 13
1 2 1 1 3 4 3 4 3 4 5 5 5 6 25 6 23 23 23 13 13 13
1 1 1 2 3 4 3 4 3 4 5 5 5 23 23 23 13 13 13
1 1 2 1 5 3 3 4 4 3 4 5 5 9 25 25 6 9 9 23 23 23 13 13 13
1 1 2 1 3 4 3 4 3 4 5 5 5
1 2 1 1 3 4 3 4 3 4 5 5 5
1 1 1 2 3 4 3 4 3 4 5 5 5 23 23 23 13 13 13
2 1 1 1 5 5 5 3 4 3 4 3 4 23 23 23 13 13 13
1 1 1 2 3 4 3 4 5 5 3 4 5 8 7 1 6 4 5 5 13
1 1 1 2 3 4 3 4 3 4 5 5 5
1 1 1 2 3 4 3 4 3 4 5 5 5 23 23 23 13 13 13
2 1 1 1 5 5 5 3 4 3 4 3 4 6 6 25 6 25 6 6 25 6 6 25 6 23 23 23 13 13 13
1 2 1 1 3 4 3 4 5 5 3 4 5 23 23 23 13 13 13
1 1 1 2 3 4 3 4 3 4 5 5 5 23 23 23 13 13 13
2 1 1 1 5 5 5 3 4 3 4 3 4 25 6 25 6 25 6 23 23 23 13 13 13
1 1 1 2 3 4 3 4 3 4 5 5 5 23 23 23 13 13 13
1 1 1 2 3 4 3 4 5 5 3 4 5 23 23 23 13 13 13
2 1 1 1 5 5 5 3 4 3 4 3 4 25 6 25 9 9 9 23 23 23 13 13 13
2 1 1 1 5 3 4 5 5 3 4 3 4 6 25 6 6 25 6 6 25 6 6 6 25 23 23 23 13 13 13
1 1 1 2 3 4 3 4 3 4 5 5 5 23 23 23 13 13 13
2 1 1 1 3 4 3 4 3 4 5 5 5 9 9 25 6 25 23 23 23 13 13 13
1 1 1 2 3 4 3 4 5 5 3 4 5
1 2 1 1 3 4 5 3 4 3 4 5 5 23 23 23 13 13 13
1 2 1 1 3 4 3 4 3 4 5 5 5 23 23 23 13 13 13
2 1 1 1 3 4 3 4 3 4 5 5 5 23 23 23 13 13 13
2 1 1 1 5 5 5 3 4 3 4 3 4 6 6 25 6 6 25 6 6 25 6 6 25 23 23 23 13 13 13
2 1 1 1 3 4 3 4 3 4 5 5 5 23 23 23 13 13 13
1 1 1 2 3 4 3 4 3 4 5 5 5 6 25 6 6 6 25 23 23 23 13 13 13
2 1 1 1 5 5 5 3 4 3 4 3 4 23 23 23 13 13 13
2 1 1 1 5 5 5 3 4 3 4 3 4 25 6 25 9 9 9 23 23 23 13 13 13
1 1 2 1 3 4 3 4 3 4 5 5 5 23 23 23 13 13 13
1 1 1 2 3 4 3 4 5 3 4 5 5 23 23 23 13 13 13
1 2 1 1 5 3 4 3 4 3 4 5 5 23 23 23 13 13 13
1 1 1 2 3 4 3 4 3 4 5 5 5 9 9 25 6 25 9 23 23 23 13 13 13
1 1 1 2 3 4 3 4 3 4 5 5 5
2 1 1 1 3 4 3 4 3 4 5 5 5 23 23 23 13 13 13
1 1 1 2 3 4 3 4 5 5 3 4 5 23 23 23 13 13 13
2 1 1 1 5 5 5 3 4 3 4 3 4 6 6 25 6 25 6 6 6 25 23 23 23 13 13 13
1 1 1 2 3 4 3 4 3 4 5 5 5
1 1 1 2 3 4 3 4 3 4 5 5 5 23 23 23 13 13 13
1 1 2 1 3 4 3 4 3 4 5 5 5 23 23 23 13 13 13
2 1 1 1 5 5 5 3 3 4 4 3 4 25 6 25 9 9 9 23 23 23 13 13 13
1 1 2 1 3 4 3 4 3 4 5 5 5 9 23 23 23 13 13 13
1 1 1 2 3 4 3 4 3 4 5 5 5 23 23 23 13 13 13
1 2 1 1 3 4 3 4 3 4 5 5 5 23 23 23 13 13 13
2 1 1 1 5 5 5 3 4 3 4 3 4 25 6 25 9 23 23 23 13 13 13
1 1 2 1 3 4 3 4 3 4 5 5 5 23 23 23 13 13 13
1 2 1 1 3 4 3 4 3 4 5 5 5 23 23 23 13 13 13
1 1 2 1 3 4 3 4 3 4 5 5 5
1 1 2 1 3 4 3 4 3 4 5 5 5
1 1 1 2 3 4 3 4 3 4 5 5 5
2 1 1 1 3 4 3 4 3 4 5 5 5 9 6 25 6 9 6 25 6 23 23 23 13 13 13
2 1 1 1 3 4 5 3 4 3 4 5 5 23 23 23 13 13 13
1 2 1 1 3 4 3 4 3 4 5 5 5
2 1 1 1 3 4 3 4 3 4 5 5 5 23 23 23 13 13 13
1 1 1 2 3 4 3 4 3 4 5 5 5 23 23 23 13 13 13
2 1 1 1 5 5 5 3 4 3 4 3 4 23 23 23 13 13 13
1 2 1 1 3 4 5 3 4 3 4 5 5 23 23 23 13 13 13
1 1 1 2 3 4 3 4 3 4 5 5 5 23 23 23 13 13 13
1 2 1 1 3 4 3 4 5 3 4 5 5 23 23 23 13 13 13
1 2 1 1 3 4 3 4 3 4 5 5 5 23 23 23 13 13 13
1 1 1 2 3 4 3 4 5 5 5 3 4 23 23 23 13 13 13
1 2 1 1 3 4 3 4 5 5 3 4 5 25 25 6 23 23 23 13 13 13
2 1 1 1 3 4 3 4 3 4 5 5 5
1 1 2 1 3 4 3 4 3 4 5 5 5
1 2 1 1 3 4 3 4 3 4 5 5 5 25 25 6 23 23 23 13 13 13
1 2 1 1 3 4 3 4 3 4 5 5 5
1 1 1 2 3 4 3 4 3 4 5 5 5 23 23 23 13 13 13
2 1 1 1 5 3 4 3 4 5 5 3 4 25 6 25 9 9 9 23 23 23 13 13 13
1 1 2 1 3 4 3 4 5 5 5 3 4 6 6 25 6 25 6 23 23 23 13 13 13
1 1 1 2 3 4 3 4 3 4 5 5 5 9
2 1 1 1 3 4 3 4 3 4 5 5 5 23 23 23 13 13 13
1 1 1 2 3 4 3 4 3 4 5 5 5
1 2 1 1 3 4 3 4 3 4 5 5 5
1 1 1 2 3 3 4 4 3 4 5 5 5 23 23 23 13 13 13
2 1 1 1 5 5 5 3 4 3 4 3 4 25 6 25 9 9 23 23 23 13 13 13
1 1 1 2 3 4 5 3 4 3 4 5 5 23 23 23 13 13 13
1 1 1 2 3 4 3 4 3 4 5 5 5 23 23 23 13 13 13
2 1 1 1 3 4 3 4 3 4 5 5 5
1 1 2 1 3 4 5 3 4 3 4 5 5 23 23 23 13 13 13
2 1 1 1 5 5 3 4 3 4 3 4 5 9 25 6 25 9 9 23 23 23 13 13 13
2 1 1 1 4 3 4 3 4 3 5 5 5 23 23 23 13 13 13
1 2 1 1 3 4 3 4 3 4 5 5 5 23 23 23 13 13 13
1 2 1 1 3 4 3 4 3 4 5 5 5 23 23 23 13 13 13
1 1 1 2 3 4 3 4 3 4 5 5 5 23 23 23 13 13 13
1 1 1 2 3 4 5 5 5 3 4 3 4
1 1 1 2 3 4 3 4 5 5 3 4 5
2 1 1 1 5 5 3 4 4 3 4 5 3 6 25 6 6 25 6 6 6 25 25 6 6 23 23 23 13 13 13
1 1 1 2 3 4 3 4 3 4 5 5 5 23 23 23 13 13 13
2 1 1 1 3 4 3 4 5 3 4 5 5 6 6 25 6 6 25 23 23 23 13 13 13
1 1 1 2 3 4 3 4 5 3 4 5 5 23 23 23 13 13 13
1 1 1 2 3 4 3 4 3 4 5 5 5 9 23 23 23 13 13 13
1 2 1 1 3 4 3 4 5 3 4 5 5 25 25 25 25 25 25 25 25 25 25 25 25 25 6 25 25 9 23 23 23 13 13 13
1 2 1 1 3 4 3 4 3 4 5 5 5
1 1 2 1 3 4 3 4 3 4 5 5 5 23 23 23 13 13 13
1 1 1 2 3 4 3 4 3 4 5 5 5 13 23 23 23 13 13
1 1 1 2 3 4 3 4 5 5 3 4 5 6 6 25 6 6 25 23 23 23 13 13 13
1 1 1 2 3 4 3 4 3 4 5 5 5 23 23 23 13 13 13
2 1 1 1 5 3 4 5 5 3 4 3 4 6 25 6 6 25 6 6 6 25 23 23 23 13 13 13
1 1 2 1 3 4 3 4 3 4 5 5 5 23 23 23 13 13 13
1 2 1 1 3 4 3 4 3 4 5 5 5 23 23 23 13 13 13
1 1 1 2 3 4 3 4 3 4 5 5 5
1 1 1 2 3 4 3 4 3 4 5 5 5 23 23 23 13 13 13
1 1 2 1 3 4 3 4 5 5 3 4 5
1 1 1 2 3 4 3 4 3 4 5 5 5 23 23 23 13 13 13
1 2 1 1 3 4 3 4 3 4 5 5 5 23 23 23 13 13 13
2 1 1 1 5 5 5 3 4 3 4 3 4 6 6 25 6 6 25 6 6 25 23 23 23 13 13 13
1 2 1 1 3 4 3 4 3 4 5 5 5 23 23 23 13 13 13
1 2 1 1 3 4 3 4 3 4 5 5 5 23 23 23 13 13 13
1 2 1 1 3 4 3 4 3 4 5 5 5 9
1 2 1 1 3 4 3 4 3 4 5 5 5 23 23 23 13 13 13
1 1 1 2 3 4 3 4 3 4 5 5 5 23 23 23 13 13 13
2 1 1 1 3 4 5 3 4 3 4 5 5
1 1 1 2 3 4 3 4 5 5 3 4 5 23 23 23 13 13 13
1 1 1 2 3 4 3 4 3 4 5 5 5 23 23 23 13 13 13
1 1 2 1 3 4 3 4 3 4 5 5 5 23 23 23 13 13 13
1 1 1 2 3 4 3 4 3 4 5 5 5 23 23 23 13 13 13
2 1 1 1 3 4 3 4 3 4 5 5 5 23 23 23 13 13 13
1 1 2 1 3 4 3 4 3 4 5 5 5 23 23 23 13 13 13
2 1 1 1 5 5 5 3 4 3 4 3 4 6 6 25 6 25 6 6 25 6 6 25 6 23 23 23 13 13 13
1 2 1 1 3 4 3 4 3 4 5 5 5
1 2 1 1 3 4 3 4 3 4 5 5 5 23 23 23 13 13 13
1 2 1 1 3 4 3 4 3 4 5 5 5 23 23 23 13 13 13
1 1 2 1 3 4 3 4 3 4 5 5 5
1 2 1 1 3 4 3 4 3 4 5 5 5 25 25 6 23 23 23 13 13 13
2 1 1 1 5 5 5 3 4 3 4 3 4 25 25 6 9 23 23 23 13 13 13
1 1 1 2 3 4 3 4 3 4 5 5 5 23 23 23 13 13 13
1 1 1 2 3 4 3 4 3 4 5 5 5 23 23 23 13 13 13
2 1 1 1 5 5 5 3 4 3 4 3 4 6 25 6 6 25 6 6 25 6 6 6 25 23 23 23 13 13 13
1 1 1 2 3 4 3 4 3 4 5 5 5 6 6 25 25 6 6 23 23 23 13 13 13
1 1 1 2 3 4 3 4 3 4 5 5 5 23 23 23 13 13 13
2 1 1 1 5 5 3 4 3 4 3 4 5 6 6 25 6 6 25 6 6 25 6 6 25 23 23 23 13 13 13
1 1 1 2 3 4 3 4 3 4 5 5 5
2 1 1 1 5 4 5 5 3 4 3 4 3 25 6 25 9 23 23 23 13 13 13
1 1 1 2 3 4 3 4 3 4 5 5 5 23 23 23 13 13 13
1 1 1 2 3 4 3 4 3 4 5 5 5 23 23 23 13 13 13
1 1 1 2 3 4 3 4 3 4 5 5 5 23 23 23 13 13 13
1 2 1 1 3 4 5 3 4 3 4 5 5 6 6 25 6 25 6 23 23 23 13 13 13
1 1 2 1 3 4 3 4 3 4 5 5 5 23 23 23 13 13 13
1 1 1 2 3 4 3 4 3 4 5 5 5
1 1 1 2 3 4 3 4 5 5 3 4 5 23 23 23 13 13 13
1 1 1 2 3 4 3 4 3 4 5 5 5 23 23 23 13 13 13
1 1 1 2 3 4 3 4 3 4 5 5 5 23 23 23 13 13 13
1 1 1 2 3 4 3 4 3 4 5 5 5 23 23 23 13 13 13
2 1 1 1 5 5 5 3 4 3 4 3 4 25 6 25 9 23 23 23 13 13 13
1 2 1 1 3 4 3 4 3 4 5 5 5 23 23 23 13 13 13
1 2 1 1 3 4 3 4 5 5 3 4 5 23 23 23 13 13 13
1 2 1 1 3 4 3 4 3 4 5 5 5 23 23 23 13 13 13
1 2 1 1 3 4 3 4 3 4 5 5 5 25 6 25 9 9 9 23 23 23 13 13 13
1 1 1 2 3 4 3 4 3 4 5 5 5 23 23 23 13 13 13
1 2 1 1 3 4 3 4 3 4 5 5 5 25 6 25 23 23 23 13 13 13
1 1 1 2 3 4 3 4 5 5 3 4 5 23 23 23 13 13 13
2 1 1 1 5 5 3 4 3 4 5 3 4 9 23 23 23 13 13 13
1 2 1 1 3 4 3 4 3 4 5 5 5 23 23 23 13 13 13
1 2 1 1 5 5 3 4 3 4 3 4 5 23 23 23 13 13 13
1 2 1 1 3 4 3 4 3 4 5 5 5 23 23 23 13 13 13
2 1 1 1 5 5 3 4 3 4 5 3 4 9 25 25 6 23 23 23 13 13 13
1 2 1 1 3 4 3 4 3 4 5 5 5
1 1 1 2 5 3 4 3 4 5 3 4 5 8 7 1 6 4 5 5 13
1 2 1 1 3 4 3 4 3 4 5 5 5 9 23 23 23 13 13 13
1 2 1 1 3 4 3 4 3 4 5 5 5 23 23 23 13 13 13
1 2 1 1 3 4 3 4 3 4 5 5 5 23 23 23 13 13 13
2 1 1 1 3 4 3 4 5 5 5 3 4 23 23 23 13 13 13
1 1 1 2 3 4 3 4 3 4 5 5 5 23 23 23 13 13 13
1 2 1 1 3 4 3 4 3 4 5 5 5 25 6 25 9 23 23 23 13 13 13
1 1 1 2 3 4 3 4 3 4 5 5 5 25 6 25 23 23 23 13 13 13
1 2 1 1 3 4 3 4 3 4 5 5 5 25 25 6 9 23 23 23 13 13 13
1 1 1 2 3 4 3 4 3 4 5 5 5 23 23 23 13 13 13
1 1 1 2 3 4 3 4 3 4 5 5 5 23 23 23 13 13 13
1 1 2 1 3 4 3 4 3 4 5 5 5
1 1 2 1 3 4 3 4 3 4 5 5 5
2 1 1 1 5 5 5 3 4 3 4 3 4 9 23 23 23 13 13 13
2 1 1 1 5 5 5 3 4 3 4 3 4 23 23 23 13 13 13
2 1 1 1 3 4 3 4 3 4 5 5 5 23 23 23 13 13 13
1 2 1 1 3 4 5 3 4 3 4 5 5 23 23 23 13 13 13
2 1 1 1 3 4 5 5 5 3 4 3 4 25 6 25 9 23 23 23 13 13 13
1 2 1 1 3 4 3 4 3 4 5 5 5 23 23 23 13 13 13
1 2 1 1 3 4 5 5 5 3 4 3 4 9 25 25 6 23 23 23 13 13 13
1 1 1 2 3 4 3 4 3 4 5 5 5 23 23 23 13 13 13
1 2 1 1 3 4 3 4 3 4 5 5 5
1 2 1 1 3 4 3 4 5 5 3 4 5 6 6 25 6 6 25 23 23 23 13 13 13
2 1 1 1 5 5 3 4 5 3 4 3 4 25 25 6 9 9 9 23 23 23 13 13 13
1 2 1 1 3 4 3 4 3 4 5 5 5 23 23 23 13 13 13
1 1 1 2 3 4 3 4 3 4 5 5 5 23 23 23 13 13 13
2 1 1 1 3 4 3 4 5 5 3 4 5 6 6 25 6 6 25 23 23 23 13 13 13
1 1 1 2 3 4 3 4 5 3 4 5 5 9
1 2 1 1 3 4 3 4 3 4 5 5 5 23 23 23 13 13 13
1 1 2 1 3 4 3 4 3 4 5 5 5
1 1 1 2 3 4 3 4 3 4 5 5 5 23 23 23 13 13 13
1 1 2 1 3 4 3 4 5 5 3 4 5 23 23 23 13 13 13
2 1 1 1 5 5 5 3 4 3 4 3 4 23 23 23 13 13 13
1 1 1 2 3 4 3 4 3 4 5 5 5 6 25 6 6 6 25 23 23 23 13 13 13
1 1 1 2 3 4 3 4 3 4 5 5 5 25 25 6 9 23 23 23 13 13 13
1 1 2 1 3 4 3 4 5 5 3 4 5 6 25 6 6 6 25 23 23 23 13 13 13
1 1 2 1 3 4 5 3 4 3 4 5 5 6 6 25 6 6 25 23 23 23 13 13 13
1 2 1 1 4 3 3 4 3 4 5 5 5 23 23 23 13 13 13
1 1 1 2 3 4 3 4 3 4 5 5 5
1 1 2 1 3 4 3 4 3 4 5 5 5 23 23 23 13 13 13
1 2 1 1 3 4 4 3 4 3 5 5 5 23 23 23 13 13 13
1 1 1 2 3 4 3 4 3 4 5 5 5
1 1 1 2 3 4 3 4 5 5 5 3 4 6 6 25 23 23 23 13 13 13
1 1 1 2 3 4 3 4 3 4 5 5 5 23 23 23 13 13 13
2 1 1 1 3 4 3 4 3 4 5 5 5 6 23 23 23 13 13 13
1 2 1 1 3 4 3 4 3 4 5 5 5 23 23 23 13 13 13
1 1 1 2 3 4 3 4 3 4 5 5 5 23 23 23 13 13 13
1 2 1 1 3 4 3 4 3 4 5 5 5 23 23 23 13 13 13
2 1 1 1 5 5 5 3 4 3 4 3 4 25 6 25 6 25 6 23 23 23 13 13 13
1 1 1 2 3 4 3 4 3 4 5 5 5 6 25 6 23 23 23 13 13 13
1 1 1 2 3 4 3 4 3 4 5 5 5 23 23 23 13 13 13
1 1 2 1 3 4 3 4 3 4 5 5 5 23 23 23 13 13 13
1 2 1 1 3 4 5 3 4 3 4 5 5 9
1 2 1 1 5 3 4 3 4 3 4 5 5 25 6 25 9 23 23 23 13 13 13
1 1 2 1 3 4 3 4 3 4 5 5 5
1 1 2 1 3 4 3 4 3 4 5 5 5
1 2 1 1 3 4 3 4 3 4 5 5 5 23 23 23 13 13 13
2 1 1 1 5 5 5 3 4 3 4 3 4 25 25 6 23 23 23 13 13 13
1 1 1 2 3 4 3 4 3 4 5 5 5 23 23 23 13 13 13
1 1 2 1 3 4 3 4 3 4 5 5 5 23 23 23 13 13 13
1 1 1 2 3 4 3 4 3 4 5 5 5 23 23 23 13 13 13
2 1 1 1 5 5 5 3 4 3 4 3 4 9 23 23 23 13 13 13
2 1 1 1 5 3 4 3 4 5 5 3 4 6 6 6 6 6 6 6 6 23 23 23 13 13 13
1 2 1 1 3 4 3 4 3 4 5 5 5 23 23 23 13 13 13
2 1 1 1 3 4 3 4 3 4 5 5 5 23 23 23 13 13 13
1 1 1 2 3 4 3 4 3 4 5 5 5 23 23 23 13 13 13
1 1 2 1 3 4 3 4 5 5 3 4 5 23 23 23 13 13 13
1 1 1 2 3 4 3 4 3 4 5 5 5 23 23 23 13 13 13
2 1 1 1 5 5 5 3 4 3 4 3 4 25 25 25 25 25 25 25 25 25 25 25 25 25 25 25 6 9 9 23 23 23 13 13 13
1 2 1 1 3 4 3 4 3 4 5 5 5 23 23 23 13 13 13
1 1 1 2 3 4 3 4 5 5 3 4 5 9 25 25 6 9 23 23 23 13 13 13
1 1 1 2 3 4 3 4 3 4 5 5 5 23 23 23 13 13 13
2 1 1 1 5 5 5 3 4 3 4 3 4 25 25 6 9 9 23 23 23 13 13 13
1 1 1 2 3 4 3 4 3 4 5 5 5 23 23 23 13 13 13
1 2 1 1 3 4 3 4 3 4 5 5 5
1 1 1 2 3 4 3 4 5 3 4 5 5 9
1 1 2 1 3 4 5 3 4 3 4 5 5 23 23 23 13 13 13
2 1 1 1 5 5 5 3 4 3 4 3 4 6 25 6 6 25 6 6 25 6 23 23 23 13 13 13
2 1 1 1 3 4 3 4 3 4 5 5 5 23 23 23 13 13 13
1 1 1 2 3 4 3 4 3 4 5 5 5 6 6 25 6 6 25 23 23 23 13 13 13
1 1 1 2 3 4 3 4 3 4 5 5 5
1 1 1 2 3 4 3 4 3 4 5 5 5 23 23 23 13 13 13
1 1 1 2 3 4 3 4 3 4 5 5 5 23 23 23 13 13 13
1 1 1 2 3 4 3 4 3 4 5 5 5 23 23 23 13 13 13
1 1 2 1 3 4 3 4 3 4 5 5 5
1 1 1 2 3 4 3 4 3 4 5 5 5 23 23 23 13 13 13
1 2 1 1 3 4 3 4 3 4 5 5 5 23 23 23 13 13 13
1 2 1 1 3 4 3 4 3 4 5 5 5 23 23 23 13 13 13
1 2 1 1 3 4 3 4 3 4 5 5 5 23 23 23 13 13 13
1 1 1 2 3 4 3 4 3 4 5 5 5 6 9 23 23 23 13 13 13
1 2 1 1 3 4 3 4 3 4 5 5 5 23 23 23 13 13 13
1 1 2 1 3 4 3 4 3 4 5 5 5 23 23 23 13 13 13
1 1 2 1 3 4 3 4 5 5 3 4 5 25 6 6 6 25 23 23 23 13 13 13
2 1 1 1 5 5 5 3 4 3 4 3 4 25 6 6 25 6 6 25 6 6 25 6 6 23 23 23 13 13 13
2 1 1 1 5 5 5 4 3 4 3 4 3 25 6 25 23 23 23 13 13 13
2 1 1 1 5 5 3 4 3 4 3 4 5 9 25 6 25 9 9 23 23 23 13 13 13
2 1 1 1 3 4 3 4 3 4 5 5 5
1 1 1 2 3 4 3 4 3 4 5 5 5
1 1 1 2 3 4 3 4 3 4 5 5 5
2 1 1 1 3 4 3 4 3 4 5 5 5 23 23 23 13 13 13
1 2 1 1 3 4 4 5 5 3 4 3 5 23 23 23 13 13 13
1 1 1 2 3 4 5 3 4 3 4 5 5
1 1 2 1 3 4 3 4 3 4 5 5 5
2 1 1 1 3 4 3 4 5 5 5 3 4 23 23 23 13 13 13
1 1 1 2 3 4 3 4 5 5 3 4 5
1 1 1 2 3 4 5 3 4 3 4 5 5 23 23 23 13 13 13
1 1 2 1 3 4 3 3 4 4 5 5 5 23 23 23 13 13 13
2 1 1 1 3 4 3 4 3 4 5 5 5 9 6 25 6 6 25 6 23 23 23 13 13 13
2 1 1 1 3 4 3 4 5 5 3 4 5
1 2 1 1 3 4 3 4 3 4 5 5 5 23 23 23 13 13 13
2 1 1 1 5 5 5 3 4 3 4 3 4 23 23 23 13 13 13
2 1 1 1 5 5 5 3 4 3 4 3 4 6 6 25 9 6 6 25 23 23 23 13 13 13
1 1 2 1 3 4 3 4 3 4 5 5 5 23 23 23 13 13 13
2 1 1 1 5 5 5 3 4 3 4 3 4 23 23 23 13 13 13
2 1 1 1 5 5 5 3 4 3 4 3 4 25 25 25 25 25 25 25 25 25 25 25 25 25 6 25 25 23 23 23 13 13 13
1 1 2 1 3 4 3 4 5 3 4 5 5 23 23 23 13 13 13
2 1 1 1 3 4 3 4 3 4 5 5 5 23 23 23 13 13 13
1 1 2 1 3 4 3 4 3 4 5 5 5 23 23 23 13 13 13
1 1 1 2 3 4 3 4 5 5 3 4 5 23 23 23 13 13 13
1 1 1 2 3 4 5 3 4 3 4 5 5 23 23 23 13 13 13
1 1 1 2 3 4 3 4 3 4 5 5 5 23 23 23 13 13 13
1 1 2 1 3 4 3 4 3 4 5 5 5 23 23 23 13 13 13
1 1 1 2 3 4 5 3 4 3 4 5 5 23 23 23 13 13 13
1 1 1 2 3 4 3 4 3 4 5 5 5 23 23 23 13 13 13
1 1 1 2 3 4 3 4 3 4 5 5 5 9 23 23 23 13 13 13
1 2 1 1 3 4 3 4 3 4 5 5 5 23 23 23 13 13 13
2 1 1 1 3 4 3 4 5 3 4 5 5 23 23 23 13 13 13
2 1 1 1 5 5 5 3 4 3 4 3 4 25 25 25 25 25 25 25 25 25 25 25 25 25 25 6 25 9 23 23 23 13 13 13
1 2 1 1 4 5 3 3 4 3 4 5 5 23 23 23 13 13 13
1 1 2 1 3 4 3 4 3 4 5 5 5 23 23 23 13 13 13
2 1 1 1 5 5 5 3 4 3 4 3 4 9 25 6 25 9 23 23 23 13 13 13
1 1 1 2 3 4 5 5 3 4 3 4 5 23 23 23 13 13 13
1 1 1 2 3 4 3 4 3 4 5 5 5 23 23 23 13 13 13
1 1 2 1 3 4 3 4 3 4 5 5 5 23 23 23 13 13 13
1 1 1 2 3 4 3 4 3 4 5 5 5
1 1 1 2 3 4 3 4 3 4 5 5 5 25 6 25 9 9 23 23 23 13 13 13
1 1 1 2 3 4 3 4 3 4 5 5 5 23 23 23 13 13 13
1 1 1 2 3 4 3 4 3 4 5 5 5 23 23 23 13 13 13
2 1 1 1 5 5 3 4 3 4 5 3 4 25 25 6 9 9 9 23 23 23 13 13 13
1 1 1 2 3 4 3 4 3 4 5 5 5 23 23 23 13 13 13
1 1 1 2 3 4 3 4 3 4 5 5 5
1 1 1 2 3 4 3 4 3 4 5 5 5 23 23 23 13 13 13
1 1 2 1 3 4 3 4 5 3 4 5 5 23 23 23 13 13 13
2 1 1 1 5 5 5 3 4 3 4 3 4 23 23 23 13 13 13
1 1 1 2 3 4 3 4 3 4 5 5 5 23 23 23 13 13 13
1 1 1 2 3 4 3 4 3 4 5 5 5 23 23 23 13 13 13
1 1 1 2 3 4 3 4 3 4 5 5 5 23 23 23 13 13 13
1 2 1 1 3 4 5 3 4 3 4 5 5 23 23 23 13 13 13
1 1 2 1 3 4 5 3 4 3 4 5 5 23 23 23 13 13 13
2 1 1 1 5 5 3 4 3 4 3 4 5 25 6 25 23 23 23 13 13 13
1 1 1 2 3 4 3 4 3 4 5 5 5
1 1 1 2 3 4 3 4 3 4 5 5 5 23 23 23 13 13 13
1 1 2 1 3 4 3 4 3 4 5 5 5
1 1 1 2 3 4 3 4 5 5 3 4 5 9 23 23 23 13 13 13
2 1 1 1 5 5 5 3 4 3 4 3 4 25 6 25 23 23 23 13 13 13
1 1 2 1 3 4 3 4 3 4 5 5 5
1 2 1 1 3 4 3 4 5 3 4 5 5 6 6 25 23 23 23 13 13 13
1 1 1 2 3 4 3 4 3 4 5 5 5 9 6 6 25 6 25 6 23 23 23 13 13 13
1 2 1 1 3 4 3 4 3 4 5 5 5 23 23 23 13 13 13
2 1 1 1 3 4 3 4 3 4 5 5 5 23 23 23 13 13 13
2 1 1 1 5 5 5 3 4 3 4 3 4 25 25 6 9 9 23 23 23 13 13 13
1 1 2 1 3 4 3 4 3 4 5 5 5 23 23 23 13 13 13
1 1 1 2 3 4 5 5 5 3 4 3 4
1 1 2 1 3 4 3 4 3 4 5 5 5 23 23 23 13 13 13
1 1 1 2 3 4 3 4 3 4 5 5 5 23 23 23 13 13 13
1 1 1 2 3 4 3 4 3 4 5 5 5 23 23 23 13 13 13
1 1 1 2 3 4 3 4 3 4 5 5 5 23 23 23 13 13 13
1 1 1 2 3 4 3 4 3 4 5 5 5 23 23 23 13 13 13
1 1 1 2 3 4 3 4 3 4 5 5 5 23 23 23 13 13 13
1 1 2 1 3 4 3 4 5 5 3 4 5 25 6 25 23 23 23 13 13 13
2 1 1 1 3 4 3 4 3 4 5 5 5 25 25 6 23 23 23 13 13 13
1 1 2 1 3 4 3 4 3 4 5 5 5 23 23 23 13 13 13
1 1 1 2 3 4 3 4 5 3 4 5 5 23 23 23 13 13 13
1 2 1 1 3 4 5 3 4 3 4 5 5 23 23 23 13 13 13
1 1 1 2 3 4 3 4 5 5 3 4 5
1 2 1 1 3 4 3 4 3 4 5 5 5 23 23 23 13 13 13
1 1 2 1 3 4 5 3 4 3 4 5 5 23 23 23 13 13 13
1 1 2 1 3 4 3 4 3 4 5 5 5
1 1 2 1 3 4 3 4 3 4 5 5 5 25 6 25 9 23 23 23 13 13 13
1 2 1 1 3 4 3 4 3 4 5 5 5 9 23 23 23 13 13 13
1 1 1 2 3 4 3 4 3 4 5 5 5
2 1 1 1 5 5 3 4 3 4 5 3 4 25 6 25 23 23 23 13 13 13
1 1 1 2 3 4 3 4 3 4 5 5 5
1 2 1 1 3 4 3 4 3 4 5 5 5 23 23 23 13 13 13
2 1 1 1 3 4 3 4 5 5 3 4 5
2 1 1 1 5 5 5 3 4 3 4 3 4 6 25 6 9 25 6 6 6 25 6 6 25 6 23 23 23 13 13 13
1 1 1 2 3 4 3 4 3 4 5 5 5 25 25 6 23 23 23 13 13 13
1 1 1 2 3 4 3 4 3 4 5 5 5 23 23 23 13 13 13
1 1 2 1 3 4 3 4 3 4 5 5 5 23 23 23 13 13 13
2 1 1 1 3 4 5 5 5 3 4 3 4 23 23 23 13 13 13
1 1 1 2 3 4 3 4 3 4 5 5 5 23 23 23 13 13 13
1 1 1 2 3 4 5 3 4 3 4 5 5 23 23 23 13 13 13
1 2 1 1 3 4 3 4 3 4 5 5 5 23 23 23 13 13 13
1 1 1 2 3 4 3 4 3 4 5 5 5 25 6 25 9 9 23 23 23 13 13 13
1 1 1 2 3 4 3 4 3 4 5 5 5 6 6 25 9 23 23 23 13 13 13
1 2 1 1 3 4 3 4 3 4 5 5 5 23 23 23 13 13 13
1 1 2 1 3 4 5 3 4 3 4 5 5
1 1 1 2 3 4 3 4 3 4 5 5 5
2 1 1 1 5 5 5 3 4 3 4 3 4 9 23 23 23 13 13 13
2 1 1 1 3 4 3 4 3 4 5 5 5 23 23 23 13 13 13
1 2 1 1 3 4 3 4 5 3 4 5 5 23 23 23 13 13 13
2 1 1 1 5 5 5 3 4 3 4 3 4 6 23 23 23 13 13 13
1 2 1 1 3 4 3 4 5 5 3 4 5 23 23 23 13 13 13
1 1 1 2 3 4 3 4 3 4 5 5 5 9 23 23 23 13 13 13
1 1 2 1 3 4 3 4 3 4 5 5 5 23 23 23 13 13 13
1 1 2 1 3 4 3 4 3 4 5 5 5 23 23 23 13 13 13
1 2 1 1 3 4 3 4 3 4 5 5 5 23 23 23 13 13 13
1 1 1 2 3 4 3 4 3 4 5 5 5 23 23 23 13 13 13
1 1 2 1 3 4 3 4 3 4 5 5 5 23 23 23 13 13 13
1 2 1 1 3 4 3 4 3 4 5 5 5 23 23 23 13 13 13
1 2 1 1 3 4 3 4 3 4 5 5 5 23 23 23 13 13 13
2 1 1 1 5 5 5 3 4 3 4 3 4 25 25 6 23 23 23 13 13 13
2 1 1 1 5 5 5 3 4 3 4 3 4 6 23 23 23 13 13 13
1 2 1 1 3 4 3 4 3 4 5 5 5 9 6 6 25 6 6 25 23 23 23 13 13 13
2 1 1 1 5 5 3 4 3 4 5 3 4 25 6 25 9 23 23 23 13 13 13
2 1 1 1 3 4 3 4 5 5 3 4 5 23 23 23 13 13 13
1 1 1 2 3 4 3 4 5 5 3 4 5 6 6 25 6 6 25 23 23 23 13 13 13
1 1 1 2 3 4 3 4 3 4 5 5 5 23 23 23 13 13 13
1 2 1 1 3 4 3 4 3 4 5 5 5 23 23 23 13 13 13
1 2 1 1 3 4 3 4 3 4 5 5 5 23 23 23 13 13 13
1 1 1 2 3 4 3 4 3 4 5 5 5
1 1 1 2 3 4 3 4 3 4 5 5 5 23 23 23 13 13 13
2 1 1 1 5 5 3 4 3 4 5 3 4 25 6 25 9 23 23 23 13 13 13
1 1 2 1 3 4 3 4 3 4 5 5 5
2 1 1 1 5 5 5 3 4 3 4 3 4 6 6 6 6 6 6 6 6 23 23 23 13 13 13
1 2 1 1 3 4 3 4 3 4 5 5 5 23 23 23 13 13 13
2 1 1 1 5 3 4 5 5 3 4 3 4 23 23 23 13 13 13
1 1 1 2 3 4 3 4 3 4 5 5 5
1 2 1 1 3 4 3 4 3 4 5 5 5 25 6 6 23 23 23 13 13 13
2 1 1 1 5 5 5 3 4 3 4 3 4 6 6 25 6 6 25 6 6 25 23 23 23 13 13 13
1 1 1 2 3 4 3 4 3 4 5 5 5 23 23 23 13 13 13
1 1 1 2 3 4 3 4 3 4 5 5 5
1 1 1 2 3 4 3 4 3 4 5 5 5 23 23 23 13 13 13
2 1 1 1 3 4 3 4 3 4 5 5 5 23 23 23 13 13 13
1 1 1 2 3 4 3 4 3 4 5 5 5 23 23 23 13 13 13
2 1 1 1 5 5 3 4 3 4 5 3 4 25 25 25 25 25 25 6 25 25 25 25 25 25 25 25 25 9 23 23 23 13 13 13
1 2 1 1 3 4 3 4 3 4 5 5 5 23 23 23 13 13 13
1 1 1 2 3 4 3 4 3 4 5 5 5 23 23 23 13 13 13
1 1 1 2 3 4 3 4 3 4 5 5 5 23 23 23 13 13 13
1 1 1 2 3 4 3 4 3 4 5 5 5 23 23 23 13 13 13
1 1 1 2 3 4 3 4 3 4 5 5 5
1 2 1 1 3 4 3 4 3 4 5 5 5 23 23 23 13 13 13
1 1 1 2 3 4 3 4 3 4 5 5 5 23 23 23 13 13 13
2 1 1 1 5 5 5 3 4 3 4 3 4 25 6 25 9 23 23 23 13 13 13
2 1 1 1 5 5 5 3 4 3 4 3 4 9 25 25 25 25 25 25 25 6 25 25 25 25 25 25 25 25 23 23 23 13 13 13
1 1 2 1 3 4 3 4 5 5 3 4 5
1 1 1 2 3 4 5 5 3 4 3 4 5 23 23 23 13 13 13
1 1 1 2 3 4 3 4 3 4 5 5 5
2 1 1 1 3 4 3 4 3 4 5 5 5 23 23 23 13 13 13
1 1 1 2 3 4 3 4 3 4 5 5 5 23 23 23 13 13 13
1 1 1 2 3 4 3 4 3 4 5 5 5 23 23 23 13 13 13
1 1 2 1 3 4 3 4 5 5 5 3 4 23 23 23 13 13 13
1 1 1 2 3 4 5 3 4 3 4 5 5 23 23 23 13 13 13
1 1 2 1 3 4 3 4 3 4 5 5 5 23 23 23 13 13 13
1 2 1 1 3 4 3 4 5 3 4 5 5 23 23 23 13 13 13
1 2 1 1 3 4 3 4 5 5 3 4 5 23 23 23 13 13 13
1 1 1 2 3 4 3 4 3 4 5 5 5
1 1 1 2 3 4 3 4 3 4 5 5 5 23 23 23 13 13 13
1 1 1 2 3 4 3 4 3 4 5 5 5 23 23 23 13 13 13
1 1 2 1 3 4 5 3 4 3 4 5 5 23 23 23 13 13 13
1 1 2 1 3 4 3 4 3 4 5 5 5 23 23 23 13 13 13
1 1 2 1 3 4 3 4 3 4 5 5 5 23 23 23 13 13 13
2 1 1 1 3 4 5 3 4 3 4 5 5 23 23 23 13 13 13
1 2 1 1 3 4 3 4 3 4 5 5 5
2 1 1 1 3 4 3 4 3 4 5 5 5
2 1 1 1 5 5 3 4 3 4 3 4 5 25 25 6 9 9 23 23 23 13 13 13
1 2 1 1 3 4 3 4 4 5 5 5 3 23 23 23 13 13 13
1 1 1 2 3 4 5 3 4 3 4 5 5 23 23 23 13 13 13
2 1 1 1 5 5 5 3 4 3 4 3 4 9 23 23 23 13 13 13
1 1 1 2 3 4 3 4 3 4 5 5 5 6 6 25 9 23 23 23 13 13 13
1 2 1 1 3 4 3 4 3 4 5 5 5
1 1 1 2 3 4 3 4 3 4 5 5 5
2 1 1 1 5 3 4 5 5 3 4 3 4 25 6 25 9 9 9 23 23 23 13 13 13
2 1 1 1 3 4 3 4 3 4 5 5 5 23 23 23 13 13 13
1 1 2 1 3 4 3 4 3 4 5 5 5 23 23 23 13 13 13
1 1 1 2 3 4 3 4 5 5 3 4 5 23 23 23 13 13 13
1 2 1 1 3 4 3 4 3 4 5 5 5 6 6 25 23 23 23 13 13 13
1 1 1 2 3 4 4 5 3 3 4 5 5 23 23 23 13 13 13
1 2 1 1 3 4 3 4 3 4 5 5 5 23 23 23 13 13 13
1 1 1 2 3 4 3 4 3 4 5 5 5
1 2 1 1 3 4 3 4 5 5 5 3 4 25 6 25 9 23 23 23 13 13 13
1 2 1 1 5 3 4 3 3 4 4 5 5 9 25 25 6 9 9 23 23 23 13 13 13
1 1 1 2 3 4 3 4 3 4 5 5 5
1 2 1 1 3 4 3 4 3 4 5 5 5 23 23 23 13 13 13
1 1 2 1 3 4 3 4 3 4 5 5 5
1 1 2 1 3 4 3 4 3 4 5 5 5 23 23 23 13 13 13
1 1 2 1 3 4 3 4 3 4 5 5 5 23 23 23 13 13 13
1 1 1 2 3 4 3 4 3 4 5 5 5 23 23 23 13 13 13
1 1 1 2 3 4 3 4 3 4 5 5 5 23 23 23 13 13 13
1 1 1 2 3 4 5 3 4 3 4 5 5 23 23 23 13 13 13
1 1 1 2 3 4 3 4 3 4 5 5 5
1 2 1 1 3 4 3 4 3 4 5 5 5 23 23 23 13 13 13
1 1 1 2 3 4 3 4 3 4 5 5 5
2 1 1 1 5 5 5 3 4 3 4 3 4 25 6 25 9 9 9 23 23 23 13 13 13
1 2 1 1 3 4 3 4 3 4 5 5 5 6 6 6 6 23 23 23 13 13 13
2 1 1 1 5 5 5 3 4 3 4 3 4 23 23 23 13 13 13
1 1 1 2 3 4 3 4 3 4 5 5 5 6 6 25 6 25 6 23 23 23 13 13 13
2 1 1 1 5 3 4 5 5 3 4 3 4 6 6 25 6 6 25 6 25 6 23 23 23 13 13 13
1 1 1 2 3 4 3 4 3 4 5 5 5 23 23 23 13 13 13
1 2 1 1 3 4 5 3 4 3 4 5 5 25 6 25 9 23 23 23 13 13 13
2 1 1 1 3 4 3 4 3 4 5 5 5
1 1 2 1 3 4 3 4 3 4 5 5 5 23 23 23 13 13 13
1 1 1 2 3 4 3 4 3 4 5 5 5 23 23 23 13 13 13
1 1 2 1 3 4 3 4 3 4 5 5 5 23 23 23 13 13 13
1 1 2 1 3 4 3 4 3 4 5 5 5 23 23 23 13 13 13
2 1 1 1 5 5 5 3 4 3 4 3 4 25 25 6 9 23 23 23 13 13 13
1 1 1 2 3 4 3 4 3 4 5 5 5 23 23 23 13 13 13
1 1 1 2 3 4 3 4 3 4 5 5 5 23 23 23 13 13 13
1 1 1 2 3 4 3 4 3 4 5 5 5 23 23 23 13 13 13
1 1 1 2 3 4 3 4 3 4 5 5 5 23 23 23 13 13 13
2 1 1 1 5 4 5 5 3 4 3 4 3 6 6 25 9 6 25 6 6 25 6 6 25 6 23 23 23 13 13 13
2 1 1 1 3 4 3 4 3 4 5 5 5 23 23 23 13 13 13
1 1 1 2 3 4 3 4 3 4 5 5 5 23 23 23 13 13 13
1 1 1 2 3 4 3 4 3 4 5 5 5 23 23 23 13 13 13
1 1 1 2 3 4 3 4 3 4 5 5 5 23 23 23 13 13 13
2 1 1 1 3 4 3 4 3 4 5 5 5 23 23 23 13 13 13
1 2 1 1 3 4 5 3 4 3 4 5 5 9 23 23 23 13 13 13
1 2 1 1 3 4 3 4 3 4 5 5 5 23 23 23 13 13 13
1 2 1 1 4 3 4 3 4 5 5 5 3
1 1 1 2 3 4 3 4 3 4 5 5 5
2 1 1 1 5 5 5 3 4 3 4 3 4 25 6 25 9 9 9 23 23 23 13 13 13
2 1 1 1 5 5 3 4 3 4 5 3 4 9 25 6 25 25 25 25 25 25 25 25 25 25 25 25 25 25 23 23 23 13 13 13
2 1 1 1 5 5 5 3 4 3 4 3 4 23 23 23 13 13 13
1 1 2 1 3 4 3 4 5 5 3 4 5
2 1 1 1 5 5 3 4 3 4 3 4 5 6 6 25 6 25 6 6 25 6 6 6 25 23 23 23 13 13 13
1 1 1 2 3 4 3 4 3 4 5 5 5 23 23 23 13 13 13
1 1 1 2 3 4 3 4 3 4 5 5 5
1 2 1 1 3 4 3 4 3 4 5 5 5 9 25 6 25 23 23 23 13 13 13
1 1 2 1 3 4 3 4 5 5 5 3 4 23 23 23 13 13 13
1 1 2 1 3 4 5 3 4 3 4 5 5 23 23 23 13 13 13
1 1 1 2 3 4 5 3 4 3 4 5 5
1 1 2 1 3 4 3 4 3 4 5 5 5 23 23 23 13 13 13
1 2 1 1 3 4 3 4 3 4 5 5 5 23 23 23 13 13 13
1 2 1 1 3 4 3 4 3 4 5 5 5
2 1 1 1 3 4 3 4 3 4 5 5 5 23 23 23 13 13 13
1 1 1 2 3 4 3 4 3 4 5 5 5 23 23 23 13 13 13
1 1 1 2 3 4 3 4 3 4 5 5 5 23 23 23 13 13 13
1 1 2 1 3 4 3 4 3 4 5 5 5 23 23 23 13 13 13
2 1 1 1 4 5 3 4 3 4 3 5 5
2 1 1 1 5 5 3 4 3 4 3 4 5 25 6 25 9 9 9 23 23 23 13 13 13
2 1 1 1 3 4 3 4 3 4 5 5 5 23 23 23 13 13 13
2 1 1 1 5 3 4 5 5 3 4 3 4 25 6 25 9 23 23 23 13 13 13
1 2 1 1 3 4 3 4 3 4 5 5 5 6 25 6 6 6 25 23 23 23 13 13 13
1 2 1 1 3 4 3 4 5 5 3 4 5
1 1 1 2 3 4 3 4 3 4 5 5 5 6 23 23 23 13 13 13
1 1 2 1 3 4 3 4 3 4 5 5 5
2 1 1 1 5 5 5 3 4 3 4 3 4 9 23 23 23 13 13 13
1 1 1 2 3 4 3 4 3 4 5 5 5 23 23 23 13 13 13
1 1 1 2 3 4 3 4 3 4 5 5 5 23 23 23 13 13 13
1 1 1 2 5 5 3 4 3 4 3 4 5 23 23 23 13 13 13
2 1 1 1 5 5 5 3 4 3 4 3 4 23 23 23 13 13 13
2 1 1 1 5 5 5 3 4 3 4 3 4 6 25 6 6 25 6 6 6 25 23 23 23 13 13 13
2 1 1 1 5 5 5 3 4 3 4 3 4 25 25 6 23 23 23 13 13 13
1 2 1 1 3 4 3 4 3 4 5 5 5 23 23 23 13 13 13
2 1 1 1 5 5 3 4 3 4 3 4 5 25 6 25 23 23 23 13 13 13
1 2 1 1 3 4 3 4 3 4 5 5 5 23 23 23 13 13 13
1 1 2 1 3 4 3 4 3 4 5 5 5 23 23 23 13 13 13
1 1 2 1 3 4 3 4 5 5 3 4 5 23 23 23 13 13 13
2 1 1 1 5 5 5 3 4 3 4 3 4 25 6 6 25 6 6 25 6 6 23 23 23 13 13 13
1 1 1 2 3 4 3 4 3 4 5 5 5 25 25 6 9 9 23 23 23 13 13 13
2 1 1 1 3 4 3 4 5 5 3 4 5 25 6 25 23 23 23 13 13 13
1 1 1 2 3 4 3 4 3 4 5 5 5 25 25 6 23 23 23 13 13 13
1 1 1 2 3 4 3 4 3 4 5 5 5 23 23 23 13 13 13
1 2 1 1 3 4 3 4 3 4 5 5 5 23 23 23 13 13 13
2 1 1 1 5 5 5 3 4 3 4 3 4 23 23 23 13 13 13
1 2 1 1 3 4 3 4 3 4 5 5 5 23 23 23 13 13 13
1 1 1 2 3 4 3 4 3 4 5 5 5 23 23 23 13 13 13
2 1 1 1 5 5 5 3 4 3 4 3 4 25 6 25 23 23 23 13 13 13
1 1 1 2 3 4 3 4 3 4 5 5 5
1 1 1 2 3 4 3 4 3 4 5 5 5 23 23 23 13 13 13
1 1 2 1 3 4 3 4 3 4 5 5 5 9 25 6 25 9 9 23 23 23 13 13 13
2 1 1 1 5 5 3 4 3 4 5 3 4 6 6 6 6 6 6 6 6 23 23 23 13 13 13
1 2 1 1 3 4 3 4 3 4 5 5 5
1 2 1 1 3 4 5 3 4 3 4 5 5 25 25 6 9 9 23 23 23 13 13 13
1 1 1 2 3 4 3 4 3 4 5 5 5
1 1 2 1 3 4 3 4 3 4 5 5 5 23 23 23 13 13 13
1 2 1 1 3 4 3 4 3 4 5 5 5 23 23 23 13 13 13
2 1 1 1 5 5 5 3 4 3 4 3 4 23 23 23 13 13 13
2 1 1 1 5 5 5 3 4 3 4 3 4 6 25 6 25 6 6 6 25 6 25 6 6 23 23 23 13 13 13
1 1 2 1 3 4 3 4 3 4 5 5 5 23 23 23 13 13 13
1 2 1 1 5 5 3 4 3 4 3 4 5 9 9 25 25 6 9 23 23 23 13 13 13
2 1 1 1 3 4 3 4 3 4 5 5 5 23 23 23 13 13 13
1 1 1 2 3 4 3 4 3 4 5 5 5 23 23 23 13 13 13
1 2 1 1 3 4 3 4 3 4 5 5 5 6 23 23 23 13 13 13
1 1 2 1 3 4 5 5 3 4 3 4 5
2 1 1 1 5 5 5 3 4 3 4 3 4 9 23 23 23 13 13 13
1 2 1 1 3 4 3 4 5 5 3 4 5 23 23 23 13 13 13
2 1 1 1 5 5 5 3 4 3 4 3 4 6 9 9 23 23 23 13 13 13
1 1 1 2 3 4 3 4 3 4 5 5 5 23 23 23 13 13 13
1 1 2 1 3 4 3 4 5 5 5 3 4 9 25 6 25 23 23 23 13 13 13
1 1 2 1 3 4 3 4 3 4 5 5 5
2 1 1 1 5 5 5 3 4 3 4 3 4 25 6 6 25 6 6 6 25 6 6 25 6 23 23 23 13 13 13
1 1 1 2 3 4 3 4 3 4 5 5 5
2 1 1 1 5 5 5 3 4 3 4 3 4 25 25 6 9 23 23 23 13 13 13
2 1 1 1 5 5 5 3 4 3 4 3 4 25 25 6 9 9 9 23 23 23 13 13 13
1 1 2 1 3 4 3 4 5 5 3 4 5 23 23 23 13 13 13
2 1 1 1 5 5 3 4 3 4 5 3 4 6 6 25 25 6 6 25 6 6 25 6 23 23 23 13 13 13
2 1 1 1 3 4 3 4 3 4 5 5 5 23 23 23 13 13 13
1 1 2 1 4 3 4 5 5 3 4 3 5 25 25 6 9 23 23 23 13 13 13
1 1 1 2 3 4 3 4 3 4 5 5 5 9 23 23 23 13 13 13
1 2 1 1 3 4 3 4 5 5 5 3 4
1 1 2 1 3 4 3 4 3 4 5 5 5 25 6 25 23 23 23 13 13 13
1 1 2 1 3 4 3 4 5 5 5 3 4 23 23 23 13 13 13
1 1 2 1 3 4 3 4 5 5 3 4 5 23 23 23 13 13 13
1 1 2 1 3 4 3 4 5 5 3 4 5 25 6 25 9 9 23 23 23 13 13 13
1 1 2 1 3 4 3 4 3 4 5 5 5 23 23 23 13 13 13
1 1 2 1 3 4 3 4 3 4 5 5 5
1 1 2 1 3 4 3 4 5 5 3 4 5
1 2 1 1 3 4 3 4 5 5 5 3 4 23 23 23 13 13 13
1 1 2 1 3 4 3 4 3 4 5 5 5 23 23 23 13 13 13
1 2 1 1 3 4 3 4 3 4 5 5 5
1 2 1 1 3 4 3 4 3 4 5 5 5 25 25 25 25 6 25 25 25 25 25 25 25 25 25 25 25 9 23 23 23 13 13 13
2 1 1 1 3 4 3 4 3 4 5 5 5 9 9 25 25 6 23 23 23 13 13 13
1 1 1 2 3 4 3 4 3 4 5 5 5 23 23 23 13 13 13
1 1 2 1 3 4 3 4 3 4 5 5 5 23 23 23 13 13 13
1 1 2 1 3 4 3 4 3 4 5 5 5 23 23 23 13 13 13
1 1 2 1 3 4 3 4 3 4 5 5 5 23 23 23 13 13 13
2 1 1 1 5 5 5 3 4 3 4 3 4 25 6 25 9 9 23 23 23 13 13 13
1 1 1 2 3 4 3 4 3 4 5 5 5 23 23 23 13 13 13
2 1 1 1 5 3 4 5 5 3 4 3 4 25 25 6 9 23 23 23 13 13 13
1 2 1 1 3 4 3 4 3 4 5 5 5 23 23 23 13 13 13
1 1 1 2 3 4 3 4 3 4 5 5 5
1 2 1 1 3 4 3 4 3 4 5 5 5 23 23 23 13 13 13
1 2 1 1 3 4 3 4 3 4 5 5 5 23 23 23 13 13 13
1 2 1 1 3 4 3 4 3 4 5 5 5 23 23 23 13 13 13
1 1 1 2 3 4 3 4 3 4 5 5 5 6 25 6 9 9 6 25 6 23 23 23 13 13 13
1 2 1 1 3 4 3 4 3 4 5 5 5
1 1 2 1 3 4 3 4 5 3 4 5 5 23 23 23 13 13 13
1 1 1 2 3 4 3 4 3 4 5 5 5
1 1 2 1 3 4 3 4 3 4 5 5 5
1 1 2 1 3 4 5 3 4 3 4 5 5 23 23 23 13 13 13
1 1 2 1 3 4 3 4 3 4 5 5 5 23 23 23 13 13 13
1 1 1 2 3 4 5 5 5 3 4 3 4 9 23 23 23 13 13 13
1 2 1 1 3 4 3 4 3 4 5 5 5 23 23 23 13 13 13
2 1 1 1 5 5 5 3 4 3 4 3 4 23 23 23 13 13 13
1 2 1 1 3 4 5 3 4 3 4 5 5 6 6 25 6 6 25 23 23 23 13 13 13
1 2 1 1 3 4 3 4 5 5 3 4 5 25 6 25 9 9 9 23 23 23 13 13 13
1 1 1 2 3 4 3 4 3 4 5 5 5
1 1 2 1 3 4 3 4 3 4 5 5 5
2 1 1 1 5 5 5 3 4 3 4 3 4 23 23 23 13 13 13
1 1 2 1 3 4 3 4 3 4 5 5 5 23 23 23 13 13 13
2 1 1 1 5 5 5 3 4 3 4 3 4 6 6 25 6 6 25 6 6 25 6 6 25 23 23 23 13 13 13
2 1 1 1 5 5 5 3 4 3 4 3 4 25 25 6 9 23 23 23 13 13 13
1 1 1 2 3 4 3 4 3 4 5 5 5
1 2 1 1 3 4 3 4 5 3 4 5 5
1 2 1 1 3 4 3 4 3 4 5 5 5 23 23 23 13 13 13
1 1 2 1 3 4 3 4 3 4 5 5 5 23 23 23 13 13 13
1 1 2 1 3 4 3 4 3 4 5 5 5 9 23 23 23 13 13 13
2 1 1 1 3 4 3 4 3 4 5 5 5 23 23 23 13 13 13
2 1 1 1 5 5 5 3 4 3 4 3 4 9 23 23 23 13 13 13
1 2 1 1 3 4 3 4 3 4 5 5 5 23 23 23 13 13 13
1 1 1 2 3 4 3 4 3 4 5 5 5 23 23 23 13 13 13
1 2 1 1 3 4 3 4 3 4 5 5 5 23 23 23 13 13 13
1 1 2 1 3 4 3 4 5 5 3 4 5 23 23 23 13 13 13
2 1 1 1 5 5 5 3 4 3 4 3 4 6 6 6 6 6 6 6 6 23 23 23 13 13 13
1 1 1 2 3 4 3 4 3 4 5 5 5 6 6 25 6 6 25 23 23 23 13 13 13
1 1 1 2 3 4 3 4 3 4 5 5 5 6 6 25 6 6 25 23 23 23 13 13 13
1 2 1 1 3 4 3 4 3 4 5 5 5 23 23 23 13 13 13
1 1 1 2 3 4 3 4 5 3 4 5 5
1 2 1 1 3 4 3 4 3 4 5 5 5 23 23 23 13 13 13
1 1 1 2 3 4 3 4 5 3 4 5 5 23 23 23 13 13 13
1 1 1 2 3 4 5 3 4 3 4 5 5 23 23 23 13 13 13
1 1 1 2 3 4 3 4 3 4 5 5 5 23 23 23 13 13 13
1 1 1 2 3 4 3 4 3 4 5 5 5 23 23 23 13 13 13
2 1 1 1 3 4 3 4 3 4 5 5 5 23 23 23 13 13 13
1 1 2 1 3 4 3 4 3 4 5 5 5
1 2 1 1 3 4 3 4 3 4 5 5 5 23 23 23 13 13 13
1 1 1 2 3 4 4 3 4 5 5 3 5 23 23 23 13 13 13
2 1 1 1 5 5 5 3 4 3 4 3 4 23 23 23 13 13 13
1 1 1 2 3 4 3 4 3 4 5 5 5 23 23 23 13 13 13
1 1 1 2 3 4 3 4 3 4 5 5 5 23 23 23 13 13 13
1 1 1 2 3 4 3 4 3 4 5 5 5 23 23 23 13 13 13
1 1 1 2 3 4 3 4 3 4 5 5 5 23 23 23 13 13 13
1 1 1 2 3 4 3 4 3 4 5 5 5 9 23 23 23 13 13 13
1 1 1 2 3 4 3 4 3 4 5 5 5 23 23 23 13 13 13
2 1 1 1 5 5 5 3 4 3 4 3 4 23 23 23 13 13 13
2 1 1 1 5 5 5 3 4 3 4 3 4 9 25 25 6 9 23 23 23 13 13 13
1 2 1 1 3 4 3 4 3 4 5 5 5
1 1 2 1 3 4 3 4 3 4 5 5 5 23 23 23 13 13 13
2 1 1 1 5 5 3 4 3 4 5 3 4 25 6 25 25 25 25 25 25 25 25 25 25 25 25 25 25 23 23 23 13 13 13
1 1 2 1 3 4 3 4 3 4 5 5 5 6 25 6 6 25 6 23 23 23 13 13 13
1 1 1 2 3 4 5 3 4 3 4 5 5 23 23 23 13 13 13
1 2 1 1 3 4 3 4 3 4 5 5 5 23 23 23 13 13 13
2 1 1 1 3 4 3 4 3 4 5 5 5 9 23 23 23 13 13 13
1 1 2 1 3 4 3 4 3 4 5 5 5 23 23 23 13 13 13
2 1 1 1 5 5 3 4 4 3 4 5 3 6 6 25 6 25 6 6 25 6 6 6 25 23 23 23 13 13 13
1 1 2 1 3 4 3 4 3 4 5 5 5 23 23 23 13 13 13
1 1 1 2 3 4 5 5 3 4 3 4 5
2 1 1 1 5 3 4 3 4 5 5 3 4 25 25 6 9 9 9 23 23 23 13 13 13
1 1 1 2 3 4 3 4 3 4 5 5 5 23 23 23 13 13 13
1 2 1 1 3 4 3 4 3 4 5 5 5 23 23 23 13 13 13
1 1 2 1 3 4 3 4 3 4 5 5 5 25 6 25 23 23 23 13 13 13
1 1 2 1 3 4 5 3 4 3 4 5 5 6 6 25 6 6 25 23 23 23 13 13 13
1 1 1 2 3 4 3 4 3 4 5 5 5 23 23 23 13 13 13
1 1 2 1 3 4 3 4 3 4 5 5 5 23 23 23 13 13 13
1 1 1 2 3 4 3 4 3 4 5 5 5 23 23 23 13 13 13
1 1 1 2 3 4 3 4 3 4 5 5 5 9 25 25 6 23 23 23 13 13 13
1 1 1 2 3 4 3 4 3 4 5 5 5 23 23 23 13 13 13
1 2 1 1 3 4 3 4 3 4 5 5 5 23 23 23 13 13 13
1 2 1 1 3 4 3 4 3 4 5 5 5 23 23 23 13 13 13
1 1 2 1 3 4 3 4 3 4 5 5 5
1 1 2 1 3 4 3 4 3 4 5 5 5 23 23 23 13 13 13
1 1 1 2 3 4 3 4 3 4 5 5 5
2 1 1 1 5 5 5 3 4 3 4 3 4 25 25 6 9 9 9 23 23 23 13 13 13
2 1 1 1 5 5 5 3 4 3 4 3 4 6 25 6 6 25 6 6 6 25 23 23 23 13 13 13
1 1 2 1 3 4 3 4 5 3 4 5 5 23 23 23 13 13 13
1 2 1 1 3 4 3 4 3 4 5 5 5 23 23 23 13 13 13
1 1 1 2 5 3 4 3 4 3 4 5 5 23 23 23 13 13 13
1 1 2 1 3 4 3 4 3 4 5 5 5 9 6 6 25 6 6 25 23 23 23 13 13 13
1 1 1 2 3 4 3 4 3 4 5 5 5 23 23 23 13 13 13
1 1 2 1 3 4 3 4 3 4 5 5 5 6 25 6 6 25 6 23 23 23 13 13 13
1 1 1 2 3 4 3 4 3 4 5 5 5 23 23 23 13 13 13
1 1 1 2 3 4 3 4 3 4 5 5 5 23 23 23 13 13 13
2 1 1 1 5 5 5 3 4 3 4 3 4 25 6 25 9 23 23 23 13 13 13
1 1 1 2 3 4 3 4 3 4 5 5 5 23 23 23 13 13 13
1 1 1 2 3 4 3 4 5 5 3 4 5 23 23 23 13 13 13
1 1 2 1 3 4 3 4 3 4 5 5 5 25 25 6 23 23 23 13 13 13
1 1 2 1 3 4 3 4 3 4 5 5 5 23 23 23 13 13 13
1 2 1 1 3 4 3 4 3 4 5 5 5
1 1 1 2 3 4 3 4 3 4 5 5 5 23 23 23 13 13 13
1 1 2 1 3 4 3 4 3 4 5 5 5 23 23 23 13 13 13
2 1 1 1 5 5 5 3 4 3 4 3 4 6 6 25 6 25 6 6 25 6 25 6 6 23 23 23 13 13 13
1 2 1 1 3 4 3 4 5 5 3 4 5 23 23 23 13 13 13
1 1 1 2 3 4 3 4 3 4 5 5 5 23 23 23 13 13 13
1 1 2 1 3 4 3 4 3 4 5 5 5
1 2 1 1 3 4 3 4 3 4 5 5 5 23 23 23 13 13 13
1 1 1 2 3 4 3 4 3 4 5 5 5 6 6 25 6 6 25 23 23 23 13 13 13
2 1 1 1 3 4 5 5 3 4 3 4 5 25 6 25 9 9 9 23 23 23 13 13 13
1 1 1 2 3 4 3 4 3 4 5 5 5 23 23 23 13 13 13
1 1 1 2 3 4 3 4 3 4 5 5 5
2 1 1 1 3 4 3 4 5 5 5 3 4 23 23 23 13 13 13
2 1 1 1 5 5 5 3 4 3 4 3 4 25 6 6 6 25 6 25 6 6 6 25 23 23 23 13 13 13
1 1 1 2 3 4 3 4 3 4 5 5 5 23 23 23 13 13 13
1 1 1 2 3 4 3 4 5 5 3 4 5 23 23 23 13 13 13
2 1 1 1 5 5 5 3 4 3 4 3 4 6 25 6 6 25 6 6 6 25 23 23 23 13 13 13
1 2 1 1 3 4 3 4 3 4 5 5 5 23 23 23 13 13 13
2 1 1 1 3 4 3 4 3 4 5 5 5 23 23 23 13 13 13
2 1 1 1 5 5 5 3 4 3 4 3 4 25 6 25 9 9 9 23 23 23 13 13 13
1 1 1 2 3 4 3 4 3 4 5 5 5 23 23 23 13 13 13
2 1 1 1 5 5 5 3 4 3 4 3 4 25 25 6 9 9 23 23 23 9 13 13 13
1 2 1 1 3 4 3 4 3 4 5 5 5 6 6 25 6 6 25 23 23 23 13 13 13
1 1 1 2 3 4 3 4 3 4 5 5 5 23 23 23 13 13 13
1 1 2 1 3 4 3 4 5 5 3 4 5 23 23 23 13 13 13
1 2 1 1 3 4 3 4 5 5 3 4 5 9 23 23 23 13 13 13
1 2 1 1 3 4 3 4 3 4 5 5 5 9 9
1 2 1 1 3 4 3 4 3 4 5 5 5
1 1 1 2 3 4 3 4 3 4 5 5 5
2 1 1 1 3 4 5 5 5 3 4 3 4 23 23 23 13 13 13
2 1 1 1 5 5 5 3 4 3 4 3 4 23 23 23 13 13 13
1 2 1 1 3 4 3 4 3 4 5 5 5 6 6 25 9 6 6 25 23 23 23 13 13 13
1 2 1 1 3 4 3 4 3 4 5 5 5 23 23 23 13 13 13
1 1 1 2 3 4 3 4 3 4 5 5 5 23 23 23 13 13 13
1 1 1 2 3 4 3 4 3 4 5 5 5 23 23 23 13 13 13
2 1 1 1 5 5 5 3 4 3 4 3 4 25 25 6 9 23 23 23 13 13 13
2 1 1 1 3 4 3 4 3 4 5 5 5 9 9 25 6 25 9 23 23 23 13 13 13
1 1 1 2 3 4 3 4 3 4 5 5 5
2 1 1 1 5 5 5 3 4 3 4 3 4 23 23 23 13 13 13
2 1 1 1 5 5 5 3 4 3 4 3 4 6 25 6 9 6 25 6 6 25 6 25 6 6 23 23 23 13 13 13
1 1 1 2 3 4 3 4 3 4 5 5 5 23 23 23 13 13 13
1 1 1 2 3 4 3 4 3 4 5 5 5 23 23 23 13 13 13
2 1 1 1 5 5 5 3 4 3 4 3 4 25 6 6 25 6 6 25 6 6 6 25 6 23 23 23 13 13 13
2 1 1 1 3 4 5 5 5 3 4 3 4 25 25 6 23 23 23 13 13 13
1 1 2 1 3 4 3 4 3 4 5 5 5 9 23 23 23 13 13 13
1 1 2 1 3 4 3 4 3 4 5 5 5
2 1 1 1 5 5 3 4 3 4 5 3 4 6 6 25 6 6 25 6 6 25 23 23 23 13 13 13
2 1 1 1 5 5 5 3 4 3 4 3 4 9 9 25 25 6 9 23 23 23 13 13 13
1 2 1 1 3 4 3 4 5 5 3 4 5 23 23 23 13 13 13
1 2 1 1 5 5 5 3 4 3 4 3 4 9 9 25 6 25 23 23 23 13 13 13
2 1 1 1 5 5 5 3 4 3 4 3 4 23 23 23 13 13 13
1 1 1 2 3 4 3 4 3 4 5 5 5
1 2 1 1 3 4 3 4 5 3 4 5 5 23 23 23 13 13 13
1 1 2 1 3 4 3 4 3 4 5 5 5 23 23 23 13 13 13
2 1 1 1 5 5 5 3 4 3 4 3 4 25 25 6 23 23 23 13 13 13
1 1 2 1 3 4 3 4 3 4 5 5 5
1 1 1 2 3 4 3 4 3 4 5 5 5
1 1 2 1 3 4 3 4 5 5 5 3 4 23 23 23 13 13 13
1 2 1 1 3 4 3 4 3 4 5 5 5 23 23 23 13 13 13
1 1 1 2 3 4 3 4 3 4 5 5 5 23 23 23 13 13 13
2 1 1 1 5 5 5 3 4 3 4 3 4 6 25 6 6 25 6 6 25 6 23 23 23 13 13 13
2 1 1 1 5 5 5 3 4 3 4 3 4 6 23 23 23 13 13 13
1 1 1 2 3 4 3 4 3 4 5 5 5 23 23 23 13 13 13
1 2 1 1 3 4 3 4 3 4 5 5 5
1 1 1 2 3 4 3 4 3 4 5 5 5 23 23 23 13 13 13
1 1 1 2 3 4 3 4 5 5 3 4 5 23 23 23 13 13 13
1 1 1 2 3 4 3 4 3 4 5 5 5 23 23 23 13 13 13
1 1 1 2 3 4 3 4 3 4 5 5 5 23 23 23 13 13 13
2 1 1 1 5 5 5 3 4 3 4 3 4 23 23 23 13 13 13
1 1 1 2 3 4 3 4 5 5 3 4 5
1 2 1 1 3 4 3 4 3 4 5 5 5 23 23 23 13 13 13
1 1 1 2 3 4 3 4 3 4 5 5 5
2 1 1 1 3 4 3 4 3 4 5 5 5
1 2 1 1 3 4 3 4 5 5 3 4 5 25 6 25 9 23 23 23 13 13 13
1 1 2 1 3 4 3 4 3 4 5 5 5 23 23 23 13 13 13
1 2 1 1 3 4 3 4 3 4 5 5 5 23 23 23 13 13 13
1 2 1 1 4 3 4 3 4 3 5 5 5 23 23 23 13 13 13
1 1 1 2 3 4 5 3 4 3 4 5 5 23 23 23 13 13 13
1 1 2 1 3 4 3 4 3 4 5 5 5 23 23 23 13 13 13
1 2 1 1 3 4 3 4 3 4 5 5 5 23 23 23 13 13 13
1 2 1 1 3 4 3 4 3 4 5 5 5 23 23 23 13 13 13
1 1 2 1 3 4 3 4 3 4 5 5 5 23 23 23 13 13 13
1 1 1 2 3 4 3 4 3 4 5 5 5 6 25 6 6 6 25 23 23 23 13 13 13
1 1 1 2 3 4 3 4 3 4 5 5 5 23 23 23 13 13 13
1 1 1 2 3 4 3 4 3 4 5 5 5 25 6 25 23 23 23 13 13 13
1 1 2 1 3 4 3 4 3 4 5 5 5 23 23 23 13 13 13
1 1 2 1 3 4 3 4 3 4 5 5 5 23 23 23 13 13 13
1 2 1 1 3 4 3 4 5 5 5 3 4 25 6 25 23 23 23 13 13 13
1 2 1 1 3 4 3 4 3 4 5 5 5 23 23 23 13 13 13
2 1 1 1 3 4 3 4 3 4 5 5 5
2 1 1 1 5 5 5 3 4 3 4 3 4 6 25 6 6 25 6 25 6 6 23 23 23 13 13 13
2 1 1 1 5 5 5 3 4 3 4 3 4 25 6 25 25 6 25 25 6 25 23 23 23 13 13 13
1 1 1 2 3 4 3 4 5 5 4 5 3 9
1 1 2 1 3 4 3 4 3 4 5 5 5 23 23 23 13 13 13
2 1 1 1 3 4 4 5 5 3 4 3 5 23 23 23 13 13 13
1 1 2 1 3 4 3 4 5 5 5 3 4 6 6 25 6 6 25 23 23 23 13 13 13
2 1 1 1 3 4 3 4 3 4 5 5 5 23 23 23 13 13 13
2 1 1 1 5 5 5 3 4 3 4 3 4 23 23 23 13 13 13
1 2 1 1 3 4 3 4 3 4 5 5 5 23 23 23 13 13 13
1 2 1 1 3 4 3 4 3 4 5 5 5 23 23 23 13 13 13
1 1 2 1 3 4 3 4 3 4 5 5 5 23 23 23 13 13 13
1 2 1 1 3 4 3 4 3 4 5 5 5 23 23 23 13 13 13
1 2 1 1 3 4 3 4 3 4 5 5 5 23 23 23 13 13 13
2 1 1 1 5 5 5 3 4 3 4 3 4 25 6 25 23 23 23 13 13 13
1 1 2 1 3 4 3 4 3 4 5 5 5 23 23 23 13 13 13
1 1 1 2 3 4 3 4 3 4 5 5 5 23 23 23 13 13 13
1 2 1 1 3 4 4 5 5 3 3 4 5 23 23 23 13 13 13
1 2 1 1 3 4 3 4 3 4 5 5 5 23 23 23 13 13 13
2 1 1 1 3 4 3 4 3 4 5 5 5 23 23 23 13 13 13
1 1 1 2 3 4 3 4 3 4 5 5 5 23 23 23 13 13 13
1 2 1 1 3 4 5 3 4 3 4 5 5 23 23 23 13 13 13
1 1 2 1 3 4 3 4 5 5 3 4 5 23 23 23 13 13 13
1 1 1 2 3 4 3 4 3 4 5 5 5 23 23 23 13 13 13
2 1 1 1 3 4 5 3 4 3 4 5 5
1 1 1 2 3 4 3 4 3 4 5 5 5 23 23 23 13 13 13
1 1 1 2 3 4 3 4 5 5 3 4 5 23 23 23 13 13 13
2 1 1 1 5 5 3 4 3 4 5 3 4 9 25 25 6 25 25 25 25 25 25 25 25 25 25 25 25 25 23 23 23 13 13 13
1 1 2 1 3 4 3 4 3 4 5 5 5 23 23 23 13 13 13
1 1 2 1 3 4 3 4 3 4 5 5 5 23 23 23 13 13 13
2 1 1 1 5 5 5 3 4 3 4 3 4 25 6 6 6 6 25 6 25 6 23 23 23 13 13 13
1 1 1 2 3 4 3 4 3 4 5 5 5 23 23 23 13 13 13
2 1 1 1 5 5 5 3 4 3 4 3 4 9 23 23 23 13 13 13
1 1 2 1 3 4 3 4 3 4 5 5 5
1 2 1 1 5 5 3 4 3 4 3 4 5 6 6 25 6 6 25 6 25 6 25 6 6 23 23 23 13 13 13
1 1 1 2 3 4 5 3 4 3 4 5 5 6 6 25 23 23 23 13 13 13
1 1 1 2 5 3 4 3 4 3 4 5 5 23 23 23 13 13 13
1 1 1 2 3 4 3 4 3 4 5 5 5
1 1 1 2 3 4 3 4 3 4 5 5 5 9 9 25 6 25 9 23 23 23 13 13 13
1 1 1 2 3 4 3 4 5 5 3 4 5 23 23 23 13 13 13
1 1 2 1 3 4 3 4 3 4 5 5 5 6 6 25 23 23 23 13 13 13
1 1 1 2 3 4 3 4 3 4 5 5 5 9 9 6 6 25 6 6 25 23 23 23 13 13 13
1 1 1 2 3 4 3 4 3 4 5 5 5
1 1 2 1 3 4 3 4 3 4 5 5 5 23 23 23 13 13 13
1 2 1 1 3 4 3 4 3 4 5 5 5 8 7 1 6 4 5 5 13 9 8 7 1 4 6 5 5 13 8 7 1 6 4 5 5 13
1 1 2 1 3 4 3 4 5 3 4 5 5 23 23 23 13 13 13
1 2 1 1 3 4 3 4 3 4 5 5 5 23 23 23 13 13 13
1 2 1 1 3 4 3 4 3 4 5 5 5 9 25 25 6 9 23 23 23 13 13 13
1 1 2 1 5 3 4 3 4 5 3 4 5 25 6 25 9 9 9 23 23 23 13 13 13
2 1 1 1 5 5 5 3 4 3 4 3 4 23 23 23 13 13 13
1 2 1 1 3 4 3 4 3 4 5 5 5
1 1 2 1 3 4 3 4 5 5 5 3 4 23 23 23 13 13 13
1 1 2 1 3 4 3 4 3 4 5 5 5 23 23 23 13 13 13
1 2 1 1 3 4 3 4 3 4 5 5 5 23 23 23 13 13 13
2 1 1 1 3 4 5 3 4 3 4 5 5 23 23 23 13 13 13
1 1 1 2 3 4 3 4 3 4 5 5 5 23 23 23 13 13 13
1 1 1 2 3 4 3 4 3 4 5 5 5 23 23 23 13 13 13
1 1 1 2 3 4 3 4 5 5 3 4 5 25 6 25 23 23 23 13 13 13
1 2 1 1 5 3 4 3 4 3 4 5 5 23 23 23 13 13 13
2 1 1 1 3 4 4 5 5 3 3 4 5 9 9 25 25 6 9 23 23 23 13 13 13
1 1 2 1 3 4 3 4 3 4 5 5 5 9 6 6 6 6 23 23 23 13 13 13
1 1 1 2 3 4 3 4 3 4 5 5 5 23 23 23 13 13 13
1 1 2 1 3 4 3 4 5 5 3 4 5 23 23 23 13 13 13
2 1 1 1 5 5 5 3 4 3 4 3 4 23 23 23 13 13 13
2 1 1 1 3 4 3 4 3 4 5 5 5 23 23 23 13 13 13
1 2 1 1 3 4 3 4 3 4 5 5 5 23 23 23 13 13 13
1 1 2 1 3 4 3 4 3 4 5 5 5 23 23 23 13 13 13
1 1 1 2 3 4 3 4 5 5 3 4 5 23 23 23 13 13 13
1 2 1 1 3 4 3 4 3 4 5 5 5 6 6 25 6 6 25 23 23 23 13 13 13
2 1 1 1 3 4 3 4 3 4 5 5 5 9 6 25 6 6 6 25 23 23 23 13 13 13
1 2 1 1 3 4 3 4 3 4 5 5 5 9 23 23 23 13 13 13
1 1 1 2 3 4 5 3 4 3 4 5 5 23 23 23 13 13 13
1 1 2 1 3 4 3 4 5 5 5 3 4 25 25 6 9 23 23 23 13 13 13
1 1 1 2 3 4 3 4 3 4 5 5 5 23 23 23 13 13 13
2 1 1 1 5 5 5 3 4 3 4 3 4 9 25 6 25 23 23 23 13 13 13
1 1 1 2 3 4 3 4 3 4 5 5 5 9 23 23 23 13 13 13
1 1 2 1 3 4 3 4 5 5 5 3 4 6 6 25 6 6 25 23 23 23 13 13 13
1 1 2 1 3 4 3 4 3 4 5 5 5 23 23 23 13 13 13
1 1 1 2 3 4 3 4 3 4 5 5 5
2 1 1 1 5 5 5 3 4 3 4 3 4 9 25 25 6 9 23 23 23 13 13 13
1 1 1 2 3 4 3 4 3 4 5 5 5 23 23 23 13 13 13
2 1 1 1 5 5 3 4 3 4 3 4 5 6 6 25 6 25 6 6 25 6 6 25 6 23 23 23 13 13 13
1 1 2 1 3 4 3 4 3 4 5 5 5
1 1 2 1 3 4 3 4 3 4 5 5 5 25 25 25 25 25 25 25 25 25 25 25 25 25 25 25 6 9 23 23 23 13 13 13
1 1 1 2 3 4 3 4 3 4 5 5 5 6 25 6 6 6 25 23 23 23 13 13 13
2 1 1 1 5 5 5 3 4 3 4 3 4 23 23 23 13 13 13
1 1 1 2 3 4 3 4 3 4 5 5 5 23 23 23 13 13 13
1 1 2 1 3 4 3 4 3 4 5 5 5 25 6 25 9 9 23 23 23 13 13 13
1 1 1 2 3 4 3 4 3 4 5 5 5 23 23 23 13 13 13
2 1 1 1 5 5 5 3 4 3 4 3 4 9 25 6 25 23 23 23 13 13 13
2 1 1 1 5 5 5 3 4 3 4 3 4 23 23 23 13 13 13
2 1 1 1 5 5 3 4 3 4 3 4 5 25 25 6 23 23 23 13 13 13
1 1 1 2 3 4 4 3 4 5 5 3 5 23 23 23 13 13 13
2 1 1 1 5 5 5 3 4 3 4 3 4 23 23 23 13 13 13
1 1 1 2 4 3 3 4 3 4 5 5 5 23 23 23 13 13 13
1 1 1 2 3 4 3 4 3 4 5 5 5 25 25 6 9 23 23 23 13 13 13
2 1 1 1 5 5 5 3 4 3 4 3 4 9 25 6 25 23 23 23 13 13 13
1 2 1 1 3 4 3 4 3 4 5 5 5 23 23 23 13 13 13
2 1 1 1 5 5 5 3 4 3 4 3 4 9 23 23 23 13 13 13
2 1 1 1 3 4 3 4 3 4 5 5 5 23 23 23 13 13 13
1 1 1 2 3 4 5 3 4 3 4 5 5 23 23 23 13 13 13
1 1 1 2 3 4 3 4 5 5 3 4 5
1 1 2 1 3 4 3 4 3 4 5 5 5 23 23 23 13 13 13
1 1 2 1 3 4 3 4 3 4 5 5 5 25 25 6 23 23 23 13 13 13
1 1 1 2 3 4 3 4 3 4 5 5 5 23 23 23 13 13 13
2 1 1 1 5 5 5 3 4 3 4 3 4 23 23 23 13 13 13
1 1 2 1 3 4 3 4 3 4 5 5 5
1 1 1 2 3 4 3 4 3 4 5 5 5 23 23 23 13 13 13
1 1 1 2 3 4 3 4 3 4 5 5 5 23 23 23 13 13 13
2 1 1 1 3 4 3 4 3 4 5 5 5 23 23 23 13 13 13
1 1 1 2 3 4 3 4 3 4 5 5 5 6 25 6 6 25 6 23 23 23 13 13 13
1 1 1 2 3 4 3 4 5 5 3 4 5 23 23 23 13 13 13
1 1 1 2 3 4 3 4 3 4 5 5 5 23 23 23 13 13 13
2 1 1 1 5 5 4 3 4 5 3 4 3 9 25 6 25 23 23 23 13 13 13
2 1 1 1 5 5 5 3 4 3 4 3 4 9 25 6 25 23 23 23 13 13 13
1 1 1 2 3 4 3 4 3 4 5 5 5
1 1 1 2 3 4 3 4 3 4 5 5 5 23 23 23 13 13 13
2 1 1 1 5 5 5 3 4 4 3 4 3 23 23 23 13 13 13
1 1 1 2 3 4 3 4 3 4 5 5 5 23 23 23 13 13 13
2 1 1 1 5 5 5 3 4 3 4 3 4 25 6 25 9 23 23 23 13 13 13
2 1 1 1 5 5 5 3 4 3 4 3 4 25 6 25 9 9 23 23 23 13 13 13
1 1 2 1 3 4 3 4 3 4 5 5 5 23 23 23 13 13 13
2 1 1 1 5 5 5 3 4 3 4 3 4 25 6 25 9 23 23 23 13 13 13
1 2 1 1 3 4 3 4 3 4 5 5 5 25 25 6 9 9 9 23 23 23 13 13 13
1 1 1 2 3 4 5 3 4 3 4 5 5
1 1 1 2 3 4 3 4 3 4 5 5 5 23 23 23 13 13 13
1 1 2 1 3 4 3 4 5 5 3 4 5 23 23 23 13 13 13
1 1 1 2 3 4 3 4 3 4 5 5 5
1 1 1 2 3 4 3 4 3 4 5 5 5 23 23 23 13 13 13
1 1 1 2 3 3 4 4 5 5 3 4 5 9 25 6 25 9 9 23 23 23 13 13 13
2 1 1 1 5 5 5 3 4 3 4 3 4 9 23 23 23 13 13 13
1 1 2 1 3 4 3 4 5 5 3 4 8 7 1 4 6 5 5
1 1 2 1 3 4 3 4 3 4 5 5 5 23 23 23 13 13 13
1 1 1 2 3 4 3 4 3 4 5 5 5 23 23 23 13 13 13
1 1 1 2 3 4 3 4 3 4 5 5 5
1 1 2 1 3 4 3 4 3 4 5 5 5 23 23 23 13 13 13
2 1 1 1 5 5 5 3 4 3 4 3 4 23 23 23 13 13 13
1 1 1 2 3 4 3 4 3 4 5 5 5 23 23 23 13 13 13
1 2 1 1 3 4 3 4 5 5 5 3 4 25 6 25 23 23 23 13 13 13
1 2 1 1 3 4 3 4 3 4 5 5 5 25 6 23 23 23 13 13 13
2 1 1 1 5 5 5 3 4 3 4 3 4 9 23 23 23 13 13 13
1 1 1 2 3 4 3 4 3 4 5 5 5
1 1 1 2 3 4 5 3 4 3 4 5 5
1 2 1 1 3 4 3 4 3 4 5 5 5 23 23 23 13 13 13
1 1 1 2 3 4 3 4 3 4 5 5 5 23 23 23 13 13 13
1 1 1 2 3 4 3 4 3 4 5 5 5 23 23 23 13 13 13
1 1 1 2 3 4 3 4 3 4 5 5 5 23 23 23 13 13 13
1 2 1 1 3 4 3 4 3 4 5 5 5
1 1 2 1 3 4 3 4 3 4 5 5 5 23 23 23 13 13 13
1 1 2 1 3 4 3 4 5 3 4 5 5 23 23 23 9 13 13 13
2 1 1 1 5 5 5 3 4 3 4 3 4 23 23 23 13 13 13
1 1 1 2 3 4 3 4 3 4 5 5 5 23 23 23 13 13 13
1 1 1 2 3 4 3 4 3 4 5 5 5 23 23 23 13 13 13
1 2 1 1 3 4 3 4 3 4 5 5 5 23 23 23 13 13 13
2 1 1 1 5 5 5 3 4 3 4 3 4 9 23 23 23 13 13 13
1 1 1 2 3 4 3 4 3 4 5 5 5 23 23 23 13 13 13
1 1 1 2 3 4 3 4 3 4 5 5 5
1 1 1 2 3 4 3 4 3 4 5 5 5 23 23 23 13 13 13
1 1 1 2 3 4 3 4 3 4 5 5 5 23 23 23 13 13 13
1 2 1 1 3 4 3 4 3 4 5 5 5 23 23 23 13 13 13
1 2 1 1 3 4 3 4 3 4 5 5 5
1 1 2 1 3 4 3 4 3 4 5 5 5 23 23 23 13 13 13
2 1 1 1 5 5 5 3 4 3 4 3 4 9 23 23 23 13 13 13
2 1 1 1 3 4 3 4 5 3 4 5 5
2 1 1 1 3 4 5 3 4 3 4 5 5 23 23 23 13 13 13
1 1 1 2 5 3 4 3 4 3 4 5 5 6 25 6 6 25 6 23 23 23 13 13 13
1 1 1 2 3 4 3 4 3 4 5 5 5
1 1 1 2 3 4 3 4 3 4 5 5 5
2 1 1 1 5 5 5 3 4 3 4 3 4 25 25 6 9 9 9 23 23 23 13 13 13
1 1 1 2 3 4 3 4 3 4 5 5 5 23 23 23 13 13 13
1 1 2 1 3 4 3 4 3 4 5 5 5
2 1 1 1 3 4 3 4 5 5 3 4 5 23 23 23 13 13 13
1 2 1 1 3 4 3 4 3 4 5 5 5 23 23 23 13 13 13
1 1 1 2 3 4 3 4 3 4 5 5 5 23 23 23 13 13 13
2 1 1 1 5 5 5 3 4 3 4 3 4 6 6 25 6 6 25 6 25 6 6 25 6 23 23 23 13 13 13
1 2 1 1 3 4 3 4 3 4 5 5 5
2 1 1 1 5 3 4 5 5 3 4 3 4 6 6 6 6 6 6 6 6 23 23 23 13 13 13
1 2 1 1 3 4 3 4 3 4 5 5 5 23 23 23 13 13 13
1 1 1 2 3 4 3 4 3 4 5 5 5 23 23 23 13 13 13
1 1 1 2 3 4 3 4 3 4 5 5 5
1 1 2 1 3 4 3 4 3 4 5 5 5 23 23 23 13 13 13
1 1 1 2 3 4 3 4 3 4 5 5 5 23 23 23 13 13 13
1 1 1 2 3 4 3 4 3 4 5 5 5 23 23 23 13 13 13
2 1 1 1 5 3 4 5 5 3 4 3 4 25 6 25 23 23 23 13 13 13
1 2 1 1 3 4 3 4 3 4 5 5 5 23 23 23 13 13 13
1 1 2 1 3 4 3 4 3 4 5 5 5
2 1 1 1 5 5 5 3 4 3 4 3 4 23 23 23 13 13 13
1 1 1 2 3 4 3 4 3 4 5 5 5 23 23 23 13 13 13
1 2 1 1 3 4 4 3 4 5 5 3 5 23 23 23 13 13 13
1 1 1 2 3 4 3 4 3 4 5 5 5 25 25 6 9 23 23 23 13 13 13
1 1 1 2 3 4 3 4 3 4 5 5 5 6 25 6 6 25 23 23 23 13 13 13
1 2 1 1 3 4 3 4 3 4 5 5 5
1 1 1 2 3 4 3 4 3 4 5 5 5 23 23 23 13 13 13
1 1 2 1 3 4 3 4 3 4 5 5 5 23 23 23 13 13 13
2 1 1 1 5 5 5 3 4 3 4 3 4 23 23 23 13 13 13
1 1 1 2 3 4 3 4 3 4 5 5 5 23 23 23 13 13 13
1 1 2 1 3 4 3 4 3 4 5 5 5 23 23 23 13 13 13
1 2 1 1 3 4 3 4 3 4 5 5 5 23 23 23 13 13 13
1 1 1 2 3 4 3 4 3 4 5 5 5 9 6 6 25 6 6 25 23 23 23 13 13 13
2 1 1 1 5 5 3 4 3 4 3 4 5 6 25 6 6 25 6 6 25 6 25 6 23 23 23 13 13 13
2 1 1 1 3 4 3 4 3 4 5 5 5 23 23 23 13 13 13
1 1 1 2 3 4 3 4 5 5 3 4 5 23 23 23 13 13 13
1 2 1 1 3 4 3 4 3 4 5 5 5 23 23 23 13 13 13
2 1 1 1 5 5 5 3 4 3 4 3 4 23 23 23 13 13 13
2 1 1 1 5 5 5 3 4 3 4 3 4 23 23 23 13 13 13
1 1 1 2 3 4 3 4 3 4 5 5 5
2 1 1 1 5 5 5 3 4 3 4 3 4 23 23 23 13 13 13
2 1 1 1 3 4 3 4 5 5 5 3 4 6 6 25 6 25 6 23 23 23 13 13 13
1 2 1 1 3 4 3 4 3 4 5 5 5 23 23 23 13 13 13
2 1 1 1 3 4 5 5 5 3 4 3 4 23 23 23 13 13 13
2 1 1 1 5 5 5 3 4 3 4 3 4 9 23 23 23 13 13 13
1 1 2 1 3 4 3 4 3 4 5 5 5 25 25 6 23 23 23 13 13 13
1 1 2 1 3 4 5 3 4 3 4 5 5 23 23 23 13 13 13
1 2 1 1 3 4 3 4 3 4 5 5 5
1 2 1 1 3 4 3 4 5 5 3 4 5 23 23 23 13 13 13
1 2 1 1 3 4 3 4 3 4 5 5 5 23 23 23 13 13 13
2 1 1 1 5 5 5 3 4 3 4 3 4 25 6 25 9 23 23 23 13 13 13
1 1 1 2 3 4 3 4 3 4 5 5 5 25 25 6 23 23 23 13 13 13
1 2 1 1 3 4 3 4 3 4 5 5 5 9 23 23 23 13 13 13
1 1 1 2 3 4 3 4 3 4 5 5 5 23 23 23 13 13 13
1 2 1 1 3 4 3 4 3 4 5 5 5 23 23 23 13 13 13
1 2 1 1 3 4 3 4 5 3 4 5 5 23 23 23 13 13 13
1 1 1 2 3 4 5 3 4 3 4 5 5 23 23 23 13 13 13
1 1 1 2 3 4 3 4 3 4 5 5 5 23 23 23 13 13 13
2 1 1 1 3 4 3 4 3 4 5 5 5 9 9 9 25 6 25 23 23 23 13 13 13
1 1 2 1 3 4 5 3 4 3 4 5 5 9 23 23 23 13 13 13
1 1 2 1 3 4 3 4 3 4 5 5 5
1 2 1 1 3 4 3 4 3 4 5 5 5 23 23 23 13 13 13
1 1 1 2 3 4 3 4 3 4 5 5 5 6 6 6 6 23 23 23 13 13 13
1 2 1 1 3 4 3 4 3 4 5 5 5 23 23 23 13 13 13
1 1 1 2 3 4 3 4 3 4 5 5 5 23 23 23 13 13 13
2 1 1 1 3 4 3 4 5 5 3 4 5 23 23 23 13 13 13
2 1 1 1 3 4 3 4 3 4 5 5 5 23 23 23 13 13 13
1 1 2 1 3 4 3 4 3 4 5 5 5
1 1 1 2 3 4 3 4 3 4 5 5 5
1 2 1 1 3 4 3 4 3 4 5 5 5 23 23 23 13 13 13
1 1 1 2 3 4 3 4 3 4 5 5 5 23 23 23 13 13 13
1 2 1 1 3 4 3 4 3 4 5 5 5
1 1 1 2 3 4 3 4 3 4 5 5 5 23 23 23 13 13 13
2 1 1 1 5 5 5 3 4 3 4 3 4 6 6 25 25 6 6 6 6 25 23 23 23 13 13 13
1 2 1 1 3 4 3 4 3 4 5 5 5 23 23 23 13 13 13
1 2 1 1 3 4 3 4 3 4 5 5 5 25 9 6 25 25 25 25 25 25 25 25 25 25 25 25 25 25 23 23 23 13 13 13
1 2 1 1 3 4 3 4 3 4 5 5 5 23 23 23 13 13 13
2 1 1 1 5 5 3 4 3 4 5 3 4 25 6 25 23 23 23 13 13 13
1 1 1 2 3 4 3 4 3 4 5 5 5 23 23 23 13 13 13
1 1 1 2 3 4 3 4 3 4 5 5 5
1 1 2 1 3 4 3 4 3 4 5 5 5 23 23 23 13 13 13
1 1 1 2 3 4 3 4 3 4 5 5 5 23 23 23 13 13 13
2 1 1 1 3 4 3 4 3 4 5 5 5 23 23 23 13 13 13
1 1 1 2 3 4 3 4 3 4 5 5 5 23 23 23 13 13 13
1 1 1 2 3 4 3 4 3 4 5 5 5 23 23 23 13 13 13
1 1 1 2 3 4 3 4 5 5 3 4 5 23 23 23 13 13 13
1 1 1 2 3 4 3 4 3 4 5 5 5 9 23 23 23 13 13 13
1 1 1 2 3 4 3 4 3 4 5 5 5 23 23 23 13 13 13
1 1 2 1 3 4 3 4 3 4 5 5 5 23 23 23 13 13 13
2 1 1 1 5 5 5 3 4 3 4 3 4 6 6 25 9 6 6 25 6 25 6 6 6 25 23 23 23 13 13 13
1 2 1 1 3 4 3 4 3 4 5 5 5 23 23 23 13 13 13
1 1 1 2 3 4 3 4 3 4 5 5 5 23 23 23 13 13 13
2 1 1 1 3 4 3 4 5 5 5 3 4 23 23 23 13 13 13
2 1 1 1 5 5 5 3 4 3 4 3 4 25 6 25 23 23 23 13 13 13
1 1 1 2 3 4 3 4 3 4 5 5 5 23 23 23 13 13 13
1 1 2 1 3 4 3 4 3 4 5 5 5 23 23 23 13 13 13
1 1 1 2 3 4 3 4 4 5 5 5 3 23 23 23 13 13 13
1 1 1 2 3 4 3 4 3 4 5 5 5 23 23 23 13 13 13
2 1 1 1 5 5 5 3 4 3 4 3 4 6 6 25 6 6 25 6 25 6 6 6 25 23 23 23 13 13 13
1 2 1 1 3 4 3 4 3 4 5 5 5 23 23 23 13 13 13
1 2 1 1 3 4 3 4 3 4 5 5 5 25 6 25 9 23 23 23 13 13 13
2 1 1 1 5 5 5 3 4 3 4 3 4 9 23 23 23 13 13 13
2 1 1 1 5 5 5 3 4 3 4 3 4 25 6 25 23 23 23 13 13 13
1 1 1 2 3 4 3 4 3 4 5 5 5 23 23 23 13 13 13
1 1 1 2 3 4 3 4 5 5 3 4 5 23 23 23 13 13 13
1 2 1 1 3 4 5 5 5 3 4 3 4 25 25 6 23 23 23 13 13 13
1 1 2 1 3 4 3 4 3 4 5 5 5 23 23 23 13 13 13
1 2 1 1 3 4 3 4 3 4 5 5 5 23 23 23 13 13 13
1 1 1 2 3 4 3 4 3 4 5 5 5 23 23 23 13 13 13
1 1 2 1 3 4 3 4 3 4 5 5 5
1 2 1 1 3 4 3 4 3 4 5 5 5
1 1 2 1 3 4 3 4 5 5 3 4 5 23 23 23 13 13 13
1 1 1 2 3 4 3 4 3 4 5 5 5 23 23 23 13 13 13
1 1 1 2 3 4 3 4 3 4 5 5 5 23 23 23 13 13 13
1 1 1 2 3 4 3 4 3 4 5 5 5 23 23 23 13 13 13
1 2 1 1 3 4 3 4 3 4 5 5 5 23 23 23 13 13 13
1 1 2 1 3 4 3 4 3 4 5 5 5
1 1 2 1 3 4 3 4 3 4 5 5 5 23 23 23 13 13 13
2 1 1 1 5 5 5 3 4 3 4 3 4 25 25 6 23 23 23 13 13 13
1 2 1 1 3 4 3 4 3 4 5 5 5
2 1 1 1 5 5 5 3 4 3 4 3 4 6 6 25 6 25 6 6 25 6 6 25 6 23 23 23 13 13 13
1 1 1 2 3 4 3 4 3 4 5 5 5
1 1 2 1 3 4 3 4 3 4 5 5 5 25 6 25 9 23 23 23 13 13 13
1 1 2 1 3 4 3 4 3 4 5 5 5 9 23 23 23 13 13 13
2 1 1 1 5 5 5 3 4 3 4 3 4 6 6 25 6 25 6 25 6 6 25 6 6 23 23 23 13 13 13
1 1 2 1 3 4 3 4 3 4 5 5 5
1 1 1 2 3 4 3 4 3 4 5 5 5 23 23 23 13 13 13
2 1 1 1 5 5 5 3 4 3 4 3 4 25 25 6 9 9 23 23 23 13 13 13
2 1 1 1 5 3 4 5 5 3 4 3 4 25 25 6 9 9 23 23 23 13 13 13
1 1 2 1 3 4 3 4 5 5 3 4 5 23 23 23 13 13 13
2 1 1 1 5 5 5 3 4 3 4 3 4 25 25 25 25 25 25 25 25 25 25 6 25 25 25 25 25 23 23 23 13 13 13
1 2 1 1 3 4 3 4 3 4 5 5 5 23 23 23 13 13 13
2 1 1 1 5 5 5 3 4 3 4 3 4 6 6 25 6 6 25 6 6 25 6 25 6 23 23 23 13 13 13
2 1 1 1 5 3 4 5 5 3 4 3 4 6 25 6 6 6 25 6 6 25 6 25 6 23 23 23 13 13 13
1 1 1 2 3 4 3 4 3 4 5 5 5
1 2 1 1 3 4 5 3 4 3 4 5 5
1 1 2 1 3 4 3 4 3 4 5 5 5
1 1 1 2 3 4 3 3 4 4 5 5 5 25 25 6 9 23 23 23 13 13 13
1 1 1 2 3 4 3 4 3 4 5 5 5 6 25 6 6 6 25 23 23 23 13 13 13
2 1 1 1 3 4 3 4 3 4 5 5 5 25 25 6 23 23 23 13 13 13
1 1 1 2 3 4 3 4 3 4 5 5 5 23 23 23 13 13 13
1 2 1 1 3 4 3 4 3 4 5 5 5 23 23 23 13 13 13
1 1 1 2 3 4 3 4 3 4 5 5 5 25 6 25 23 23 23 13 13 13
1 1 2 1 3 4 3 4 3 4 5 5 5 8 7 1 4 6 5 5 13 8 7 1 6 4 5 5 13 8 7 1 4 6 5 5 13
2 1 1 1 5 5 3 4 3 4 3 4 5 25 6 25 9 9 9 23 23 23 13 13 13
1 1 1 2 3 4 3 4 3 4 5 5 5 23 23 23 13 13 13
2 1 1 1 5 3 4 3 4 3 4 5 5 23 23 23 13 13 13
1 2 1 1 3 4 3 4 3 4 5 5 5
1 1 2 1 3 4 3 4 3 4 5 5 5 23 23 23 13 13 13
2 1 1 1 5 5 3 4 3 4 3 4 5 9 25 25 25 25 25 6 25 25 25 25 25 25 25 25 25 25 23 23 23 13 13 13
1 1 1 2 3 4 3 4 3 4 5 5 5 23 23 23 13 13 13
1 1 1 2 3 4 3 4 3 4 5 5 5 6 25 6 6 23 23 23 25 6 13 13 13
1 2 1 1 3 4 3 4 3 4 5 5 5 23 23 23 13 13 13
1 2 1 1 3 4 3 4 3 4 5 5 5 6 6 25 6 6 25 23 23 23 13 13 13
1 1 1 2 3 4 3 4 3 4 5 5 5 23 23 23 13 13 13
1 1 2 1 3 4 3 4 3 4 5 5 5 23 23 23 13 13 13
1 1 1 2 3 4 3 4 3 4 5 5 5 23 23 23 13 13 13
1 1 1 2 3 4 3 4 3 4 5 5 5
1 1 2 1 3 4 3 4 3 4 5 5 5 6 9 6 25 23 23 23 13 13 13
1 1 1 2 3 4 3 4 3 4 5 5 5
2 1 1 1 3 4 3 4 3 4 5 5 5 25 6 6 25 6 23 23 23 13 13 13
1 1 1 2 3 4 3 4 3 4 5 5 5 23 23 23 13 13 13
1 1 2 1 3 4 5 3 4 3 4 5 5 23 23 23 13 13 13
2 1 1 1 5 5 5 3 4 3 4 3 4 23 23 23 13 13 13
1 1 1 2 3 4 3 4 3 4 5 5 5 23 23 23 13 13 13
2 1 1 1 5 5 5 3 4 3 4 3 4 23 23 23 13 13 13
2 1 1 1 5 5 5 3 4 3 4 3 4 9 23 23 23 13 13 13
2 1 1 1 5 5 3 4 3 4 3 4 5 25 6 6 25 6 6 25 6 6 25 6 6 23 23 23 13 13 13
1 1 2 1 3 4 3 4 3 4 5 5 5 23 23 23 13 13 13
1 1 1 2 3 4 3 4 3 4 5 5 5 23 23 23 13 13 13
1 1 1 2 3 4 3 4 3 4 5 5 5 23 23 23 13 13 13
1 1 1 2 3 4 3 4 3 4 5 5 5
1 1 1 2 3 4 3 4 3 4 5 5 5
1 1 1 2 3 4 3 4 3 4 5 5 5 9 6 6 6 6 23 23 23 13 13 13
2 1 1 1 3 4 3 4 3 4 5 5 5 23 23 23 13 13 13
1 1 1 2 3 4 3 4 3 4 5 5 5 23 23 23 13 13 13
1 1 2 1 3 4 3 4 3 4 5 5 5 6 25 6 25 6 23 23 23 13 13 13
2 1 1 1 3 4 3 4 3 4 5 5 5 23 23 23 13 13 13
1 1 1 2 3 4 3 4 3 4 5 5 5 23 23 23 13 13 13
1 1 2 1 3 4 3 4 3 4 5 5 5
2 1 1 1 5 5 5 3 4 3 4 3 4 25 6 25 23 23 23 13 13 13
2 1 1 1 5 5 5 3 4 3 4 3 4 23 23 23 13 13 13
1 1 1 2 3 4 3 4 3 4 5 5 5 23 23 23 13 13 13
1 1 2 1 3 4 3 4 3 4 5 5 5 23 23 23 13 13 13
2 1 1 1 5 5 5 3 4 3 4 3 4 23 23 23 13 13 13
1 1 1 2 3 4 3 4 4 5 5 5 3 23 23 23 13 13 13
1 2 1 1 3 4 3 4 3 4 5 5 5
1 1 2 1 3 4 3 4 3 4 5 5 5 23 23 23 13 13 13
1 2 1 1 3 4 3 4 3 4 5 5 5 23 23 23 13 13 13
1 1 2 1 3 4 3 4 3 4 5 5 5 23 23 23 13 13 13
2 1 1 1 5 5 3 4 3 4 5 3 4 23 23 23 13 13 13
1 1 2 1 3 4 3 4 3 4 5 5 5 23 23 23 13 13 13
1 1 2 1 3 4 3 4 3 4 5 5 5 23 23 23 13 13 13
1 1 2 1 3 4 3 4 3 4 5 5 5 23 23 23 13 13 13
1 1 1 2 3 4 3 4 3 4 5 5 5 6 23 23 23 13 13 13
2 1 1 1 5 3 4 5 5 3 4 3 4 9 23 23 23 13 13 13
1 1 1 2 3 4 3 3 4 4 5 5 5
1 1 1 2 3 4 3 4 3 4 5 5 5 23 23 23 13 13 13
1 1 1 2 3 4 3 4 3 4 5 5 5 23 23 23 13 13 13
1 1 1 2 3 4 3 4 3 4 5 5 5
1 2 1 1 3 4 3 4 3 4 5 5 5
2 1 1 1 5 5 5 3 4 3 4 3 4 23 23 23 13 13 13
1 1 1 2 3 4 3 4 3 4 5 5 5 23 23 23 13 13 13
1 1 1 2 3 4 3 4 3 4 5 5 5 6 25 6 6 25 6 23 23 23 13 13 13
2 1 1 1 5 5 5 3 4 3 4 3 4 6 25 6 6 6 25 6 6 25 25 6 6 23 23 23 13 13 13
1 1 1 2 3 4 3 4 3 4 5 5 5
2 1 1 1 3 4 3 4 3 4 5 5 5
1 1 1 2 3 4 3 4 3 4 5 5 5
2 1 1 1 3 4 3 4 3 4 5 5 5 23 23 23 13 13 13
1 2 1 1 3 4 3 4 3 4 5 5 5 23 23 23 13 13 13
1 2 1 1 3 4 3 4 5 5 3 4 5 23 23 23 13 13 13
1 1 2 1 3 4 3 4 5 5 3 4 5 23 23 23 13 13 13
1 1 1 2 3 4 3 4 3 4 5 5 5 6 6 25 25 6 6 23 23 23 13 13 13
1 1 2 1 3 4 3 4 3 4 5 5 5
1 1 2 1 4 5 3 4 3 4 3 5 5 23 23 23 13 13 13
1 1 2 1 3 4 3 4 3 4 5 5 5 23 23 23 13 13 13
1 1 2 1 3 4 3 4 3 4 5 5 5 23 23 23 13 13 13
1 1 2 1 3 4 3 4 3 4 5 5 5
1 1 1 2 3 4 3 4 3 4 5 5 5 23 23 23 13 13 13
2 1 1 1 5 5 5 3 4 3 4 3 4 9 25 6 25 23 23 23 13 13 13
2 1 1 1 5 5 5 3 4 3 4 3 4 6 25 6 25 6 6 25 6 6 25 6 6 23 23 23 13 13 13
1 2 1 1 3 4 3 4 3 4 5 5 5 6 6 25 6 25 6 23 23 23 13 13 13
1 1 1 2 3 4 3 4 5 3 4 5 5 23 23 23 13 13 13
1 1 2 1 3 4 3 4 3 4 5 5 5 23 23 23 13 13 13
1 2 1 1 3 4 3 4 5 3 4 5 5 23 23 23 13 13 13
1 1 1 2 3 4 3 4 3 4 5 5 5
1 2 1 1 3 4 3 4 3 4 5 5 5
1 1 1 2 3 4 3 4 3 4 5 5 5
1 1 1 2 3 4 5 3 4 3 4 5 5
2 1 1 1 3 4 3 4 5 5 5 3 4 23 23 23 13 13 13
1 1 2 1 3 4 3 4 3 4 5 5 5
2 1 1 1 3 4 3 4 3 4 5 5 5 23 23 23 13 13 13
1 1 2 1 3 4 3 4 3 4 5 5 5 23 23 23 13 13 13
1 2 1 1 3 4 3 4 3 4 5 5 5
2 1 1 1 5 5 5 3 4 3 4 3 4 6 6 25 6 25 6 6 25 6 23 23 23 13 13 13
1 1 2 1 3 4 3 4 3 4 5 5 5 23 23 23 13 13 13
2 1 1 1 5 5 3 4 3 4 5 3 4 9 25 6 25 9 23 23 23 13 13 13
1 2 1 1 3 4 5 3 4 3 4 5 5 23 23 23 13 13 13
2 1 1 1 5 5 5 3 4 3 4 3 4 23 23 23 13 13 13
1 1 1 2 3 4 3 4 3 4 5 5 5 23 23 23 13 13 13
1 2 1 1 3 4 3 4 3 4 5 5 5 9
1 2 1 1 3 4 3 4 3 4 5 5 5 23 23 23 13 13 13
1 2 1 1 3 4 3 4 3 4 5 5 5 23 23 23 13 13 13
2 1 1 1 3 4 3 4 3 4 5 5 5 23 23 23 13 13 13
1 2 1 1 3 4 3 4 3 4 5 5 5 23 23 23 13 13 13
2 1 1 1 5 5 3 4 3 4 3 4 5 9 25 25 6 9 9 23 23 23 13 13 13
1 1 1 2 5 3 4 3 4 3 4 5 5 23 23 23 13 13 13
1 1 2 1 3 4 3 4 5 5 3 4 5 23 23 23 13 13 13
2 1 1 1 5 3 4 3 4 5 5 3 4 25 6 25 9 9 9 23 23 23 13 13 13
2 1 1 1 5 5 5 3 4 3 4 3 4 6 6 25 6 6 25 6 25 6 6 25 6 23 23 23 13 13 13
1 2 1 1 3 4 3 4 3 4 5 5 5 23 23 23 13 13 13
2 1 1 1 5 5 3 4 5 3 4 3 4 25 6 25 9 23 23 23 13 13 13
1 1 1 2 3 4 3 4 3 4 5 5 5 23 23 23 13 13 13
1 2 1 1 3 4 3 4 3 4 5 5 5 23 23 23 13 13 13
1 2 1 1 3 4 3 4 3 4 5 5 5 6 25 6 6 6 25 23 23 23 13 13 13
1 1 2 1 3 4 3 4 3 4 5 5 5 23 23 23 13 13 13
1 1 1 2 3 4 3 4 3 4 5 5 5 23 23 23 13 13 13
1 1 1 2 3 4 3 4 3 4 5 5 5 23 23 23 13 13 13
1 1 1 2 3 4 3 4 3 4 5 5 5 23 23 23 13 13 13
1 2 1 1 3 4 3 4 3 4 5 5 5 6 6 25 23 23 23 13 13 13
1 1 2 1 3 4 3 4 3 4 5 5 5 23 23 23 13 13 13
1 1 1 2 3 4 3 4 3 4 5 5 5 23 23 23 13 13 13
2 1 1 1 3 4 3 4 3 4 5 5 5
1 1 1 2 3 4 3 4 3 4 5 5 5 23 23 23 13 13 13
1 1 2 1 3 4 3 4 3 4 5 5 5 23 23 23 13 13 13
1 1 1 2 3 4 3 4 3 4 5 5 5 23 23 23 13 13 13
1 1 1 2 3 4 3 4 3 4 5 5 5 23 23 23 13 13 13
1 1 2 1 3 4 3 4 3 4 5 5 5 23 23 23 13 13 13
2 1 1 1 5 5 5 3 4 3 4 3 4 23 23 23 13 13 13
1 1 2 1 3 4 3 4 3 4 5 5 5
1 1 1 2 5 3 4 3 4 3 4 5 5 23 23 23 13 13 13
1 1 1 2 3 4 3 4 3 4 5 5 5 23 23 23 13 13 13
1 1 1 2 3 4 3 4 3 4 5 5 5 25 6 25 23 23 23 13 13 13
1 1 2 1 3 4 3 4 5 5 3 4 5 25 25 6 23 23 23 13 13 13
2 1 1 1 5 5 5 3 4 3 4 3 4 25 6 25 6 25 6 25 23 23 23 13 13 13
1 2 1 1 3 4 3 4 3 4 5 5 5 23 23 23 13 13 13
1 1 1 2 5 3 4 3 4 3 4 5 5 23 23 23 13 13 13
1 1 1 2 3 4 5 3 4 5 3 4 5 8 7 1 6 4 5 5 13
1 2 1 1 3 4 3 4 3 4 5 5 5 9 23 23 23 13 13 13
1 1 2 1 3 4 3 4 3 4 5 5 5
1 1 1 2 3 4 3 4 3 4 5 5 5 23 23 23 13 13 13
1 2 1 1 3 4 3 4 3 4 5 5 5 23 23 23 13 13 13
1 2 1 1 3 4 3 4 3 4 5 5 5 9 23 23 23 13 13 13
1 1 1 2 3 4 3 4 3 4 5 5 5 23 23 23 13 13 13
1 1 2 1 3 4 3 4 3 4 5 5 5 23 23 23 13 13 13
2 1 1 1 5 5 5 3 4 3 4 3 4 23 23 23 13 13 13
1 2 1 1 3 4 5 3 4 3 4 5 5
1 2 1 1 3 4 3 4 3 4 5 5 5
1 1 1 2 3 4 3 4 5 5 3 4 5
1 1 2 1 3 4 3 4 3 4 5 5 5 23 23 23 13 13 13
1 1 1 2 3 4 3 4 3 4 5 5 5 23 23 23 13 13 13
2 1 1 1 5 5 5 3 4 3 4 3 4 23 23 23 13 13 13
1 2 1 1 3 4 3 4 5 5 3 4 5 23 23 23 13 13 13
2 1 1 1 5 5 3 4 3 4 5 3 4 6 6 25 6 6 25 6 25 6 23 23 23 13 13 13
1 2 1 1 3 4 3 4 3 4 5 5 5
1 1 1 2 3 4 3 4 3 4 5 5 5 9 23 23 23 13 13 13
1 1 1 2 3 4 3 4 3 4 5 5 5 23 23 23 13 13 13
2 1 1 1 5 3 4 3 4 5 5 3 4 6 25 6 25 6 6 6 6 25 23 23 23 13 13 13
1 2 1 1 3 4 3 4 3 4 5 5 5 23 23 23 13 13 13
2 1 1 1 5 5 5 3 4 3 4 3 4 6 6 25 25 6 6 6 25 6 23 23 23 13 13 13
2 1 1 1 3 4 3 4 5 5 5 3 4 23 23 23 13 13 13
1 1 1 2 3 4 3 4 3 4 5 5 5 23 23 23 13 13 13
1 1 1 2 3 4 3 4 5 5 5 3 4
2 1 1 1 5 5 5 3 4 3 4 3 4 6 6 25 6 25 6 6 25 6 23 23 23 13 13 13
1 1 1 2 3 4 3 4 3 4 5 5 5 23 23 23 13 13 13
1 2 1 1 3 4 3 4 3 4 5 5 5 23 23 23 13 13 13
2 1 1 1 5 5 5 3 4 3 4 3 4 6 25 6 6 25 6 6 6 25 23 23 23 13 13 13
1 1 1 2 3 4 3 4 3 4 5 5 5 23 23 23 13 13 13
1 2 1 1 3 4 3 4 3 4 5 5 5
1 2 1 1 3 4 3 4 5 5 3 4 5 6 6 25 6 6 25 23 23 23 13 13 13
2 1 1 1 5 5 5 3 4 3 4 3 4 25 25 6 9 9 9 23 23 23 13 13 13
1 1 1 2 3 4 3 4 5 5 3 4 5 23 23 23 13 13 13
1 2 1 1 3 4 3 4 3 4 5 5 5
1 1 1 2 3 4 3 4 3 4 5 5 5 6 6 25 23 23 23 13 13 13
2 1 1 1 3 4 3 4 3 4 5 5 5 23 23 23 13 13 13
1 1 1 2 3 4 3 4 3 4 5 5 5 23 23 23 13 13 13
1 2 1 1 3 4 3 4 3 4 5 5 5 25 6 25 9 23 23 23 13 13 13
1 1 2 1 3 4 5 3 4 5 3 4 5 9 23 23 23 13 13 13
1 1 1 2 3 4 3 4 3 4 5 5 5 23 23 23 13 13 13
1 1 2 1 3 4 3 4 3 4 5 5 5 23 23 23 13 13 13
1 2 1 1 3 4 3 4 3 4 5 5 5 25 6 6 25 6 23 23 23 13 13 13
1 1 1 2 3 4 3 4 5 3 4 5 5 9 23 23 23 13 13 13
1 1 1 2 3 4 3 4 5 5 3 4 5
1 2 1 1 3 4 3 4 3 4 5 5 5 6 6 25 6 6 25 23 23 23 13 13 13
1 2 1 1 3 4 3 4 3 4 5 5 5
1 1 2 1 3 4 3 4 3 4 5 5 5 9 9 9 25 25 25 6 25 25 25 25 25 25 25 25 25 25 25 25 23 23 23 13 13 13
2 1 1 1 5 5 5 3 4 3 4 3 4 9 9 9 25 25 6 23 23 23 13 13 13
1 1 1 2 3 4 3 4 3 4 5 5 5 23 23 23 13 13 13
1 2 1 1 3 4 3 4 3 4 5 5 5 23 23 23 13 13 13
2 1 1 1 5 5 5 3 4 3 4 3 4 6 6 25 6 6 25 6 6 25 6 6 25 23 23 23 13 13 13
1 2 1 1 3 4 3 4 3 4 5 5 5 23 23 23 13 13 13
2 1 1 1 3 4 3 4 3 4 5 5 5 23 23 23 13 13 13
1 1 1 2 3 4 3 4 3 4 5 5 5 23 23 23 13 13 13
1 2 1 1 3 4 3 4 3 4 5 5 5 23 23 23 13 13 13
1 1 2 1 3 4 3 4 3 4 5 5 5 23 23 23 13 13 13
1 1 2 1 3 4 3 4 3 4 5 5 5 23 23 23 13 13 13
1 1 1 2 3 4 3 4 3 4 5 5 5 23 23 23 13 13 13
1 1 2 1 3 4 3 4 5 5 3 4 5
1 1 1 2 4 5 3 4 3 3 4 5 5 23 23 23 13 13 13
1 1 1 2 3 4 3 4 3 4 5 5 5 23 23 23 13 13 13
2 1 1 1 5 5 3 4 3 4 3 4 5 9 25 25 25 6 25 25 25 25 25 25 25 25 25 25 25 25 23 23 23 13 13 13
1 1 1 2 3 4 3 4 3 4 5 5 5 23 23 23 13 13 13
1 2 1 1 3 4 3 4 3 4 5 5 5
1 2 1 1 3 4 3 4 3 4 5 5 5 23 23 23 13 13 13
1 2 1 1 3 4 3 4 3 4 5 5 5 6 6 25 6 6 25 23 23 23 13 13 13
1 1 2 1 3 4 3 4 3 4 5 5 5
2 1 1 1 5 5 3 4 3 4 5 3 4 6 6 25 6 25 6 6 25 6 25 6 6 23 23 23 13 13 13
1 1 2 1 3 4 3 4 3 4 5 5 5 9 23 23 23 13 13 13
1 2 1 1 3 4 3 4 3 4 5 5 5 23 23 23 13 13 13
1 1 1 2 3 4 3 4 5 5 3 4 5 23 23 23 13 13 13
1 1 2 1 3 4 3 4 3 4 5 5 5 23 23 23 13 13 13
1 1 1 2 3 4 3 4 3 4 5 5 5 23 23 23 13 13 13
2 1 1 1 3 4 3 4 3 4 5 5 5 25 6 25 23 23 23 13 13 13
1 2 1 1 3 4 5 3 4 3 4 5 5 6 6 25 6 6 25 23 23 23 13 13 13
1 1 1 2 3 4 3 4 3 4 5 5 5
2 1 1 1 5 5 5 3 4 3 3 4 4 9 23 23 23 13 13 13
1 1 2 1 3 4 3 4 5 5 3 4 5 23 23 23 13 13 13
2 1 1 1 3 4 3 4 5 5 3 4 5 25 6 25 9 23 23 23 13 13 13
1 1 2 1 3 4 3 4 5 5 3 4 5 13 23 23 23 13 13
1 1 2 1 3 4 3 4 3 4 5 5 5 23 23 23 13 13 13
1 1 1 2 3 4 3 4 3 4 5 5 5 9 23 23 23 13 13 13
1 1 1 2 3 4 3 4 3 4 5 5 5 23 23 23 13 13 13
1 1 1 2 3 4 3 4 3 4 5 5 5
1 2 1 1 5 3 4 4 3 4 5 5 3 6 23 23 23 13 13 13
2 1 1 1 5 5 5 3 4 3 4 3 4 6 25 6 25 6 6 6 6 25 6 25 6 23 23 23 13 13 13
1 1 1 2 3 4 3 4 3 4 5 5 5 23 23 23 13 13 13
1 2 1 1 3 4 5 3 4 3 4 5 5 9 25 6 6 25 6 6 23 23 23 13 13 13
1 1 1 2 3 4 3 4 3 4 5 5 5 23 23 23 13 13 13
1 1 2 1 3 4 3 4 3 4 5 5 5 23 23 23 13 13 13
1 2 1 1 3 4 3 4 3 4 5 5 5 23 23 23 13 13 13
1 1 1 2 3 4 3 4 3 4 5 5 5 23 23 23 13 13 13
1 1 1 2 3 4 3 4 3 4 5 5 5 8 7 1 6 5 4 5 13
2 1 1 1 5 5 5 3 4 3 4 3 4 9 9 23 23 23 13 13 13
2 1 1 1 5 5 3 4 4 5 3 3 4 25 6 25 23 23 23 13 13 13
1 1 1 2 3 4 3 4 3 4 5 5 5 23 23 23 13 13 13
1 1 1 2 3 4 3 4 3 4 5 5 5 23 23 23 13 13 13
1 1 2 1 3 4 3 4 3 4 5 5 5 23 23 23 13 13 13
1 1 1 2 3 4 3 4 5 5 3 4 5 23 23 23 13 13 13
2 1 1 1 5 5 5 3 4 3 4 3 4 6 25 6 6 25 6 6 6 25 25 6 6 23 23 23 13 13 13
1 2 1 1 3 4 3 4 3 4 5 5 5 23 23 23 13 13 13
1 1 1 2 3 4 3 4 5 5 3 4 5 6 25 6 6 25 23 23 23 13 13 13
1 1 1 2 3 4 3 4 3 4 5 5 5 23 23 23 13 13 13
2 1 1 1 5 5 3 4 3 4 5 3 4 9 23 23 23 13 13 13
1 2 1 1 3 4 3 4 3 4 5 5 5 23 23 23 13 13 13
2 1 1 1 3 4 3 4 3 4 5 5 5 25 6 25 9 23 23 23 13 13 13
1 2 1 1 3 4 3 4 3 4 5 5 5 23 23 23 13 13 13
1 1 1 2 3 4 3 4 3 4 5 5 5 23 23 23 13 13 13
2 1 1 1 3 4 3 4 3 4 5 5 5 23 23 23 13 13 13
1 1 1 2 3 4 3 4 3 4 5 5 5 23 23 23 13 13 13
1 2 1 1 3 4 3 4 3 4 5 5 5 6 6 25 6 6 25 23 23 23 13 13 13
1 2 1 1 3 4 5 3 4 3 4 5 5 6 25 6 9 25 6 6 23 23 23 13 13 13
2 1 1 1 5 5 5 3 4 3 4 3 4 9 23 23 23 13 13 13
1 1 2 1 3 4 3 4 3 4 5 5 5 23 23 23 13 13 13
1 1 2 1 3 4 3 4 3 4 5 5 5 25 6 25 9 9 23 23 23 13 13 13
1 1 2 1 3 4 3 4 3 4 5 5 5 25 6 25 9 9 23 23 23 13 13 13
1 1 2 1 3 4 3 4 3 4 5 5 5 9 23 23 23 13 13 13
2 1 1 1 5 5 5 3 4 3 4 3 4 23 23 23 13 13 13
2 1 1 1 3 4 3 4 3 4 5 5 5
1 2 1 1 5 5 5 3 4 3 4 3 4 23 23 23 13 13 13
2 1 1 1 5 5 5 3 4 3 4 3 4 25 25 25 25 25 25 25 25 25 25 25 25 25 6 25 25 23 23 23 13 13 13
1 1 1 2 3 4 3 4 3 4 5 5 5 23 23 23 13 13 13
1 1 1 2 3 4 3 4 3 4 5 5 5
1 1 1 2 3 4 3 4 3 4 5 5 5 23 23 23 13 13 13
2 1 1 1 3 4 3 4 3 4 5 5 5 23 23 23 13 13 13
1 1 1 2 3 4 3 4 3 4 5 5 5 6 6 25 6 25 6 23 23 23 13 13 13
1 1 2 1 3 4 3 4 3 4 5 5 5 23 23 23 13 13 13
2 1 1 1 5 5 5 3 4 3 4 3 4 6 6 25 6 6 25 6 25 6 23 23 23 13 13 13
1 1 1 2 3 4 3 4 3 4 5 5 5
1 1 1 2 3 4 3 4 3 4 5 5 5 23 23 23 13 13 13
1 1 1 2 3 4 3 4 3 4 5 5 5 23 23 23 13 13 13
2 1 1 1 5 5 5 3 4 3 4 3 4 25 6 25 9 9 9 23 23 23 13 13 13
2 1 1 1 5 5 5 3 4 3 4 3 4 23 23 23 13 13 13
1 2 1 1 3 4 3 4 5 5 3 4 5 23 23 23 13 13 13
1 2 1 1 3 4 3 4 3 4 5 5 5 25 6 25 23 23 23 13 13 13
1 2 1 1 3 4 3 4 3 4 5 5 5 23 23 23 13 13 13
1 1 2 1 3 4 3 4 5 5 3 4 5
1 1 1 2 3 4 3 4 3 4 5 5 5 23 23 23 13 13 13
2 1 1 1 5 5 5 3 4 3 4 3 4 23 23 23 13 13 13
2 1 1 1 3 4 3 4 5 5 3 4 5 9
1 1 2 1 3 4 5 3 4 3 4 5 5 23 23 23 13 13 13
2 1 1 1 5 5 5 3 4 3 4 3 4 6 25 6 6 6 25 6 6 25 25 6 6 23 23 23 13 13 13
2 1 1 1 5 5 5 3 4 3 4 3 4 6 25 6 6 6 25 6 6 25 23 23 23 13 13 13
2 1 1 1 5 5 5 3 4 3 4 3 4 23 23 23 13 13 13
1 2 1 1 3 4 3 4 3 4 5 5 5
2 1 1 1 5 5 5 3 4 3 4 3 4 23 23 23 13 13 13
1 1 2 1 3 4 3 4 3 4 5 5 5 23 23 23 13 13 13
1 1 2 1 3 4 3 4 3 4 5 5 5 23 23 23 13 13 13
1 1 1 2 3 4 5 3 4 3 4 5 5 23 23 23 13 13 13
2 1 1 1 5 5 5 3 4 3 4 3 4 23 23 23 13 13 13
1 2 1 1 3 4 3 4 5 5 5 3 4 25 25 25 6 6 9 23 23 23 13 13 13
2 1 1 1 5 5 5 3 4 3 4 3 4 23 23 23 13 13 13
1 2 1 1 3 4 3 4 3 4 5 5 5 6 25 6 9 6 25 6 23 23 23 13 13 13
1 2 1 1 3 4 5 3 4 3 4 5 5 25 25 6 23 23 23 13 13 13
1 1 2 1 3 4 5 3 4 3 4 5 5 23 23 23 13 13 13
1 1 1 2 3 4 3 4 5 3 4 5 5 23 23 23 13 13 13
1 2 1 1 3 4 3 4 5 5 5 3 4 23 23 23 13 13 13
1 1 2 1 3 4 3 4 3 4 5 5 5 6 6 25 9 6 25 6 23 23 23 13 13 13
1 1 1 2 3 4 5 3 4 3 4 5 5
2 1 1 1 3 4 3 4 3 4 5 5 5 9 25 25 6 9 23 23 23 13 13 13
2 1 1 1 3 4 3 4 3 4 5 5 5 9 25 6 25 23 23 23 13 13 13
1 1 1 2 3 4 5 3 4 3 4 5 5 23 23 23 13 13 13
1 1 2 1 3 4 3 4 3 4 5 5 5
1 1 1 2 3 4 3 4 3 4 5 5 5 23 23 23 13 13 13
1 1 1 2 4 3 4 3 4 5 5 5 3 13 23 23 23 13 13
1 1 1 2 3 4 3 4 3 4 5 5 5
2 1 1 1 5 5 5 3 4 3 4 3 4 23 23 23 13 13 13
1 2 1 1 3 4 3 4 3 4 5 5 5 23 23 23 13 13 13
1 1 1 2 5 3 4 3 4 5 3 4 5 9 25 25 6 9 9 23 23 23 13 13 13
1 2 1 1 3 4 3 4 3 4 5 5 5
2 1 1 1 3 4 3 4 3 4 5 5 5 23 23 23 13 13 13
1 1 2 1 3 4 3 4 3 4 5 5 5 6 23 23 23 13 13 13
1 1 1 2 3 4 5 3 4 3 4 5 5 9 23 23 23 13 13 13
1 1 1 2 3 4 3 4 3 4 5 5 5 23 23 23 13 13 13
1 2 1 1 3 4 3 4 5 5 3 4 5 23 23 23 13 13 13
1 1 2 1 3 4 3 4 3 4 5 5 5 23 23 23 13 13 13
1 1 2 1 5 5 3 4 3 4 3 4 5 9 23 23 23 13 13 13
1 2 1 1 3 4 3 4 3 4 5 5 5 6 6 25 6 6 25 23 23 23 13 13 13
1 1 1 2 3 4 3 4 3 4 5 5 5
1 1 2 1 3 4 3 4 3 4 5 5 5 9
1 1 2 1 3 4 3 4 3 4 5 5 5 23 23 23 13 13 13
1 1 1 2 3 4 3 4 3 4 5 5 5 25 6 25 23 23 23 13 13 13
1 1 1 2 3 4 3 4 5 5 3 4 5 6 25 6 23 23 23 13 13 13
1 1 1 2 3 4 3 4 3 4 5 5 5 23 23 23 13 13 13
1 2 1 1 3 4 3 4 3 4 5 5 5 25 6 6 25 6 23 23 23 13 13 13
2 1 1 1 5 5 3 4 5 3 4 3 4 23 23 23 13 13 13
1 2 1 1 3 4 3 4 3 4 5 5 5 23 23 23 13 13 13
1 1 1 2 3 4 3 4 3 4 5 5 5 23 23 23 13 13 13
1 2 1 1 3 4 3 4 3 4 5 5 5 25 6 25 23 23 23 13 13 13
1 2 1 1 3 4 3 4 3 4 5 5 5 23 23 23 13 13 13
1 1 2 1 3 4 3 4 3 4 5 5 5 8 7 1 6 4 5 5 13
1 2 1 1 3 4 3 4 5 5 3 4 5 23 23 23 13 13 13
2 1 1 1 5 5 5 3 4 3 4 3 4 6 6 25 6 6 25 25 6 6 23 23 23 13 13 13
1 1 1 2 3 4 3 4 3 4 5 5 5 9 23 23 23 13 13 13
1 2 1 1 3 4 3 4 3 4 5 5 5 23 23 23 13 13 13
1 1 1 2 3 4 3 4 3 4 5 5 5 23 23 23 13 13 13
1 1 1 2 3 4 3 4 3 4 5 5 5 23 23 23 13 13 13
2 1 1 1 5 5 5 3 4 3 4 3 4 25 6 25 9 23 23 23 13 13 13
2 1 1 1 5 5 5 3 4 3 4 3 4 23 23 23 13 13 13
1 2 1 1 3 4 3 4 3 4 5 5 5
1 1 1 2 3 4 3 4 3 4 5 5 5 6 23 23 23 13 13 13
1 2 1 1 3 4 3 4 3 4 5 5 5 23 23 23 13 13 13
1 1 2 1 3 4 3 4 3 4 5 5 5 23 23 23 13 13 13
2 1 1 1 5 5 5 3 4 3 4 3 4 25 6 25 6 25 6 23 23 23 13 13 13
1 1 1 2 3 4 3 4 3 4 5 5 5 23 23 23 13 13 13
1 1 2 1 3 4 3 4 3 4 5 5 5 23 23 23 13 13 13
2 1 1 1 5 5 5 3 4 3 4 3 4 25 25 6 23 23 23 13 13 13
1 1 1 2 3 4 3 4 3 4 5 5 5 23 23 23 13 13 13
1 2 1 1 3 4 3 4 3 4 5 5 5 23 23 23 13 13 13
1 2 1 1 3 4 3 4 3 4 5 5 5 23 23 23 13 13 13
1 1 2 1 3 4 3 4 3 4 5 5 5 23 23 23 13 13 13
1 2 1 1 5 5 5 3 4 3 4 3 4 23 23 23 13 13 13
1 1 1 2 3 4 3 4 3 4 5 5 5 9 23 23 23 13 13 13
1 1 1 2 3 4 5 3 4 3 4 5 5
1 2 1 1 3 4 3 4 3 4 5 5 5
1 1 1 2 3 4 3 4 3 4 5 5 5 23 23 23 13 13 13
1 1 2 1 3 4 3 4 3 4 5 5 5 23 23 23 13 13 13
1 1 2 1 3 4 3 4 3 4 5 5 5 6 6 25 6 6 25 23 23 23 13 13 13
1 1 1 2 3 4 3 4 4 5 5 5 3 23 23 23 13 13 13
1 1 2 1 3 4 4 5 3 3 4 5 5 23 23 23 13 13 13
1 1 1 2 3 4 3 4 3 4 5 5 5 23 23 23 13 13 13
1 1 2 1 3 4 3 4 3 4 5 5 5 23 23 23 13 13 13
1 2 1 1 3 4 3 4 3 4 5 5 5
1 1 2 1 3 4 3 4 3 4 5 5 5 23 23 23 13 13 13
1 1 2 1 3 4 5 5 3 4 3 4 5 6 6 25 23 23 23 13 13 13
1 1 1 2 3 4 5 3 4 3 4 5 5 23 23 23 13 13 13
1 1 2 1 3 4 3 4 3 4 5 5 5
1 1 2 1 3 4 5 3 4 3 4 5 5 25 25 25 25 25 25 25 25 25 25 6 25 25 25 25 25 9 23 23 23 13 13 13
2 1 1 1 5 5 5 3 4 3 4 3 4 9 23 23 23 13 13 13
1 1 2 1 3 4 3 4 3 4 5 5 5
1 1 2 1 3 4 3 4 3 4 5 5 5 23 23 23 13 13 13
1 1 2 1 3 4 3 4 3 4 5 5 5
2 1 1 1 5 5 3 4 3 4 3 4 5 25 25 25 25 25 25 25 25 25 25 25 6 25 25 25 25 23 23 23 13 13 13
2 1 1 1 3 4 3 4 3 4 5 5 5 23 23 23 13 13 13
1 1 2 1 3 4 3 4 3 4 5 5 5 23 23 23 13 13 13
1 1 1 2 3 4 3 4 3 4 5 5 5 23 23 23 13 13 13
1 1 2 1 3 4 3 4 3 4 5 5 5 23 23 23 13 13 13
1 1 2 1 3 4 3 4 3 4 5 5 5 23 23 23 13 13 13
2 1 1 1 5 5 5 3 4 3 4 3 4 6 6 25 6 6 25 6 25 6 6 6 25 23 23 23 13 13 13
1 2 1 1 3 4 3 4 3 4 5 5 5 23 23 23 13 13 13
1 1 2 1 3 4 3 4 5 5 3 4 5 25 6 25 23 23 23 13 13 13
2 1 1 1 5 5 5 3 4 3 4 3 4 6 6 6 6 6 6 23 23 23 13 13 13
2 1 1 1 5 5 5 3 4 3 4 3 4 6 6 25 6 25 6 6 6 25 6 6 25 23 23 23 13 13 13
2 1 1 1 3 4 3 4 3 4 5 5 5 23 23 23 13 13 13
1 2 1 1 3 4 3 4 5 5 3 4 5 23 23 23 13 13 13
1 1 2 1 3 4 3 4 3 4 5 5 5 23 23 23 13 13 13
1 1 2 1 3 4 3 4 5 5 3 4 5 6 25 6 23 23 23 13 13 13
2 1 1 1 5 5 5 3 4 3 4 3 4 6 6 25 25 6 6 6 25 6 23 23 23 13 13 13
1 2 1 1 3 4 3 4 3 4 5 5 5 23 23 23 13 13 13
1 1 2 1 3 4 3 4 4 5 5 5 3 23 23 23 13 13 13
2 1 1 1 5 5 3 4 3 4 5 3 4 6 6 25 6 6 25 6 6 25 6 6 25 23 23 23 13 13 13
1 1 1 2 3 4 3 4 3 4 5 5 5 23 23 23 13 13 13
1 1 2 1 3 4 3 4 3 4 5 5 5
1 1 2 1 3 4 3 4 3 4 5 5 5 23 23 23 13 13 13
1 1 1 2 3 4 3 4 3 4 5 5 5 23 23 23 13 13 13
1 2 1 1 3 4 3 4 3 4 5 5 5 23 23 23 13 13 13
2 1 1 1 3 4 3 4 3 4 5 5 5
2 1 1 1 3 4 5 5 3 4 3 4 9 5 25 25 25 25 25 25 25 25 25 6 25 25 25 25 25 25 23 23 23 13 13 13
2 1 1 1 3 4 3 4 3 4 5 5 5 6 6 25 6 6 25 23 23 23 13 13 13
1 2 1 1 3 4 3 4 3 4 5 5 5 23 23 23 13 13 13
1 1 1 2 3 4 3 4 3 4 5 5 5 23 23 23 13 13 13
1 2 1 1 3 4 3 4 3 4 5 5 5
1 1 1 2 3 4 3 4 3 4 5 5 5 23 23 23 13 13 13
1 1 1 2 3 4 3 4 3 4 5 5 5 23 23 23 13 13 13
1 1 1 2 3 4 3 4 3 4 5 5 5 23 23 23 13 13 13
1 1 2 1 3 4 3 4 3 4 5 5 5 23 23 23 13 13 13
2 1 1 1 5 5 5 3 4 3 4 3 4 6 6 25 6 25 6 6 6 25 6 25 6 23 23 23 13 13 13
2 1 1 1 5 3 4 5 5 3 4 3 4 6 25 6 6 25 6 6 25 6 6 25 6 23 23 23 13 13 13
1 1 1 2 3 4 3 4 3 4 5 5 5 9 23 23 23 13 13 13
1 2 1 1 3 4 3 4 3 4 5 5 5 23 23 23 13 13 13
1 2 1 1 3 4 3 4 3 4 5 5 5 23 23 23 13 13 13
2 1 1 1 5 5 5 3 4 3 4 3 4 23 23 23 13 13 13
1 1 1 2 3 4 5 3 4 3 4 5 5 23 23 23 13 13 13
1 1 1 2 3 4 5 3 4 3 4 5 5
1 2 1 1 3 4 3 4 3 4 5 5 5 23 23 23 13 13 13
1 2 1 1 3 4 3 4 5 5 5 3 4 23 23 23 13 13 13
2 1 1 1 5 3 4 3 4 5 5 3 4 25 6 25 23 23 23 13 13 13
1 1 1 2 3 4 3 4 3 4 5 5 5 23 23 23 13 13 13
2 1 1 1 5 3 4 5 5 3 4 3 4 25 6 25 9 9 9 23 23 23 13 13 13
2 1 1 1 5 5 3 4 3 4 5 3 4 23 23 23 13 13 13
1 1 1 2 3 4 3 4 3 4 5 5 5 23 23 23 13 13 13
1 2 1 1 3 4 5 3 4 3 4 5 5
1 2 1 1 3 4 3 4 5 5 5 3 4 25 6 25 23 23 23 13 13 13
1 2 1 1 3 4 3 4 3 4 5 5 5
1 1 2 1 3 4 3 4 3 4 5 5 5 23 23 23 13 13 13
1 1 1 2 3 4 3 4 3 4 5 5 5 23 23 23 13 13 13
2 1 1 1 5 5 5 3 4 3 4 3 4 25 25 6 9 9 23 23 23 13 13 13
2 1 1 1 5 5 5 3 4 3 4 3 4 25 25 6 23 23 23 13 13 13
1 1 2 1 3 4 3 4 3 4 5 5 5
2 1 1 1 5 5 5 3 4 3 4 3 4 6 25 6 6 25 6 6 6 25 23 23 23 13 13 13
1 1 1 2 3 4 3 4 3 4 5 5 5 23 23 23 13 13 13
1 2 1 1 3 4 3 4 3 4 5 5 5
2 1 1 1 5 5 5 3 4 3 4 3 4 9 25 6 25 9 23 23 23 13 13 13
1 1 1 2 3 4 3 4 3 4 5 5 5 23 23 23 13 13 13
1 1 1 2 3 4 3 4 3 4 5 5 5 23 23 23 13 13 13
1 1 2 1 3 4 3 4 3 4 5 5 5 23 23 23 13 13 13
2 1 1 1 3 4 3 4 3 4 5 5 5 23 23 23 13 13 13
1 1 2 1 3 4 5 3 4 3 4 5 5 25 6 25 9 23 23 23 13 13 13
1 1 2 1 3 4 3 4 3 4 5 5 5 25 6 6 23 23 23 13 13 13
1 1 1 2 3 4 3 4 3 4 5 5 5 8 7 1 6 4 5 5 13
1 2 1 1 3 4 3 4 3 4 5 5 5 23 23 23 13 13 13
2 1 1 1 5 5 5 3 4 3 4 3 4 25 6 6 25 6 6 25 6 6 23 23 23 13 13 13
2 1 1 1 5 5 3 4 3 4 5 3 4 6 25 6 6 25 6 6 25 6 6 25 6 23 23 23 13 13 13
2 1 3 4 1 3 4 1 3 4 5 5 5 23 23 23 13 13 13
1 1 1 2 3 4 3 4 3 4 5 5 5 23 23 23 13 13 13
2 1 1 1 5 5 5 3 4 3 4 3 4 23 23 23 13 13 13
1 1 1 2 3 4 3 4 3 4 5 5 5 23 23 23 13 13 13
1 1 1 2 3 4 3 4 3 4 5 5 5 25 25 6 9 9 23 23 23 13 13 13
2 1 1 1 5 5 5 3 4 3 4 3 4 6 25 6 25 6 6 25 6 6 6 25 23 23 23 13 13 13
1 1 1 2 3 4 3 4 3 4 5 5 5 23 23 23 13 13 13
1 1 1 2 3 4 3 4 3 4 5 5 5
2 1 1 1 5 5 5 3 4 3 4 3 4 9 25 25 6 9 23 23 23 13 13 13
1 1 1 2 3 4 3 4 3 4 5 5 5 9 25 6 25 23 23 23 13 13 13
2 1 1 1 3 4 3 4 3 4 5 5 5
1 2 1 1 3 4 3 4 3 4 5 5 5 25 6 25 23 23 23 13 13 13
2 1 1 1 5 5 5 3 4 3 4 3 4 6 6 25 6 25 6 6 25 6 25 6 6 23 23 23 13 13 13
1 2 1 1 3 4 3 4 3 4 5 5 5 23 23 23 13 13 13
1 2 1 1 3 4 3 4 3 4 5 5 5 6 6 25 6 6 25 23 23 23 13 13 13
1 2 1 1 5 5 5 3 4 3 3 4 4 23 23 23 13 13 13
1 1 1 2 3 4 3 4 5 3 4 5 5 23 23 23 13 13 13
1 2 1 1 3 4 3 4 3 4 5 5 5
1 1 1 2 5 3 4 3 4 3 4 5 5
1 2 1 1 3 4 5 3 4 3 4 5 5 23 23 23 13 13 13
1 1 2 1 3 4 3 4 3 4 5 5 5 23 23 23 13 13 13
1 1 1 2 3 4 3 4 3 4 5 5 5 23 23 23 13 13 13
1 1 2 1 3 4 3 4 3 4 5 5 5 23 23 23 13 13 13
1 1 2 1 3 4 3 4 3 4 5 5 5 23 23 23 13 13 13
1 1 2 1 3 4 3 4 3 4 5 5 5 9 23 23 23 13 13 13
2 1 1 1 3 4 3 4 3 4 5 5 5
1 1 1 2 3 4 3 4 3 4 5 5 5 9 23 23 23 13 13 13
2 1 1 1 3 4 4 3 4 3 5 5 5 23 23 23 13 13 13
2 1 1 1 5 5 5 3 4 3 4 3 4 9 23 23 23 13 13 13
1 2 1 1 3 4 3 4 3 4 5 5 5 23 23 23 13 13 13
1 1 2 1 3 4 3 4 3 4 5 5 5
1 1 1 2 3 4 3 4 5 5 3 4 5
2 1 1 1 5 5 5 3 4 3 4 3 4 23 23 23 13 13 13
1 1 1 2 3 4 5 5 3 4 3 4 5 25 25 6 9 23 23 23 13 13 13
2 1 1 1 3 4 3 4 5 5 3 4 5 23 23 23 13 13 13
1 1 2 1 3 4 3 4 3 4 5 5 5 23 23 23 13 13 13
1 1 2 1 3 4 3 4 3 4 5 5 5
1 1 2 1 3 4 3 4 3 4 5 5 5 23 23 23 13 13 13
1 1 2 1 3 4 3 4 3 4 5 5 5 23 23 23 13 13 13
1 1 1 2 3 4 3 4 3 4 5 5 5 23 23 23 13 13 13
1 2 1 1 3 4 3 4 3 4 5 5 5
1 1 1 2 3 4 3 4 3 4 5 5 5
1 1 1 2 3 4 3 4 3 4 5 5 5
1 2 1 1 3 4 3 4 3 4 5 5 5
1 1 1 2 3 4 3 4 3 4 5 5 5 23 23 23 13 13 13
1 1 2 1 3 4 3 4 3 4 5 5 5 25 25 6 23 23 23 13 13 13
1 2 1 1 3 4 5 3 4 3 4 5 5 25 6 25 23 23 23 13 13 13
1 1 1 2 3 4 3 4 3 4 5 5 5 23 23 23 13 13 13
1 1 1 2 3 4 3 4 3 4 5 5 5
1 2 1 1 3 4 3 4 3 4 5 5 5 9 25 25 6 23 23 23 13 13 13
1 1 1 2 3 4 3 4 5 5 3 4 5 23 23 23 13 13 13
1 2 1 1 3 4 3 4 3 4 5 5 5 23 23 23 13 13 13
2 1 1 1 5 5 3 4 3 4 3 4 5 25 6 25 25 6 25 6 23 23 23 13 13 13
2 1 1 1 5 5 5 3 4 3 4 3 4 23 23 23 13 13 13
1 1 1 2 3 4 3 4 3 4 5 5 5 23 23 23 13 13 13
1 2 1 1 3 4 3 4 3 4 5 5 5 23 23 23 13 13 13
1 1 2 1 3 4 3 4 3 4 5 5 5
1 1 1 2 3 4 3 4 3 4 5 5 5 23 23 23 13 13 13
1 1 2 1 3 4 3 4 3 4 5 5 5 23 23 23 13 13 13
1 1 2 1 3 4 3 4 3 4 5 5 5 23 23 23 13 13 13
1 1 1 2 3 4 3 4 3 4 5 5 5 23 23 23 13 13 13
1 1 2 1 3 4 3 4 3 4 5 5 5
2 1 1 1 5 3 4 5 5 3 4 3 4 6 6 25 6 6 25 6 6 25 23 23 23 13 13 13
1 1 1 2 3 4 3 4 3 4 5 5 5 23 23 23 13 13 13
1 1 2 1 3 4 5 5 3 4 3 4 5 23 23 23 13 13 13
1 1 1 2 3 4 3 4 3 4 5 5 5 23 23 23 13 13 13
1 1 1 2 3 4 3 4 3 4 5 5 5 23 23 23 13 13 13
1 1 2 1 3 4 3 4 3 4 5 5 5 23 23 23 13 13 13
1 1 1 2 3 4 3 4 3 4 5 5 5 23 23 23 13 13 13
1 2 1 1 3 4 3 4 5 5 3 4 5
1 2 1 1 3 4 3 4 3 4 5 5 5 23 23 23 13 13 13
2 1 1 1 5 5 5 3 4 3 4 3 4 9 25 6 25 9 9 23 23 23 13 13 13
1 1 1 2 3 4 3 4 3 4 5 5 5 23 23 23 13 13 13
1 1 2 1 3 4 5 5 4 3 4 5 3 23 23 23 13 13 13
1 1 2 1 3 4 3 4 3 4 5 5 5 23 23 23 13 13 13
2 1 1 1 3 4 3 4 5 5 3 4 5
1 2 1 1 3 4 3 4 5 5 3 4 5
2 1 1 1 3 4 5 3 4 3 4 5 5
1 1 2 1 3 4 3 4 3 4 5 5 5 9 23 23 23 13 13 13
2 1 1 1 5 5 5 3 4 3 4 3 4 9 23 23 23 13 13 13
1 1 1 2 3 4 3 4 3 4 5 5 5 23 23 23 13 13 13
1 2 1 1 3 4 3 4 3 4 5 5 5 9 23 23 23 13 13 13
2 1 1 1 3 4 3 4 3 4 5 5 5
1 1 1 2 3 4 3 4 3 4 5 5 5
1 1 1 2 3 4 3 4 3 4 5 5 5 23 23 23 13 13 13
1 2 1 1 3 4 3 4 3 4 5 5 5 23 23 23 13 13 13
1 1 2 1 5 5 5 3 4 3 4 3 4 9 23 23 23 13 13 13
1 1 1 2 3 4 3 4 3 4 5 5 5 23 23 23 13 13 13
1 1 2 1 3 4 3 4 3 4 5 5 5 6 25 6 6 6 25 23 23 23 13 13 13
1 2 1 1 3 4 5 3 4 3 4 5 5 23 23 23 13 13 13
1 1 1 2 3 4 3 4 3 4 5 5 5
2 1 1 1 5 5 5 3 4 3 4 3 4 23 23 23 13 13 13
1 2 1 1 3 4 3 4 3 4 5 5 5 23 23 23 13 13 13
1 2 1 1 3 4 3 4 3 4 5 5 5 23 23 23 13 13 13
1 1 1 2 3 4 5 3 4 3 4 5 5 23 23 23 13 13 13
1 1 1 2 3 4 3 4 3 4 5 5 5 9 25 6 25 9 23 23 23 13 13 13
1 1 2 1 3 4 3 4 5 5 3 4 5 23 23 23 13 13 13
1 1 1 2 3 4 3 4 3 4 5 5 5 23 23 23 13 13 13
1 1 1 2 3 4 3 4 3 4 5 5 5 25 6 25 9 23 23 23 13 13 13
1 1 2 1 3 4 3 4 3 4 5 5 5 23 23 23 13 13 13
1 1 1 2 3 4 3 4 3 4 5 5 5
1 1 1 2 3 4 3 4 3 4 5 5 5 23 23 23 13 13 13
2 1 1 1 5 5 5 3 4 3 4 3 4 6 6 25 6 6 25 6 6 25 23 23 23 13 13 13
1 1 2 1 3 4 3 4 3 4 5 5 5
1 1 1 2 3 4 3 4 3 4 5 5 5 9 23 23 23 13 13 13
1 1 2 1 3 4 3 4 3 4 5 5 5 23 23 23 13 13 13
1 2 1 1 5 5 3 4 3 4 3 4 5 25 25 6 9 23 23 23 13 13 13
1 2 1 1 3 4 3 4 3 4 5 5 5
2 1 1 1 5 5 5 3 4 3 4 3 4 6 6 25 6 25 6 6 6 25 23 23 23 13 13 13
1 1 1 2 3 4 3 4 5 5 3 4 5
2 1 1 1 5 5 5 3 4 3 4 3 4 23 23 23 13 13 13
1 2 1 1 3 4 3 4 3 4 5 5 5 9 6 25 6 25 6 23 23 23 13 13 13
2 1 1 1 3 4 3 4 5 5 3 4 5
1 1 1 2 3 4 3 4 5 3 4 5 5 23 23 23 13 13 13
2 1 1 1 5 5 5 3 4 3 4 3 4 23 23 23 13 13 13
1 1 2 1 3 4 3 4 5 3 4 5 5 23 23 23 13 13 13
1 1 1 2 3 4 3 4 3 4 5 5 5
1 1 2 1 3 4 5 3 4 3 4 5 5
1 1 2 1 3 4 3 4 3 4 5 5 5
1 1 2 1 3 4 3 4 3 4 5 5 5 23 23 23 13 13 13
2 1 1 1 5 3 4 3 4 3 4 5 5 23 23 23 13 13 13
1 2 1 1 3 4 3 4 3 4 5 5 5 23 23 23 13 13 13
2 1 1 1 3 4 3 4 3 4 5 5 5 23 23 23 13 13 13
1 1 2 1 3 4 3 4 3 4 5 5 5 23 23 23 13 13 13
1 2 1 1 3 4 3 4 3 4 5 5 5 25 25 6 9 23 23 23 13 13 13
1 1 2 1 3 4 3 4 3 4 5 5 5 23 23 23 13 13 13
2 1 1 1 5 5 5 3 4 3 4 3 4 23 23 23 13 13 13
1 1 1 2 3 4 3 4 3 4 5 5 5 23 23 23 13 13 13
1 1 2 1 3 4 3 4 3 4 5 5 5 23 23 23 13 13 13
1 1 1 2 3 4 3 4 3 4 5 5 5 23 23 23 13 13 13
1 1 1 2 3 4 3 4 3 4 5 5 5
1 1 1 2 3 4 3 4 3 4 5 5 5 23 23 23 13 13 13
1 1 1 2 3 4 3 4 3 4 5 5 5 23 23 23 13 13 13
1 2 1 1 3 4 3 4 3 4 5 5 5 6 25 6 23 23 23 25 13 13 13
2 1 1 1 3 4 3 4 3 4 5 5 5 23 23 23 13 13 13
2 1 1 1 3 4 3 4 3 4 5 5 5 23 23 23 13 13 13
1 1 1 2 3 4 3 4 3 4 5 5 5 23 23 23 13 13 13
1 1 1 2 3 4 3 4 3 4 5 5 5 23 23 23 13 13 13
1 1 1 2 3 4 3 4 3 4 5 5 5 23 23 23 13 13 13
1 1 2 1 3 4 5 3 4 3 4 5 5 9 23 23 23 13 13 13
1 1 2 1 3 4 3 4 5 5 3 4 5
1 1 2 1 3 4 3 4 3 4 5 5 5
2 1 1 1 5 5 5 3 4 3 4 3 4 23 23 23 13 13 13
1 1 1 2 3 4 3 4 3 4 5 5 5 23 23 23 13 13 13
2 1 1 1 4 3 4 3 4 3 5 5 5 23 23 23 13 13 13
1 1 1 2 3 4 3 4 3 4 5 5 5 23 23 23 13 13 13
2 1 1 1 5 5 5 3 4 3 4 3 4 23 23 23 13 13 13
1 1 2 1 3 4 3 4 3 4 5 5 5 23 23 23 13 13 13
1 1 1 2 3 4 3 4 3 4 5 5 5
1 1 1 2 3 4 3 4 3 4 5 5 5 23 23 23 13 13 13
2 1 1 1 5 3 4 3 4 3 4 5 5 9 25 6 25 23 23 23 13 13 13
1 2 1 1 3 4 3 4 3 4 5 5 5
1 1 2 1 3 4 3 4 5 3 4 5 5 9 9 9 25 6 25 25 25 25 25 25 25 25 25 25 25 25 25 25 23 23 23 13 13 13
1 1 2 1 3 4 3 4 3 4 5 5 5 23 23 23 13 13 13
2 1 1 1 5 5 5 3 4 3 4 3 4 23 23 23 13 13 13
1 1 2 1 3 4 3 4 3 4 5 5 5
1 1 1 2 3 4 3 4 3 4 5 5 5 23 23 23 13 13 13
1 1 2 1 3 4 3 4 5 5 5 3 4 25 6 25 23 23 23 13 13 13
1 2 1 1 3 4 3 4 3 4 5 5 5
2 1 1 1 5 5 5 3 4 3 4 3 4 23 23 23 13 13 13
1 1 1 2 3 4 3 4 5 5 3 4 5 23 23 23 13 13 13
1 2 1 1 3 4 3 4 3 4 5 5 5 6 25 6 6 25 6 23 23 23 13 13 13
2 1 1 1 3 4 3 4 5 5 3 4 5 23 23 23 13 13 13
1 1 2 1 3 4 3 4 3 4 5 5 5
2 1 1 1 3 4 3 4 3 4 5 5 5 23 23 23 13 13 13
2 1 1 1 5 5 5 3 4 3 4 3 4 9 25 6 25 23 23 23 13 13 13
2 1 1 1 5 5 5 3 4 3 4 3 4 25 6 6 25 6 6 25 6 6 25 6 6 23 23 23 13 13 13
1 2 1 1 3 4 3 4 3 4 5 5 5 6 25 6 23 23 23 13 13 13
1 2 1 1 3 4 3 4 3 4 5 5 5 23 23 23 13 13 13
1 1 2 1 3 4 3 4 3 4 5 5 5 6 6 25 6 6 25 23 23 23 13 13 13
1 1 2 1 3 4 3 4 3 4 5 5 5 23 23 23 13 13 13
1 2 1 1 3 4 5 5 5 3 4 3 4 25 25 25 25 25 25 25 25 25 25 25 25 25 25 25 6 25 9 23 23 23 13 13 13
1 1 1 2 3 4 5 3 4 3 4 5 5 23 23 23 13 13 13
1 2 1 1 3 4 5 3 4 3 4 5 5 6 25 6 6 23 23 23 25 13 13 13
1 2 1 1 3 4 3 4 3 4 5 5 5 25 25 6 9 9 9 23 23 23 13 13 13
1 1 1 2 3 4 5 3 4 3 4 5 5 25 25 6 23 23 23 13 13 13
1 2 1 1 3 4 3 4 3 4 5 5 5 23 23 23 13 13 13
2 1 1 1 5 5 5 3 4 3 4 3 4 25 6 6 6 25 6 25 6 6 23 23 23 13 13 13
1 2 1 1 3 4 3 4 4 5 5 3 5 23 23 23 13 13 13
1 1 1 2 4 3 4 3 4 5 5 5 3 23 23 23 13 13 13
1 2 1 1 3 4 3 4 3 4 5 5 5
2 1 1 1 5 5 5 3 4 3 4 3 4 25 6 25 23 23 23 13 13 13
1 1 1 2 3 4 3 4 3 4 5 5 5 23 23 23 13 13 13
2 1 1 1 5 5 5 3 4 3 4 3 4 23 23 23 13 13 13
1 1 1 2 3 4 5 3 4 3 4 5 5 23 23 23 13 13 13
1 1 2 1 3 4 4 5 5 3 3 4 5 23 23 23 13 13 13
1 2 1 1 3 3 4 4 5 5 3 4 5 25 6 25 9 23 23 23 13 13 13
2 1 1 1 5 5 5 3 4 3 4 3 4 23 23 23 13 13 13
1 1 1 2 4 3 4 4 5 5 3 3 5 23 23 23 13 13 13
1 1 2 1 3 4 5 3 4 3 4 5 5 23 23 23 13 13 13
1 1 1 2 3 4 3 4 3 4 5 5 5 23 23 23 13 13 13
1 1 2 1 3 4 3 4 3 4 5 5 5 23 23 23 13 13 13
1 1 2 1 3 4 3 4 3 4 5 5 5 23 23 23 13 13 13
1 1 2 1 3 4 3 4 3 4 5 5 5 23 23 23 13 13 13
2 1 1 1 3 4 3 4 3 4 5 5 5 23 23 23 13 13 13
1 2 1 1 5 3 4 3 4 5 5 3 4 25 25 25 25 25 25 25 25 25 25 25 25 25 25 6 25 23 23 23 13 13 13
2 1 1 1 5 5 3 4 3 4 3 4 5 9 25 6 25 9 9 23 23 23 13 13 13
1 2 1 1 3 4 3 4 3 4 5 5 5
1 1 2 1 3 4 5 3 4 3 4 5 5 23 23 23 13 13 13
1 2 1 1 3 4 3 4 3 4 5 5 5 23 23 23 13 13 13
2 1 1 1 5 3 4 5 5 3 4 3 4 23 23 23 13 13 13
2 1 1 1 3 4 5 5 5 3 4 3 4 6 23 23 23 13 13 13
1 2 1 1 3 4 3 4 3 4 5 5 5 23 23 23 13 13 13
1 2 1 1 3 4 3 4 3 4 5 5 5
2 1 1 1 5 3 4 5 5 3 4 3 4 23 23 23 13 13 13
1 2 1 1 3 4 3 4 3 4 5 5 5 23 23 23 13 13 13
1 1 1 2 3 4 3 4 3 4 5 5 5 23 23 23 13 13 13
2 1 1 1 3 4 3 4 3 4 5 5 5 23 23 23 13 13 13
1 2 1 1 3 4 3 4 3 4 5 5 5 23 23 23 13 13 13
1 1 1 2 3 4 3 4 3 4 5 5 5 23 23 23 13 13 13
1 1 1 2 3 4 3 4 3 4 5 5 5 23 23 23 13 13 13
1 1 1 2 3 4 3 4 3 4 5 5 5 23 23 23 13 13 13
1 1 1 2 3 4 3 4 3 4 5 5 5
1 1 1 2 3 4 5 3 4 3 4 5 5 23 23 23 13 13 13
1 1 1 2 3 4 3 4 3 4 5 5 5 23 23 23 13 13 13
1 1 1 2 3 4 3 4 5 5 3 4 5 23 23 23 13 13 13
2 1 1 1 5 5 5 3 4 3 4 3 4 23 23 23 13 13 13
1 1 2 1 3 4 3 4 3 4 5 5 5
2 1 1 1 3 4 3 4 3 4 5 5 5 8 7 1 6 5 4 5 13
1 2 1 1 3 4 4 5 3 3 4 5 5 23 23 23 13 13 13
2 1 1 1 3 4 3 4 5 5 3 4 5 23 23 23 13 13 13
2 1 1 1 5 5 5 3 4 3 4 3 4 25 6 25 23 23 23 13 13 13
1 1 2 1 3 4 3 4 5 5 3 4 5 23 23 23 13 13 13
1 1 2 1 3 4 3 4 3 4 5 5 5
1 1 1 2 3 4 3 4 3 4 5 5 5 23 23 23 13 13 13
1 2 1 1 3 4 5 3 4 3 4 5 5 23 23 23 13 13 13
1 1 1 2 3 4 3 4 3 4 5 5 5 23 23 23 13 13 13
1 2 1 1 3 4 5 3 4 3 4 5 5 23 23 23 13 13 13
2 1 1 1 5 5 5 3 4 3 4 3 4 23 23 23 13 13 13
1 1 1 2 3 4 3 4 3 4 5 5 5 23 23 23 13 13 13
1 1 2 1 3 4 3 4 3 4 5 5 5 23 23 23 13 13 13
1 1 1 2 3 4 3 4 3 4 5 5 5 23 23 23 13 13 13
1 2 1 1 3 4 3 4 3 4 5 5 5 6 6 25 6 6 25 23 23 23 13 13 13
2 1 1 1 5 5 3 4 3 4 5 3 4 25 25 6 9 9 23 23 23 13 13 13
1 2 1 1 3 4 3 4 3 4 5 5 5
1 1 1 2 5 3 4 3 4 3 4 5 5 23 23 23 13 13 13
2 1 1 1 5 5 5 3 4 4 3 4 3 6 6 25 6 25 6 6 25 6 6 25 6 23 23 23 13 13 13
2 1 1 1 5 5 3 4 3 4 3 4 5 9 25 6 25 9 23 23 23 13 13 13
1 1 2 1 3 4 3 4 3 4 5 5 5 25 6 23 23 23 13 13 13
2 1 1 1 5 5 5 3 4 3 4 3 4 23 23 23 13 13 13
1 2 1 1 5 5 5 3 4 3 4 3 4 6 6 25 6 6 25 6 6 25 23 23 23 13 13 13
1 2 1 1 3 4 3 4 3 4 5 5 5 23 23 23 13 13 13
2 1 1 1 5 5 5 3 4 3 4 3 4 9 23 23 23 13 13 13
1 2 1 1 3 4 3 4 3 4 5 5 5 23 23 23 13 13 13
1 1 1 2 3 4 3 4 3 4 5 5 5
1 1 2 1 3 4 3 4 5 5 3 4 5 23 23 23 13 13 13
2 1 1 1 3 4 3 4 3 4 5 5 5 23 23 23 13 13 13
2 1 1 1 3 4 3 4 3 4 5 5 5 23 23 23 13 13 13
2 1 1 1 5 5 5 3 4 3 4 3 4 6 6 25 6 25 6 6 25 6 23 23 23 13 13 13
2 1 1 1 5 5 3 4 3 4 5 3 4 6 6 25 6 25 6 6 6 25 23 23 23 13 13 13
1 1 1 2 3 4 3 4 3 4 5 5 5 23 23 23 13 13 13
1 2 1 1 3 4 3 4 3 4 5 5 5 23 23 23 13 13 13
2 1 1 1 5 5 3 4 3 4 5 3 4 6 6 25 6 6 25 6 6 25 6 6 25 23 23 23 13 13 13
1 1 2 1 3 4 3 4 3 4 5 5 5 25 6 6 25 6 23 23 23 13 13 13
1 2 1 1 3 4 3 4 3 4 5 5 5 23 23 23 13 13 13
1 1 1 2 3 4 3 4 5 3 4 5 5 23 23 23 13 13 13
1 1 2 1 3 4 5 3 4 3 4 5 5
1 1 2 1 3 4 3 4 3 4 5 5 5 25 25 6 9 23 23 23 13 13 13
1 1 2 1 3 4 3 4 5 5 3 4 5 9 6 6 23 23 23 13 13 13
1 2 1 1 3 4 3 4 3 4 5 5 5
2 1 1 1 5 5 5 3 4 3 4 3 4 6 6 25 6 6 25 6 6 25 6 25 6 23 23 23 13 13 13
2 1 1 1 3 4 3 4 3 4 5 5 5 23 23 23 13 13 13
1 1 1 2 3 4 3 4 3 4 5 5 5 23 23 23 13 13 13
2 1 1 1 5 5 5 3 4 3 4 3 4 6 6 25 6 25 6 6 6 25 6 6 25 23 23 23 13 13 13
1 2 1 1 3 4 3 4 3 4 5 5 5 6 25 6 6 25 6 23 23 23 13 13 13
1 2 1 1 3 4 3 4 3 4 5 5 5 23 23 23 13 13 13
1 1 1 2 3 4 5 3 4 3 4 5 5 23 23 23 13 13 13
1 2 1 1 3 4 3 4 3 4 5 5 5 23 23 23 13 13 13
1 1 2 1 5 3 4 3 4 3 4 5 5 23 23 23 13 13 13
1 2 1 1 3 4 3 4 5 3 4 5 5
2 1 1 1 5 5 5 3 4 3 4 3 4 9 25 25 6 9 9 23 23 23 13 13 13
1 2 1 1 3 4 3 4 3 4 5 5 5 23 23 23 13 13 13
1 2 1 1 3 4 3 4 3 4 5 5 5
1 1 2 1 3 4 3 4 5 5 3 4 5
2 1 1 1 3 4 5 3 4 3 4 5 5 23 23 23 13 13 13
2 1 1 1 5 5 5 3 4 3 4 3 4 23 23 23 13 13 13
2 1 1 1 3 4 4 3 4 5 5 5 3 23 23 23 13 13 13
1 1 2 1 3 4 3 4 3 4 5 5 5 23 23 23 13 13 13
1 1 1 2 3 4 3 4 3 4 5 5 5 9 23 23 23 13 13 13
1 1 1 2 3 4 3 4 3 4 5 5 5 23 23 23 13 13 13
1 1 1 2 3 4 3 4 3 4 5 5 5
1 1 1 2 3 4 3 4 3 4 5 5 5 23 23 23 13 13 13
1 1 2 1 4 3 4 3 3 4 5 5 5 23 23 23 13 13 13
1 1 1 2 3 4 3 4 3 4 5 5 5 23 23 23 13 13 13
2 1 1 1 5 5 5 3 4 3 4 3 4 23 23 23 13 13 13
2 1 1 1 5 5 5 3 4 3 4 3 4 25 25 6 23 23 23 13 13 13
1 1 1 2 3 4 3 4 5 3 4 5 5
1 1 2 1 4 3 4 5 3 3 4 5 5 25 6 6 23 23 23 13 13 13
1 2 1 1 3 4 3 4 3 4 5 5 5
1 1 1 2 3 4 3 4 3 4 5 5 5
2 1 1 1 5 5 5 3 4 3 4 3 4 9 25 25 6 9 23 23 23 13 13 13
1 1 2 1 3 4 3 4 3 4 5 5 5 23 23 23 13 13 13
1 1 1 2 3 4 3 4 3 4 5 5 5 23 23 23 13 13 13
1 1 1 2 3 4 3 4 3 4 5 5 5 23 23 23 13 13 13
2 1 1 1 5 3 4 3 4 3 4 5 5
2 1 1 1 5 5 5 3 4 3 4 3 4 25 6 25 9 9 9 23 23 23 13 13 13
1 1 1 2 3 4 3 4 3 4 5 5 5 23 23 23 13 13 13
1 1 1 2 3 4 3 4 3 4 5 5 5 23 23 23 13 13 13
2 1 1 1 3 4 3 4 3 4 5 5 5
1 2 1 1 3 4 3 4 3 4 5 5 5
1 2 1 1 3 4 5 3 4 3 4 5 5
1 1 2 1 3 4 3 4 3 4 5 5 5 23 23 23 13 13 13
2 1 1 1 3 4 3 4 3 4 5 5 5 23 23 23 13 13 13
1 1 2 1 3 4 3 4 3 4 5 5 5 23 23 23 13 13 13
1 1 2 1 3 4 3 4 3 4 5 5 5 23 23 23 13 13 13
1 1 2 1 3 4 3 4 5 5 3 4 5 23 23 23 13 13 13
1 1 1 2 3 4 3 4 5 5 3 4 5 23 23 23 13 13 13
1 1 2 1 3 4 3 4 3 4 5 5 5 23 23 23 13 13 13
1 1 2 1 3 4 3 4 3 4 5 5 5 23 23 23 13 13 13
2 1 1 1 5 5 5 3 4 3 4 3 4 6 6 25 6 25 6 6 6 25 23 23 23 13 13 13
1 2 1 1 3 4 3 4 5 5 3 4 5 23 23 23 13 13 13
1 2 1 1 3 4 3 4 3 4 5 5 5 6 6 25 6 6 25 23 23 23 13 13 13
1 2 1 1 3 4 3 4 3 4 5 5 5 23 23 23 13 13 13
1 1 2 1 3 4 3 4 3 4 5 5 5
2 1 1 1 5 5 5 3 4 3 4 3 4 23 23 23 13 13 13
1 2 1 1 3 4 3 4 5 5 3 4 5 25 6 25 9 23 23 23 13 13 13
2 1 1 1 4 5 3 4 3 5 3 4 5 23 23 23 13 13 13
1 1 1 2 3 4 3 4 5 5 3 4 5
1 2 1 1 3 4 3 4 3 4 5 5 5 6 25 6 9 6 6 25 23 23 23 13 13 13
1 1 1 2 3 4 3 4 3 4 5 5 5 23 23 23 13 13 13
1 1 2 1 3 4 3 4 5 5 3 4 5
1 1 2 1 3 4 5 3 4 3 4 5 5
1 1 1 2 3 4 3 4 3 4 5 5 5 23 23 23 13 13 13
1 1 1 2 3 4 3 4 3 4 5 5 5 23 23 23 13 13 13
1 1 2 1 3 4 3 4 5 3 4 5 5 9 23 23 23 13 13 13
1 2 1 1 5 3 4 3 4 3 4 5 5 23 23 23 13 13 13
2 1 1 1 3 4 3 4 3 4 5 5 5 23 23 23 13 13 13
1 1 1 2 3 4 4 5 5 3 4 3 5 9 23 23 23 13 13 13
1 1 1 2 3 4 3 4 5 5 3 4 5 25 25 6 9 23 23 23 13 13 13
1 1 2 1 3 4 3 4 3 4 5 5 5 23 23 23 13 13 13
1 1 2 1 3 4 3 4 3 4 5 5 5 6 6 25 6 6 25 23 23 23 13 13 13
1 1 2 1 3 4 3 4 3 4 5 5 5 23 23 23 13 13 13
2 1 1 1 5 5 5 3 4 3 4 3 4 6 6 25 6 25 6 6 6 25 23 23 23 13 13 13
1 2 1 1 3 4 3 4 3 4 5 5 5 23 23 23 13 13 13
1 1 1 2 3 4 3 4 5 5 3 4 5 23 23 23 13 13 13
1 1 1 2 3 4 3 4 3 4 5 5 5
1 1 2 1 3 4 5 3 4 3 4 5 5 23 23 23 13 13 13
1 1 1 2 3 4 5 3 4 3 4 5 5 23 23 23 13 13 13
1 1 2 1 3 4 3 4 3 4 5 5 5
1 1 2 1 3 4 3 4 3 4 5 5 5 23 23 23 13 13 13
1 2 1 1 3 4 3 4 3 4 5 5 5 23 23 23 13 13 13
2 1 1 1 5 3 4 3 4 4 5 5 3 9 25 25 6 9 23 23 23 13 13 13
1 1 2 1 3 4 3 4 3 4 5 5 5 6 25 6 6 6 25 23 23 23 13 13 13
1 1 2 1 4 3 4 3 4 3 5 5 5 9 23 23 23 13 13 13
1 1 2 1 3 4 3 4 3 4 5 5 5 23 23 23 13 13 13
1 1 1 2 3 4 3 4 5 5 3 4 5 23 23 23 13 13 13
2 1 1 1 5 5 5 3 4 3 4 3 4 23 23 23 13 13 13
1 1 1 2 3 4 3 4 5 5 3 4 5 23 23 23 13 13 13
2 1 1 1 5 5 5 3 4 3 4 3 4 9 23 23 23 13 13 13
2 1 1 1 3 4 3 4 5 5 3 4 5 23 23 23 13 13 13
1 1 2 1 3 4 3 4 5 5 3 4 5 23 23 23 13 13 13
1 1 1 2 3 4 3 4 3 4 5 5 5 23 23 23 13 13 13
1 1 1 2 3 4 5 3 4 3 4 5 5 23 23 23 13 13 13
2 1 1 1 5 5 5 3 4 3 4 3 4 25 6 6 25 6 6 6 25 6 23 23 23 13 13 13
2 1 1 1 5 3 4 5 5 3 4 3 4 23 23 23 13 13 13
1 2 1 1 3 4 5 3 4 3 4 5 5 23 23 23 13 13 13
1 1 1 2 3 4 3 4 3 4 5 5 5 23 23 23 13 13 13
1 1 2 1 3 4 3 4 3 4 5 5 5 23 23 23 13 13 13
1 1 1 2 3 4 3 4 3 4 5 5 5 23 23 23 13 13 13
1 2 1 1 3 4 3 4 3 4 5 5 5
1 2 1 1 3 4 3 4 3 4 5 5 5 9
1 1 2 1 3 4 3 4 5 5 3 4 5 9 9 9 25 25 6 23 23 23 13 13 13
1 1 2 1 5 3 4 3 4 3 4 5 5 6 25 6 6 25 6 23 23 23 13 13 13
1 2 1 1 3 4 3 4 3 4 5 5 5 23 23 23 13 13 13
2 1 1 1 3 4 3 4 3 4 5 5 5
2 1 1 1 5 5 5 3 4 3 4 3 4 23 23 23 13 13 13
2 1 1 1 3 4 5 3 4 3 4 5 5 23 23 23 13 13 13
1 2 1 1 3 4 3 4 3 4 5 5 5
1 1 1 2 3 4 3 4 3 4 5 5 5
1 1 1 2 3 4 3 4 3 4 5 5 5 23 23 23 13 13 13
1 1 2 1 3 4 5 3 4 3 4 5 5 23 23 23 13 13 13
2 1 1 1 5 5 5 3 4 3 4 3 4 6 6 6 6 6 6 23 23 23 13 13 13
1 1 1 2 3 4 3 4 3 4 5 5 5 23 23 23 13 13 13
2 1 1 1 5 5 5 3 4 3 4 3 4 9 23 23 23 13 13 13
1 2 1 1 3 4 3 4 3 4 5 5 5
1 1 1 2 3 4 3 4 3 4 5 5 5 23 23 23 13 13 13
2 1 1 1 3 4 3 4 3 4 5 5 5
1 1 1 2 3 4 3 4 3 4 5 5 5
2 1 1 1 5 5 5 3 4 3 4 3 4 6 25 6 6 25 6 25 6 6 6 25 23 23 23 13 13 13
1 1 2 1 3 4 3 4 3 4 5 5 5 23 23 23 13 13 13
2 1 1 1 3 4 3 4 3 4 5 5 5 23 23 23 13 13 13
1 2 1 1 3 4 3 4 3 4 5 5 5
2 1 1 1 5 5 3 4 3 4 5 3 4 23 23 23 13 13 13
1 1 1 2 3 4 3 4 3 4 5 5 5 23 23 23 13 13 13
1 1 2 1 3 4 3 4 3 4 5 5 5 25 6 25 23 23 23 13 13 13
1 2 1 1 3 4 3 4 3 4 5 5 5 23 23 23 13 13 13
1 1 1 2 3 4 3 4 5 3 4 5 5 23 23 23 13 13 13
1 1 2 1 3 4 3 4 3 4 5 5 5 6 6 25 9 9 6 25 6 23 23 23 13 13 13
2 1 1 1 3 4 4 5 5 3 3 4 5 23 23 23 13 13 13
1 1 1 2 3 4 3 4 3 4 5 5 5 23 23 23 13 13 13
1 2 1 1 3 4 3 4 3 4 5 5 5 23 23 23 13 13 13
2 1 1 1 5 5 3 4 3 4 3 4 5 9 25 6 25 9 9 23 23 23 13 13 13
1 1 2 1 3 4 3 4 5 5 3 4 5 9 23 23 23 13 13 13
1 1 2 1 4 5 5 5 3 4 3 4 3
1 1 1 2 3 4 3 4 3 4 5 5 5 23 23 23 13 13 13
1 1 1 2 3 4 3 4 3 4 5 5 5 23 23 23 13 13 13
1 1 1 2 3 4 3 4 3 4 5 5 5 23 23 23 13 13 13
2 1 1 1 5 5 5 3 4 3 4 3 4 9 25 25 6 23 23 23 13 13 13
2 1 1 1 5 3 4 3 4 3 4 5 5 6 6 25 6 25 6 6 6 25 23 23 23 13 13 13
2 1 1 1 3 4 3 4 3 4 5 5 5 6 25 6 6 6 25 23 23 23 13 13 13
1 2 1 1 3 4 3 4 3 4 5 5 5 23 23 23 13 13 13
1 1 2 1 3 4 3 4 5 5 3 4 5 23 23 23 13 13 13
1 1 1 2 3 4 3 4 5 5 3 4 5
1 2 1 1 3 4 5 3 4 3 4 5 5 23 23 23 13 13 13
2 1 1 1 3 4 3 4 5 5 5 3 4
1 1 1 2 3 4 3 4 3 4 5 5 5 23 23 23 13 13 13
1 1 1 2 3 4 3 4 3 4 5 5 5 23 23 23 13 13 13
2 1 1 1 3 4 3 4 3 4 5 5 5 23 23 23 13 13 13
1 1 2 1 3 4 3 4 5 3 4 5 5
1 1 1 2 3 4 3 4 3 4 5 5 5 23 23 23 13 13 13
2 1 1 1 5 5 3 4 5 3 4 3 4 25 25 6 9 9 9 23 23 23 13 13 13
2 1 1 1 3 4 3 4 5 5 3 4 5
1 1 1 2 3 4 3 4 3 4 5 5 5
1 1 2 1 3 4 3 4 3 4 5 5 5 23 23 23 13 13 13
1 1 1 2 3 4 3 4 3 4 5 5 5
2 1 1 1 5 5 5 3 4 3 4 3 4 9 25 25 6 9 9 23 23 23 13 13 13
2 1 1 1 5 5 5 3 4 3 4 3 4 25 6 25 23 23 23 13 13 13
1 2 1 1 3 4 3 4 3 4 5 5 5 25 6 25 23 23 23 13 13 13
1 2 1 1 3 4 3 4 3 4 5 5 5 23 23 23 13 13 13
1 2 1 1 3 4 3 4 3 4 5 5 5 23 23 23 13 13 13
2 1 1 1 5 5 3 4 3 4 5 3 4 6 6 25 6 6 25 6 6 25 6 6 25 23 23 23 13 13 13
1 1 1 2 3 4 3 4 3 4 5 5 5 23 23 23 13 13 13
2 1 1 1 5 5 5 3 4 3 4 3 4 25 6 25 9 23 23 23 13 13 13
2 1 1 1 3 4 3 4 3 4 5 5 5 9 23 23 23 13 13 13
1 1 2 1 3 4 3 4 3 4 5 5 5 23 23 23 13 13 13
1 1 2 1 3 4 3 4 3 4 5 5 5 23 23 23 13 13 13
1 1 2 1 4 3 4 5 3 3 4 5 5 23 23 23 13 13 13
1 2 1 1 3 4 3 4 5 5 3 4 5
2 1 1 1 5 5 5 3 4 3 4 3 4 25 6 6 25 6 6 25 6 6 23 23 23 13 13 13
1 1 1 2 3 4 3 4 3 4 5 5 5 23 23 23 13 13 13
2 1 1 1 5 5 5 3 4 3 4 3 4 6 25 6 6 6 25 6 25 6 23 23 23 13 13 13
1 2 1 1 3 4 3 4 4 5 5 3 5 23 23 23 13 13 13
1 1 1 2 3 4 3 4 3 4 5 5 5 9 23 23 23 13 13 13
1 1 2 1 3 4 3 4 3 4 5 5 5 23 23 23 13 13 13
1 1 1 2 3 4 3 4 3 4 5 5 5 9 6 6 25 6 6 25 23 23 23 13 13 13
1 2 1 1 3 4 3 4 3 4 5 5 5 9 23 23 23 13 13 13
1 1 1 2 3 4 5 3 4 3 4 5 5 6 25 6 9 6 25 6 23 23 23 13 13 13
1 1 2 1 3 4 3 4 3 4 5 5 5 23 23 23 13 13 13
1 2 1 1 3 4 3 4 3 4 5 5 5
1 2 1 1 3 4 3 4 3 4 5 5 5 23 23 23 13 13 13
1 1 2 1 3 4 3 4 3 4 5 5 5 23 23 23 13 13 13
2 1 1 1 3 4 3 4 3 4 5 5 5
1 1 2 1 3 3 4 4 3 4 5 5 5 23 23 23 13 13 13
1 2 1 1 3 4 3 4 3 4 5 5 5 9 23 23 23 13 13 13
1 1 1 2 3 4 3 4 3 4 5 5 5 9
1 1 1 2 3 4 3 4 3 4 5 5 5 23 23 23 13 13 13
1 2 1 1 3 4 3 4 3 4 5 5 5 23 23 23 13 13 13
2 1 1 1 3 4 3 4 3 4 5 5 5 23 23 23 13 13 13
1 1 1 2 3 4 3 4 3 4 5 5 5 23 23 23 13 13 13
1 2 1 1 3 4 3 4 3 4 5 5 5 23 23 23 13 13 13
1 1 1 2 3 4 3 4 3 4 5 5 5 23 23 23 13 13 13
2 1 1 1 5 5 5 3 4 3 4 3 4 23 23 23 13 13 13
2 1 1 1 5 5 5 3 4 3 3 4 4 25 25 6 9 9 9 23 23 23 13 13 13
1 2 1 1 3 4 5 3 4 3 4 5 5 23 23 23 13 13 13
1 2 1 1 3 4 3 4 3 4 5 5 5 23 23 23 13 13 13
1 2 1 1 3 4 3 4 3 4 5 5 5 23 23 23 13 13 13
1 1 1 2 3 4 3 4 3 4 5 5 5 23 23 23 13 13 13
1 1 2 1 3 4 3 4 3 4 5 5 5
1 1 1 2 3 4 3 4 3 4 5 5 5
1 1 1 2 3 4 3 4 5 5 3 4 5
1 1 2 1 3 4 3 4 3 4 5 5 5 23 23 23 13 13 13
2 1 1 1 3 4 3 4 3 4 5 5 5 23 23 23 13 13 13
1 2 1 1 3 4 4 5 5 3 4 3 5 23 23 23 13 13 13
1 1 1 2 3 4 3 4 3 4 5 5 5 23 23 23 13 13 13
1 1 2 1 3 4 3 4 3 4 5 5 5 23 23 23 13 13 13
1 1 1 2 3 4 3 4 3 4 5 5 5 6 6 25 23 23 23 13 13 13
1 1 1 2 3 4 3 4 3 4 5 5 5 23 23 23 13 13 13
1 1 1 2 3 4 3 4 3 4 5 5 5
2 1 1 1 5 5 5 3 4 3 4 3 4 25 6 25 9 23 23 23 13 13 13
2 1 1 1 5 5 3 4 3 4 3 4 5 9 25 25 6 23 23 23 13 13 13
1 1 1 2 3 4 3 4 3 4 5 5 5 23 23 23 13 13 13
1 1 1 2 3 4 3 4 3 4 5 5 5 23 23 23 13 13 13
1 1 1 2 3 4 3 4 3 4 5 5 5 23 23 23 13 13 13
1 1 1 2 3 4 3 4 3 4 5 5 5 23 23 23 13 13 13
1 2 1 1 3 4 3 4 5 3 4 5 5 23 23 23 13 13 13
1 1 1 2 3 4 3 4 3 4 5 5 5 23 23 23 13 13 13
1 2 1 1 3 4 3 4 3 4 5 5 5 9 23 23 23 13 13 13
1 1 1 2 3 4 3 4 3 4 5 5 5
1 1 1 2 3 4 3 4 3 4 5 5 5 23 23 23 13 13 13
1 2 1 1 3 4 3 4 5 3 4 5 5 23 23 23 13 13 13
2 1 1 1 3 4 5 3 4 3 4 5 5 23 23 23 13 13 13
1 2 1 1 3 4 3 4 3 4 5 5 5
1 1 1 2 3 4 3 4 3 4 5 5 5 23 23 23 13 13 13
1 1 2 1 3 4 3 4 3 4 5 5 5 23 23 23 13 13 13
2 1 1 1 5 5 3 4 3 4 3 4 5 23 23 23 13 13 13
2 1 1 1 5 5 5 3 4 3 4 3 4 23 23 23 13 13 13
1 1 1 2 3 4 3 4 3 4 5 5 5
2 1 1 1 3 4 3 4 3 4 5 5 5 6 6 25 6 6 25 23 23 23 13 13 13
1 1 2 1 3 4 3 4 3 4 5 5 5 23 23 23 13 13 13
2 1 1 1 5 5 5 3 4 3 4 3 4 6 6 25 6 25 6 6 6 25 6 25 6 23 23 23 13 13 13
2 1 1 1 5 5 5 3 4 3 4 3 4 25 6 25 9 23 23 23 13 13 13
1 1 1 2 3 4 3 4 3 4 5 5 5 23 23 23 13 13 13
2 1 1 1 5 3 4 5 3 4 5 3 4 23 23 23 13 13 13
1 1 1 2 3 4 3 4 3 4 5 5 5 23 23 23 13 13 13
1 2 1 1 3 4 3 4 3 4 5 5 5 23 23 23 13 13 13
2 1 1 1 3 4 3 4 3 4 5 5 5 23 23 23 13 13 13
1 1 2 1 4 3 3 4 3 4 5 5 5 23 23 23 13 13 13
1 2 1 1 3 4 3 4 3 4 5 5 5
1 1 2 1 3 4 3 4 3 4 5 5 5 23 23 23 13 13 13
1 1 2 1 3 4 5 3 4 3 4 5 5 23 23 23 13 13 13
1 1 1 2 3 4 3 4 3 4 5 5 5 6 6 25 6 6 25 23 23 23 13 13 13
1 2 1 1 3 4 3 4 3 4 5 5 5
1 1 2 1 3 4 3 4 3 4 5 5 5 6 6 25 6 25 6 23 23 23 13 13 13
1 2 1 1 3 4 3 4 3 4 5 5 5 23 23 23 13 13 13
2 1 1 1 5 5 5 3 4 3 4 3 4 23 23 23 13 13 13
1 1 1 2 3 4 3 4 3 4 5 5 5 23 23 23 13 13 13
1 2 1 1 3 4 3 4 5 5 5 3 4 23 23 23 13 13 13
1 1 1 2 3 4 5 3 4 3 4 5 5
1 2 1 1 3 4 3 4 3 4 5 5 5 23 23 23 13 13 13
1 1 1 2 3 4 3 4 3 4 5 5 5
1 1 1 2 3 4 5 3 4 3 4 5 5 23 23 23 13 13 13
1 1 2 1 3 4 3 4 3 4 5 5 5 25 6 25 23 23 23 13 13 13
1 1 1 2 3 4 3 4 3 4 5 5 5 25 6 25 23 23 23 13 13 13
1 1 2 1 3 4 3 4 3 4 5 5 5
1 1 2 1 3 4 3 4 3 4 5 5 5 23 23 23 13 13 13
1 1 2 1 3 4 3 4 3 4 5 5 5
1 2 1 1 3 4 3 4 3 4 5 5 5 9
2 1 1 1 5 5 5 3 4 3 4 3 4 23 23 23 13 13 13
2 1 1 1 5 5 5 3 4 3 4 3 4 23 23 23 13 13 13
1 1 1 2 3 4 3 4 3 4 5 5 5 6 6 25 9 6 6 25 23 23 23 13 13 13
1 1 1 2 3 4 3 4 3 4 5 5 5 23 23 23 13 13 13
1 1 2 1 3 4 3 4 3 4 5 5 5
1 1 1 2 3 4 3 4 3 4 5 5 5
1 1 1 2 3 4 3 4 3 4 5 5 5
2 1 1 1 5 5 5 3 4 3 4 3 4 6 25 6 6 25 6 6 25 6 6 25 6 23 23 23 13 13 13
1 2 1 1 3 4 3 4 3 4 5 5 5 23 23 23 13 13 13
1 1 1 2 3 4 3 4 3 4 5 5 5 23 23 23 13 13 13
1 2 1 1 3 4 3 4 3 4 5 5 5 23 23 23 13 13 13
1 1 2 1 3 4 3 4 3 4 5 5 5 23 23 23 13 13 13
2 1 1 1 3 4 3 4 3 4 5 5 5
1 1 1 2 3 4 3 4 5 5 3 4 5 23 23 23 13 13 13
1 2 1 1 3 4 3 4 3 4 5 5 5 23 23 23 13 13 13
1 2 1 1 3 4 3 4 3 4 5 5 5
1 1 2 1 3 4 3 4 3 4 5 5 5
1 2 1 1 4 3 4 3 4 3 5 5 5 23 23 23 13 13 13
1 2 1 1 4 3 3 4 3 4 5 5 5 23 23 23 13 13 13
2 1 1 1 3 4 3 4 3 4 5 5 5 23 23 23 13 13 13
1 1 1 2 3 4 3 4 3 4 5 5 5 23 23 23 13 13 13
2 1 1 1 5 5 5 3 4 3 4 3 4 6 25 6 6 25 6 25 6 6 6 25 23 23 23 13 13 13
1 1 1 2 3 4 3 4 3 4 5 5 5 23 23 23 13 13 13
2 1 1 1 3 4 3 4 3 4 5 5 5
1 2 1 1 3 4 3 4 3 4 5 5 5 23 23 23 13 13 13
1 1 1 2 3 4 3 4 3 4 5 5 5 23 23 23 13 13 13
2 1 1 1 5 3 4 3 4 5 5 3 4 9 25 25 6 9 23 23 23 13 13 13
1 1 1 2 3 4 3 4 3 4 5 5 5 23 23 23 13 13 13
1 1 1 2 3 4 3 4 3 4 5 5 5 23 23 23 13 13 13
1 1 2 1 3 4 3 4 3 4 5 5 5 23 23 23 13 13 13
2 1 1 1 5 5 5 3 4 3 4 3 4 25 25 6 9 9 23 23 23 13 13 13
1 1 2 1 3 4 3 4 5 3 4 5 5
2 1 1 1 3 4 3 4 3 4 5 5 5 23 23 23 13 13 13
1 1 1 2 3 4 3 4 3 4 5 5 5 23 23 23 13 13 13
1 1 1 2 3 4 3 4 5 5 3 4 5 23 23 23 13 13 13
2 1 1 1 3 4 3 4 3 4 5 5 5
1 2 1 1 3 4 3 4 3 4 5 5 5 9
1 2 1 1 3 4 3 4 3 4 5 5 5 23 23 23 13 13 13
1 1 2 1 3 4 3 4 5 3 4 5 5 23 23 23 13 13 13
1 1 1 2 3 4 3 4 3 4 5 5 5 9 23 23 23 13 13 13
1 2 1 1 3 4 3 4 3 4 5 5 5 23 23 23 13 13 13
1 1 1 2 3 4 3 4 3 4 5 5 5 23 23 23 13 13 13
1 1 1 2 3 4 3 4 3 4 5 5 5 23 23 23 13 13 13
1 1 1 2 3 4 3 4 5 5 3 4 5 23 23 23 13 13 13
1 1 1 2 3 4 3 4 5 5 3 4 5 25 6 6 6 25 6 23 23 23 13 13 13
2 1 1 1 5 5 5 3 4 3 4 3 4 23 23 23 13 13 13
2 1 1 1 3 4 3 4 3 4 5 5 5
2 1 1 1 5 5 5 3 4 3 4 3 4 6 25 6 6 6 25 6 25 6 9 23 23 23 13 13 13
2 1 1 1 5 3 4 5 5 3 4 3 4 6 6 25 6 6 25 6 25 6 23 23 23 13 13 13
2 1 1 1 3 4 3 4 3 4 5 5 5 23 23 23 13 13 13
2 1 1 1 5 5 5 3 4 3 4 3 4 25 6 25 9 9 23 23 23 13 13 13
1 2 1 1 3 4 3 4 3 4 5 5 5 23 23 23 13 13 13
1 1 2 1 3 4 3 4 3 4 5 5 5 23 23 23 13 13 13
2 1 1 1 5 5 5 3 4 3 4 3 4 9 23 23 23 13 13 13
1 1 2 1 3 4 3 4 3 4 5 5 5
1 1 1 2 3 4 3 4 3 4 5 5 5 23 23 23 13 13 13
1 1 2 1 3 4 3 4 3 4 5 5 5 23 23 23 13 13 13
1 1 1 2 3 4 3 4 3 4 5 5 5 23 23 23 13 13 13
1 2 1 1 3 4 5 3 4 3 4 5 5 25 6 25 23 23 23 13 13 13
2 1 1 1 5 5 5 3 4 3 4 3 4 6 6 25 6 6 25 25 6 6 23 23 23 13 13 13
2 1 1 1 5 5 3 4 3 4 3 4 5 9 23 23 23 13 13 13
1 1 1 2 3 4 3 4 3 4 5 5 5 23 23 23 13 13 13
2 1 1 1 3 4 3 4 3 4 5 5 5 23 23 23 13 13 13
1 1 2 1 3 4 3 4 3 4 5 5 5 23 23 23 13 13 13
2 1 1 1 3 4 3 4 5 5 3 4 5 23 23 23 13 13 13
2 1 1 1 5 5 5 3 4 3 4 3 4 9 23 23 23 13 13 13
1 1 2 1 3 4 3 4 3 4 5 5 5 23 23 23 13 13 13
1 2 1 1 3 4 3 4 3 4 5 5 5 23 23 23 13 13 13
1 1 1 2 3 4 5 3 4 3 4 5 5
2 1 1 1 5 5 3 3 4 4 3 4 5 25 6 25 9 9 23 23 23 13 13 13
1 1 1 2 4 3 3 4 3 4 5 5 5 23 23 23 13 13 13
1 2 1 1 3 4 3 4 3 4 5 5 5 23 23 23 13 13 13
1 1 1 2 3 4 3 4 3 4 5 5 5 9 25 6 25 23 23 23 13 13 13
1 1 1 2 3 4 3 4 3 4 5 5 5
1 1 1 2 3 4 3 4 3 4 5 5 5 23 23 23 13 13 13
1 1 1 2 3 4 3 4 3 4 5 5 5 9 23 23 23 13 13 13
2 1 1 1 5 5 5 3 4 3 4 3 4 6 23 23 23 13 13 13
2 1 1 1 5 5 5 3 4 3 4 3 4 6 6 25 6 25 6 6 25 6 25 6 6 23 23 23 13 13 13
1 1 1 2 3 4 5 3 4 3 4 5 5 23 23 23 13 13 13
1 1 1 2 3 4 3 4 3 4 5 5 5 6 6 25 6 25 6 23 23 23 13 13 13
1 1 2 1 3 4 3 4 3 4 5 5 5 23 23 23 13 13 13
1 2 1 1 3 4 3 4 3 4 5 5 5 23 23 23 13 13 13
2 1 1 1 3 4 3 4 3 4 5 5 5 23 23 23 13 13 13
1 3 4 1 3 4 1 3 4 2 5 5 5 23 23 23 13 13 13
1 1 2 1 3 4 5 3 4 3 4 5 5
1 2 1 1 3 4 3 4 5 3 4 5 5 23 23 23 13 13 13
1 1 2 1 5 3 4 3 4 3 4 5 5 23 23 23 13 13 13
2 1 1 1 5 3 4 3 4 3 4 5 5 6 6 25 6 6 25 6 6 25 6 6 25 23 23 23 13 13 13
1 1 2 1 3 4 3 4 3 4 5 5 5 23 23 23 13 13 13
2 1 1 1 5 5 3 4 3 4 5 3 4 25 6 25 9 9 9 23 23 23 13 13 13
1 1 2 1 3 4 3 4 5 5 3 4 5 25 25 6 9 23 23 23 13 13 13
1 1 1 2 3 4 3 4 3 4 5 5 5 23 23 23 13 13 13
1 1 1 2 3 4 5 3 4 3 4 5 5 23 23 23 13 13 13
1 1 2 1 3 4 3 4 3 4 5 5 5 23 23 23 13 13 13
2 1 1 1 3 4 3 4 3 4 5 5 5 23 23 23 13 13 13
1 1 1 2 3 4 5 3 4 3 4 5 5 23 23 23 13 13 13
2 1 1 1 5 5 5 3 4 3 4 3 4 6 25 6 6 25 6 6 6 25 6 6 25 23 23 23 13 13 13
1 1 2 1 3 4 3 4 3 4 5 5 5 23 23 23 13 13 13
1 1 1 2 3 4 3 4 3 4 5 5 5 23 23 23 13 13 13
1 2 1 1 3 4 3 4 3 4 5 5 5 23 23 23 13 13 13
1 1 1 2 3 4 4 5 5 3 3 4 5 23 23 23 13 13 13
1 1 1 2 3 4 3 4 5 5 5 3 4
1 1 1 2 3 4 3 4 3 4 5 5 5 23 23 23 13 13 13
1 1 2 1 5 3 4 3 4 3 4 5 5 23 23 23 13 13 13
1 2 1 1 3 4 3 4 3 4 5 5 5 23 23 23 13 13 13
1 1 2 1 3 4 3 4 3 4 5 5 5
1 2 1 1 3 4 3 4 3 4 5 5 5
2 1 1 1 5 5 5 3 4 3 4 3 4 25 25 6 9 9 23 23 23 13 13 13
1 2 1 1 3 4 5 3 4 3 4 5 5 23 23 23 13 13 13
1 1 1 2 3 4 3 4 3 4 5 5 5 23 23 23 13 13 13
1 2 1 1 3 4 3 4 3 4 5 5 5 23 23 23 13 13 13
2 1 1 1 3 4 3 4 3 4 5 5 5 23 23 23 13 13 13
2 1 1 1 5 5 5 3 4 3 4 3 4 9 6 9 23 23 23 13 13 13
1 1 1 2 3 4 3 3 4 4 5 5 5 23 23 23 13 13 13
2 1 1 1 3 4 3 4 5 5 3 4 5 23 23 23 13 13 13
1 2 1 1 4 3 4 3 4 5 5 5 3 25 25 6 9 23 23 23 13 13 13
1 2 1 1 3 4 3 4 3 4 5 5 5 23 23 23 13 13 13
1 1 1 2 3 4 5 3 4 3 4 5 5 9 9 23 23 23 13 13 13
1 2 1 1 3 4 3 4 3 4 5 5 5
1 1 1 2 3 4 3 4 3 4 5 5 5 23 23 23 13 13 13
1 2 1 1 3 4 3 4 3 4 5 5 5 23 23 23 13 13 13
1 2 1 1 3 3 4 4 3 4 5 5 5 23 23 23 13 13 13
1 1 1 2 3 4 3 4 3 4 5 5 5 23 23 23 13 13 13
2 1 1 1 3 4 3 4 3 4 5 5 5 23 23 23 13 13 13
1 1 1 2 3 4 3 4 5 3 4 5 5 23 23 23 13 13 13
2 1 1 1 5 5 3 4 3 4 3 4 5 6 25 6 6 6 25 6 6 25 6 25 6 23 23 23 13 13 13
2 1 1 1 5 5 5 3 4 3 4 3 4 25 6 25 23 23 23 13 13 13
1 2 1 1 3 4 3 4 5 3 4 5 5
2 1 1 1 5 5 3 4 3 4 5 3 4 25 6 6 6 6 25 25 6 6 23 23 23 13 13 13
1 2 1 1 3 4 3 4 3 4 5 5 5 23 23 23 13 13 13
1 1 1 2 3 4 3 4 5 3 4 5 5 23 23 23 13 13 13
1 1 1 2 3 4 3 4 3 4 5 5 5 23 23 23 13 13 13
1 1 1 2 3 4 3 4 3 4 5 5 5 23 23 23 13 13 13
2 1 1 1 5 5 5 3 4 3 4 3 4 25 25 6 23 23 23 13 13 13
1 1 2 1 3 4 3 4 3 4 5 5 5
2 1 1 1 5 3 4 5 5 3 4 3 4 6 25 6 6 25 6 6 25 6 23 23 23 13 13 13
1 1 1 2 3 4 3 4 3 4 5 5 5
1 1 1 2 3 4 3 4 3 4 5 5 5 23 23 23 13 13 13
1 1 1 2 3 4 3 4 3 4 5 5 5
1 1 1 2 3 4 3 4 3 4 5 5 5 8 7 1 6 4 5 5 13
1 2 1 1 3 4 3 4 3 4 5 5 5 25 6 25 23 23 23 13 13 13
1 2 1 1 3 4 3 4 3 4 5 5 5 23 23 23 13 13 13
1 1 2 1 3 4 3 4 3 4 5 5 5
1 2 1 1 3 4 3 4 3 4 5 5 5 23 23 23 13 13 13
2 1 1 1 5 5 3 4 3 4 3 4 5 25 25 6 23 23 23 13 13 13
1 1 2 1 3 4 3 4 3 4 5 5 5 23 23 23 13 13 13
1 2 1 1 3 4 3 4 3 4 5 5 5 23 23 23 13 13 13
1 1 1 2 3 4 3 4 3 4 5 5 5 23 23 23 13 13 13
1 1 1 2 3 4 3 4 3 4 5 5 5 23 23 23 13 13 13
2 1 1 1 5 5 5 3 4 3 4 3 4 9 23 23 23 13 13 13
1 2 1 1 3 4 3 4 3 4 5 5 5 23 23 23 13 13 13
2 1 1 1 3 4 3 4 3 4 5 5 5
2 1 1 1 5 5 5 3 4 3 4 3 4 9 9 25 6 25 9 23 23 23 13 13 13
2 1 1 1 5 5 3 4 5 3 4 3 4 25 25 6 9 9 9 23 23 23 13 13 13
1 1 1 2 3 4 3 4 3 4 5 5 5 9 23 23 23 13 13 13
1 2 1 1 3 4 3 4 3 4 5 5 5 23 23 23 13 13 13
1 1 1 2 3 4 3 4 3 4 5 5 5
1 1 1 2 3 4 3 4 5 3 4 5 5 23 23 23 13 13 13
1 1 2 1 3 4 3 4 5 5 3 4 5 23 23 23 13 13 13
1 2 1 1 3 4 3 4 3 4 5 5 5 23 23 23 13 13 13
1 2 1 1 3 4 3 4 5 5 3 4 5 23 23 23 13 13 13
2 1 1 1 5 5 5 3 4 3 4 3 4 9 23 23 23 13 13 13
2 1 1 1 5 5 5 3 4 3 4 3 4 23 23 23 13 13 13
1 2 1 1 3 4 5 5 3 4 3 4 5 25 25 6 9 23 23 23 13 13 13
1 2 1 1 3 4 3 4 3 4 5 5 5 23 23 23 13 13 13
2 1 1 1 3 4 3 4 3 4 5 5 5 23 23 23 13 13 13
2 1 1 1 5 3 4 3 4 5 5 3 4 25 25 6 23 23 23 13 13 13
2 1 1 1 5 5 5 3 4 3 4 3 4 23 23 23 13 13 13
1 2 1 1 3 4 3 4 3 4 5 5 5 9 25 6 25 9 9 23 23 23 13 13 13
1 1 2 1 3 4 3 4 3 4 5 5 5 9 6 25 6 23 23 23 13 13 25 25 13 25
1 1 1 2 3 4 3 4 3 4 5 5 5 23 23 23 13 13 13
1 2 1 1 3 4 3 4 3 4 5 5 5
1 1 1 2 3 4 3 4 3 4 5 5 5 23 23 23 13 13 13
1 1 1 2 3 4 5 3 4 3 4 5 5 23 23 23 13 13 13
1 1 1 2 3 4 3 4 3 4 5 5 5 23 23 23 13 13 13
1 1 2 1 3 4 3 4 3 4 5 5 5 23 23 23 13 13 13
2 1 1 1 5 4 3 4 5 5 3 3 4 25 25 6 23 23 23 13 13 13
1 1 1 2 3 4 3 4 3 4 5 5 5 23 23 23 13 13 13
1 1 1 2 3 4 3 4 3 4 5 5 5 23 23 23 13 13 13
1 1 2 1 3 4 3 4 3 4 5 5 5 6 25 6 6 6 25 23 23 23 13 13 13
2 1 1 1 5 5 3 4 3 4 3 4 5 9 25 25 6 9 9 23 23 23 13 13 13
1 1 2 1 3 4 3 4 3 4 5 5 5 9 25 6 25 9 9 23 23 23 13 13 13
1 2 1 1 3 4 5 3 4 3 4 5 5
1 2 1 1 3 4 3 4 5 5 3 4 5 23 23 23 13 13 13
2 1 1 1 3 4 3 4 3 4 5 5 5 23 23 23 13 13 13
1 2 1 1 5 5 5 3 4 3 4 3 4 25 25 6 9 9 9 23 23 23 13 13 13
1 1 1 2 3 4 3 4 3 4 5 5 5
2 1 1 1 5 5 3 4 3 4 5 3 4 25 25 6 23 23 23 13 13 13
1 2 1 1 3 4 3 4 3 4 5 5 5
1 1 1 2 3 4 3 4 3 4 5 5 5 23 23 23 13 13 13
1 2 1 1 3 4 3 4 5 5 3 4 5 23 23 23 13 13 13
2 1 1 1 5 5 5 3 4 3 4 3 4 25 25 6 9 23 23 23 13 13 13
2 1 1 1 5 5 5 3 4 3 4 3 4 25 25 6 9 23 23 23 13 13 13
2 1 1 1 3 4 3 4 5 5 3 4 5 23 23 23 13 13 13
1 2 1 1 3 4 3 4 3 4 5 5 5 23 23 23 13 13 13
1 2 1 1 3 4 3 4 3 4 5 5 5 23 23 23 13 13 13
2 1 1 1 5 5 3 4 3 4 5 3 4 6 25 6 6 25 6 25 6 6 6 25 23 23 23 13 13 13
1 1 1 2 3 4 3 4 3 4 5 5 5 23 23 23 13 13 13
2 1 1 1 4 3 4 4 5 5 5 3 3 23 23 23 13 13 13
1 1 2 1 3 4 3 4 5 5 3 4 5 23 23 23 13 13 13
1 1 2 1 3 4 5 3 4 3 4 5 5 23 23 23 13 13 13
2 1 1 1 5 5 5 3 4 3 4 3 4 25 6 25 9 9 23 23 23 13 13 13
2 1 1 1 5 5 5 3 4 3 4 3 4 6 6 25 9 6 25 6 6 6 25 6 6 25 23 23 23 13 13 13
1 2 1 1 3 4 3 4 3 4 5 5 5 23 23 23 13 13 13
1 1 2 1 3 4 3 4 3 4 5 5 5 23 23 23 13 13 13
1 2 1 1 3 4 3 4 3 4 5 5 5 23 23 23 13 13 13
2 1 1 1 5 5 5 3 4 3 4 3 4 6 6 25 6 25 6 6 25 6 23 23 23 13 13 13
1 2 1 1 3 4 3 4 3 4 5 5 5 23 23 23 13 13 13
2 1 1 1 3 4 3 4 3 4 5 5 5
1 1 2 1 3 4 3 4 3 4 5 5 5 23 23 23 13 13 13
1 1 1 2 3 4 3 4 3 4 5 5 5 9 23 23 23 13 13 13
1 2 1 1 3 4 3 4 3 4 5 5 5 9
1 1 1 2 3 4 3 4 3 4 5 5 5
1 2 1 1 3 4 3 4 3 4 5 5 5 25 25 6 9 23 23 23 13 13 13
1 2 1 1 3 4 3 4 3 4 5 5 5 23 23 23 13 13 13
1 1 1 2 3 4 3 4 3 4 5 5 5 23 23 23 13 13 13
2 1 1 1 5 5 5 3 4 3 4 3 4 23 23 23 13 13 13
2 1 1 1 5 5 3 4 3 4 5 3 4 6 6 25 6 6 25 6 25 6 23 23 23 13 13 13
1 1 2 1 3 4 3 4 3 4 5 5 5 23 23 23 13 13 13
1 1 2 1 3 4 3 4 3 4 5 5 5
1 2 1 1 3 4 3 4 3 4 5 5 5 23 23 23 13 13 13
1 1 1 2 3 4 3 4 3 4 5 5 5 23 23 23 13 13 13
1 1 1 2 3 4 3 4 3 4 5 5 5 23 23 23 13 13 13
1 1 2 1 3 4 3 4 3 4 5 5 5 23 23 23 13 13 13
1 1 1 2 3 4 5 3 4 3 4 5 5 23 23 23 13 13 13
1 1 2 1 3 4 3 4 3 4 5 5 5 23 23 23 13 13 13
1 2 1 1 3 4 3 4 3 4 5 5 5 23 23 23 13 13 13
1 1 1 2 3 4 3 4 3 4 5 5 5 23 23 23 13 13 13
1 2 1 1 3 4 3 4 3 4 5 5 5 23 23 23 13 13 13
1 1 2 1 3 4 3 4 3 4 5 5 5 23 23 23 13 13 13
2 1 1 1 5 5 3 4 3 4 3 4 5 25 6 25 9 23 23 23 13 13 13
1 2 1 1 3 4 3 4 3 4 5 5 5 9 23 23 23 13 13 13
1 1 1 2 3 4 3 4 3 4 5 5 5
1 1 2 1 3 4 3 4 3 4 5 5 5
2 1 1 1 4 5 5 5 3 3 4 3 4 6 25 6 25 6 6 25 6 6 23 23 23 13 13 13
1 1 2 1 3 4 3 4 3 4 5 5 5 23 23 23 13 13 13
2 1 1 1 5 5 5 3 4 3 4 3 4 23 23 23 13 13 13
1 2 1 1 3 4 3 4 5 3 4 5 5 23 23 23 13 13 13
1 1 1 2 3 4 3 4 3 4 5 5 5 23 23 23 13 13 13
1 2 1 1 3 4 3 4 3 4 5 5 5 23 23 23 13 13 13
1 1 1 2 3 4 3 4 3 4 5 5 5 23 23 23 13 13 13
1 1 1 2 3 4 3 4 3 4 5 5 5 23 23 23 13 13 13
1 1 2 1 3 4 3 4 3 4 5 5 5 23 23 23 13 13 13
2 1 1 1 5 5 5 3 4 3 4 3 4 25 6 25 23 23 23 13 13 13
2 1 1 1 5 5 5 3 4 3 4 3 4 6 6 25 6 6 25 6 25 6 6 25 6 23 23 23 13 13 13
2 1 1 1 3 4 5 3 4 3 4 5 5 23 23 23 13 13 13
1 2 1 1 3 4 3 4 3 4 5 5 5 23 23 23 13 13 13
1 1 1 2 3 4 3 4 3 4 5 5 5 6 25 6 6 25 23 23 23 13 13 13
1 1 1 2 3 4 3 4 5 3 4 5 5 23 23 23 13 13 13
1 1 2 1 3 4 3 4 3 4 5 5 5 23 23 23 13 13 13
1 1 2 1 3 4 3 4 3 4 5 5 5 23 23 23 13 13 13
1 1 1 2 4 5 3 3 4 3 4 5 5 23 23 23 13 13 13
1 1 1 2 3 4 3 4 3 4 5 5 5 23 23 23 13 13 13
1 1 1 2 3 4 4 3 4 5 5 3 5
1 1 2 1 3 4 3 4 3 4 5 5 5
1 1 1 2 3 4 3 4 3 4 5 5 5 23 23 23 13 13 13
1 1 1 2 3 4 3 4 3 4 5 5 5 6 25 6 6 6 25 23 23 23 13 13 13
2 1 1 1 3 4 3 4 3 4 5 5 5 23 23 23 13 13 13
1 1 2 1 3 4 3 4 3 4 5 5 5 23 23 23 13 13 13
1 1 1 2 3 4 3 4 3 4 5 5 5 23 23 23 13 13 13
1 2 1 1 3 4 3 4 3 4 5 5 5 23 23 23 13 13 13
1 1 1 2 3 4 3 4 3 4 5 5 5
1 1 1 2 3 4 3 4 3 4 5 5 5 23 23 23 13 13 13
1 1 1 2 3 4 3 4 3 4 5 5 5 23 23 23 13 13 13
1 2 1 1 3 4 3 4 3 4 5 5 5 23 23 23 13 13 13
2 1 1 1 3 4 3 4 5 5 3 4 5
1 1 2 1 3 4 3 4 3 4 5 5 5 23 23 23 13 13 13
2 1 1 1 3 4 3 4 3 4 5 5 5 23 23 23 13 13 13
1 1 1 2 3 4 3 4 3 4 5 5 5 23 23 23 13 13 13
2 1 1 1 5 5 5 3 4 3 4 3 4 23 23 23 13 13 13
1 1 1 2 3 4 3 4 3 4 5 5 5 23 23 23 13 13 13
1 1 1 2 3 4 3 4 3 4 5 5 5 9
1 1 1 2 3 4 3 4 3 4 5 5 5
1 1 2 1 3 4 3 4 3 4 5 5 5 23 23 23 13 13 13
1 2 1 1 3 4 3 4 3 4 5 5 5 6 25 6 6 25 6 23 23 23 13 13 13
1 1 1 2 3 4 3 4 3 4 5 5 5 25 6 25 9 23 23 23 13 13 13
1 1 2 1 3 4 4 3 4 3 5 5 5 23 23 23 13 13 13
1 2 1 1 3 4 3 4 3 4 5 5 5 23 23 23 13 13 13
1 2 1 1 3 4 3 4 3 4 5 5 5 23 23 23 13 13 13
1 2 1 1 3 4 3 4 5 5 3 4 5 23 23 23 13 13 13
1 2 1 1 3 4 3 4 3 4 5 5 5 23 23 23 13 13 13
2 1 1 1 5 5 5 3 4 3 4 3 4 6 25 6 6 25 6 25 6 6 23 23 23 13 13 13
1 2 1 1 5 3 4 5 5 3 4 3 4 9 25 25 25 25 25 25 25 25 25 25 6 25 25 25 25 25 9 23 23 23 13 13 13
2 1 1 1 5 5 5 3 4 3 4 3 4 23 23 23 13 13 13
1 2 1 1 3 4 3 4 3 4 5 5 5
1 1 1 2 3 4 3 4 5 5 3 4 5 23 23 23 13 13 13
1 2 1 1 3 4 3 4 3 4 5 5 5 6 6 25 6 25 6 23 23 23 13 13 13
1 1 2 1 3 4 3 4 3 4 5 5 5
1 1 1 2 3 4 3 4 3 4 5 5 5 23 23 23 13 13 13
1 2 1 1 3 4 3 4 3 4 5 5 5 23 23 23 13 13 13
1 1 2 1 3 4 3 4 3 4 5 5 5
2 1 1 1 3 4 3 4 3 4 5 5 5 23 23 23 13 13 13
2 1 1 1 3 4 5 5 5 3 4 3 4 23 23 23 13 13 13
1 1 1 2 3 4 3 4 3 4 5 5 5 23 23 23 13 13 13
1 1 2 1 3 4 3 4 3 4 5 5 5 23 23 23 13 13 13
1 1 1 2 3 4 3 4 3 4 5 5 5 9 23 23 23 13 13 13
2 1 1 1 5 5 5 3 4 3 4 3 4 23 23 23 13 13 13
1 2 1 1 3 4 3 4 3 4 5 5 5 23 23 23 13 13 13
1 1 2 1 3 4 3 4 3 4 5 5 5
1 1 2 1 3 4 3 4 3 4 5 5 5 23 23 23 13 13 13
1 1 1 2 3 4 3 4 3 4 5 5 5 23 23 23 13 13 13
1 1 2 1 4 3 4 3 3 4 5 5 5 23 23 23 13 13 13
2 1 1 1 3 4 3 4 5 5 3 4 5 23 23 23 13 13 13
1 1 1 2 3 4 3 4 3 4 5 5 5 23 23 23 13 13 13
1 1 1 2 3 4 3 4 3 4 5 5 5
1 1 1 2 3 4 3 4 3 4 5 5 5 23 23 23 13 13 13
1 2 1 1 3 4 3 4 3 4 5 5 5
1 1 1 2 3 4 5 5 3 4 3 4 5 23 23 23 13 13 13
1 1 2 1 3 4 3 4 3 4 5 5 5
1 1 2 1 3 4 3 4 5 5 3 4 5 23 23 23 13 13 13
1 1 1 2 3 4 3 4 3 4 5 5 5
1 1 1 2 3 4 3 4 3 4 5 5 5 23 23 23 13 13 13
2 1 1 1 3 4 3 4 3 4 5 5 5 23 23 23 13 13 13
1 1 1 2 3 4 3 4 5 3 4 5 5 23 23 23 13 13 13
1 1 1 2 3 4 3 4 3 4 5 5 5 23 23 23 13 13 13
1 1 1 2 3 4 3 4 3 4 5 5 5 23 23 23 13 13 13
1 1 1 2 3 4 3 4 3 4 5 5 5 23 23 23 13 13 13
2 1 1 1 5 5 3 4 5 3 4 3 4 25 6 25 23 23 23 13 13 13
2 1 1 1 5 5 3 4 4 5 3 3 4 23 23 23 13 13 13
1 1 1 2 3 4 3 4 3 4 5 5 5 23 23 23 13 13 13
1 2 1 1 3 4 3 4 3 4 5 5 5 23 23 23 13 13 13
1 1 2 1 3 4 3 4 3 4 5 5 5 23 23 23 13 13 13
2 1 1 1 5 5 5 3 4 3 4 3 4 23 23 23 13 13 13
1 2 1 1 3 4 3 4 3 4 5 5 5 23 23 23 13 13 13
1 1 1 2 3 4 5 3 4 3 4 5 5 23 23 23 13 13 13
1 1 2 1 3 4 3 4 3 4 5 5 5 23 23 23 13 13 13
1 2 1 1 3 4 3 4 3 4 5 5 5 23 23 23 13 13 13
1 2 1 1 3 4 5 3 4 3 4 5 5
1 1 2 1 3 4 3 4 5 5 3 4 5
1 1 2 1 3 4 3 4 3 4 5 5 5 23 23 23 13 13 13
1 2 1 1 3 4 3 4 3 4 5 5 5 23 23 23 13 13 13
1 1 1 2 3 4 3 4 3 4 5 5 5 23 23 23 13 13 13
1 1 1 2 3 4 3 4 3 4 5 5 5 9 23 23 23 13 13 13
1 1 1 2 3 4 3 4 3 4 5 5 5
1 1 1 2 3 4 3 4 3 4 5 5 5 23 23 23 13 13 13
2 1 1 1 3 4 3 4 3 4 5 5 5
1 1 1 2 3 4 3 4 3 4 5 5 5 23 23 23 13 13 13
1 1 2 1 3 4 3 4 3 4 5 5 5
1 2 1 1 3 4 3 4 3 4 5 5 5 6 25 6 9 6 6 25 23 23 23 13 13 13
2 1 1 1 3 4 5 5 5 3 4 3 4 25 6 25 9 9 23 23 23 13 13 13
2 1 1 1 3 4 3 4 5 5 3 4 5 25 25 6 9 23 23 23 13 13 13
1 1 2 1 3 4 3 4 3 4 5 5 5 23 23 23 13 13 13
1 1 2 1 3 4 3 4 3 4 5 5 5 23 23 23 13 13 13
1 1 1 2 3 4 3 4 3 4 5 5 5 23 23 23 13 13 13
2 1 1 1 3 4 3 4 3 4 5 5 5 23 23 23 13 13 13
2 1 1 1 3 4 3 4 3 4 5 5 5 23 23 23 13 13 13
1 2 1 1 3 4 3 4 3 4 5 5 5 23 23 23 13 13 13
1 1 1 2 4 3 4 3 4 5 5 5 3
2 1 1 1 3 4 3 4 5 5 3 4 5 23 23 23 13 13 13
1 1 2 1 3 4 3 4 3 4 5 5 5 23 23 23 13 13 13
1 2 1 1 3 4 3 4 3 4 5 5 5
2 1 1 1 5 5 3 3 4 4 5 3 4 9 25 25 25 25 25 25 25 25 25 25 25 25 25 25 25 6 9 23 23 23 13 13 13
1 1 2 1 3 4 3 4 3 4 5 5 5 23 23 23 13 13 13
1 2 1 1 3 4 3 4 3 4 5 5 5
2 1 1 1 5 5 5 3 4 3 4 3 4 6 25 6 6 25 6 6 25 6 25 6 23 23 23 13 13 13
1 1 2 1 3 4 3 4 5 3 4 5 5 23 23 23 13 13 13
2 1 1 1 5 5 5 3 4 3 4 3 4 6 6 6 6 6 6 23 23 23 13 13 13
1 1 2 1 3 4 3 4 3 4 5 5 5 6 6 25 6 25 6 23 23 23 13 13 13
1 1 1 2 3 4 3 4 5 5 3 4 5
1 1 1 2 3 4 3 4 3 4 5 5 5 23 23 23 13 13 13
2 1 1 1 5 5 5 3 4 3 4 3 4 25 25 6 23 23 23 13 13 13
2 1 1 1 5 3 4 5 5 3 4 3 4 23 23 23 13 13 13
1 1 1 2 3 4 3 4 3 4 5 5 5 23 23 23 13 13 13
1 1 2 1 4 5 3 4 3 3 4 5 5 23 23 23 13 13 13
2 1 1 1 5 5 5 3 4 3 4 3 4 25 6 25 9 23 23 23 13 13 13
1 1 1 2 3 4 3 4 3 4 5 5 5 23 23 23 13 13 13
1 1 2 1 3 4 3 4 3 4 5 5 5
1 1 1 2 3 4 3 4 5 5 3 4 5 23 23 23 13 13 13
1 1 1 2 3 4 3 4 5 5 3 4 5 23 23 23 13 13 13
1 1 2 1 3 4 3 4 3 4 5 5 5 23 23 23 13 13 13
1 1 1 2 3 4 3 4 3 4 5 5 5 23 23 23 13 13 13
1 1 1 2 3 4 3 4 3 4 5 5 5 23 23 23 13 13 13
2 1 1 1 5 5 5 3 4 3 4 3 4 23 23 23 13 13 13
1 2 1 1 3 4 3 4 3 4 5 5 5 23 23 23 13 13 13
1 1 1 2 3 4 3 4 3 4 5 5 5
1 1 2 1 3 4 3 4 3 4 5 5 5 23 23 23 13 13 13
1 1 1 2 3 4 3 4 3 4 5 5 5
1 1 1 2 3 4 3 4 3 4 5 5 5 23 23 23 13 13 13
2 1 1 1 5 5 5 3 4 3 4 3 4 6 25 6 25 6 6 25 6 6 6 25 6 23 23 23 13 13 13
2 1 1 1 5 5 5 3 4 3 4 3 4 23 23 23 13 13 13
2 1 1 1 5 5 5 3 4 3 4 3 4 23 23 23 13 13 13
2 1 1 1 3 4 3 4 3 4 5 5 5 9
1 1 2 1 3 4 3 4 3 4 5 5 5
1 1 2 1 3 4 3 4 5 3 4 5 5 23 23 23 13 13 13
1 1 1 2 3 4 3 4 3 4 5 5 5 23 23 23 13 13 13
1 1 1 2 3 4 3 4 3 4 5 5 5 6 25 6 23 23 23 13 13 13
1 1 1 2 3 4 3 4 3 4 5 5 5 23 23 23 13 13 13
1 1 1 2 3 4 3 4 3 4 5 5 5 23 23 23 13 13 13
1 1 1 2 3 4 3 4 3 4 5 5 5 23 23 23 13 13 13
1 2 1 1 3 4 3 4 3 4 5 5 5 23 23 23 13 13 13
1 1 2 1 3 4 3 4 3 4 5 5 5
1 1 2 1 3 4 3 4 3 4 5 5 5
1 1 1 2 3 4 3 4 3 4 5 5 5 23 23 23 13 13 13
1 2 1 1 3 4 3 4 3 4 5 5 5 23 23 23 13 13 13
1 1 1 2 3 4 3 4 5 5 3 4 5 25 6 6 25 6 23 23 23 13 13 13
1 1 1 2 3 4 3 4 3 4 5 5 5 23 23 23 13 13 13
1 1 1 2 3 4 3 4 3 4 5 5 5 23 23 23 13 13 13
1 1 1 2 3 4 3 4 3 4 5 5 5 23 23 23 13 13 13
2 1 1 1 5 5 5 3 4 3 4 3 4 23 23 23 13 13 13
2 1 1 1 3 4 3 4 5 3 4 5 5 9 23 23 23 13 13 13
2 1 1 1 5 5 5 3 4 3 4 3 4 6 6 25 6 6 25 6 25 6 23 23 23 13 13 13
1 1 2 1 3 4 3 4 3 4 5 5 5 23 23 23 13 13 13
1 1 1 2 3 4 3 4 3 4 5 5 5 9 23 23 23 13 13 13
2 1 1 1 5 5 3 4 3 4 3 4 5 25 6 25 6 25 6 25 23 23 23 13 13 13
1 1 1 2 3 4 3 4 3 4 5 5 5 23 23 23 13 13 13
1 2 1 1 3 4 3 4 3 4 5 5 5 6 6 25 6 25 6 23 23 23 13 13 13
2 1 1 1 3 4 3 4 3 4 5 5 5
1 1 1 2 3 4 3 4 3 4 5 5 5
1 1 1 2 3 3 4 4 5 5 5 3 4 23 23 23 13 13 13
1 2 1 1 3 4 3 4 3 4 5 5 5
2 1 1 1 5 5 5 3 4 3 4 3 4 6 25 6 6 25 6 6 25 6 23 23 23 13 13 13
2 1 5 5 5 1 3 4 1 3 4 3 4 9 6 23 23 23 13 13 13
1 1 2 1 3 4 3 4 3 4 5 5 5 23 23 23 13 13 13
1 1 1 2 3 4 3 4 3 4 5 5 5 23 23 23 13 13 13
2 1 1 1 3 4 3 4 3 4 5 5 5 23 23 23 13 13 13
1 1 1 2 3 4 3 4 3 4 5 5 5 23 23 23 13 13 13
1 2 1 1 3 4 3 4 3 4 5 5 5 23 23 23 13 13 13
1 1 1 2 3 4 3 4 3 4 5 5 5 23 23 23 13 13 13
2 1 1 1 5 5 5 3 4 3 4 3 4 23 23 23 13 13 13
1 1 2 1 3 4 3 4 3 4 5 5 5
1 1 1 2 3 4 3 4 3 4 5 5 5 23 23 23 13 13 13
2 1 1 1 5 5 5 3 4 3 4 3 4 23 23 23 13 13 13
1 1 1 2 3 4 3 4 3 4 5 5 5
1 1 1 2 3 4 3 4 3 4 5 5 5 23 23 23 13 13 13
1 1 1 2 3 4 3 4 3 4 5 5 5 23 23 23 13 13 13
1 1 1 2 3 4 3 4 3 4 5 5 5
1 1 1 2 3 4 3 4 3 4 5 5 5
1 1 2 3 4 3 4 1 3 4 5 5 5
1 1 2 1 3 4 3 4 5 5 3 4 5
1 1 1 2 3 4 3 4 3 4 5 5 5 23 23 23 13 13 13
1 1 2 1 3 4 3 4 3 4 5 5 5 23 23 23 13 13 13
2 1 1 1 5 3 4 3 4 5 5 3 4 6 6 25 6 25 6 6 6 25 6 6 25 23 23 23 13 13 13
1 2 1 1 3 4 3 4 5 5 3 4 5
1 2 1 1 3 4 5 3 4 3 4 5 5 23 23 23 13 13 13
1 2 1 1 3 4 3 4 3 4 5 5 5 23 23 23 13 13 13
2 1 1 1 5 5 5 3 4 3 4 3 4 6 9 23 23 23 13 13 13
1 1 2 1 3 4 3 4 3 4 5 5 5
1 1 2 1 3 4 3 4 3 4 5 5 5
1 1 2 1 3 4 3 4 3 4 5 5 5 23 23 23 13 13 13
1 1 1 2 3 4 3 4 3 4 5 5 5
1 2 1 1 3 4 3 4 3 4 5 5 5 9
2 1 1 1 5 5 5 3 4 3 4 3 4 9 23 23 23 13 13 13
1 2 1 1 3 4 3 4 3 4 5 5 5 23 23 23 13 13 13
2 1 1 1 5 5 5 3 4 3 4 3 4 23 23 23 13 13 13
1 1 1 2 3 4 3 4 5 5 5 3 4 23 23 23 13 13 13
2 1 1 1 5 5 5 3 4 3 4 3 4 6 6 25 6 6 25 6 6 25 6 6 25 23 23 23 13 13 13
1 1 1 2 3 4 5 3 4 3 4 5 5
1 1 1 2 5 3 4 3 4 3 4 5 5 23 23 23 13 13 13
1 1 1 2 3 4 3 4 5 5 3 4 5 6 6 6 6 9 23 23 23 13 13 13
1 1 2 1 3 4 3 4 3 4 5 5 5 23 23 23 13 13 13
1 1 2 1 3 4 3 4 3 4 5 5 5 23 23 23 13 13 13
1 2 1 1 3 4 3 4 3 4 5 5 5 6 6 6 6 23 23 23 13 13 13
1 1 1 2 3 4 3 4 5 3 4 5 5 25 25 6 23 23 23 13 13 13
1 2 1 1 3 4 3 4 3 4 5 5 5 23 23 23 13 13 13
2 1 1 1 5 3 4 3 4 5 5 3 4 25 6 25 25 6 6 25 6 25 25 23 23 23 13 13 13
1 1 1 2 3 4 3 4 3 4 5 5 5 6 25 6 6 6 25 23 23 23 13 13 13
2 1 1 1 5 5 5 3 4 3 4 3 4 23 23 23 13 13 13
2 1 1 1 5 5 5 3 4 3 4 3 4 6 6 25 6 6 25 6 25 6 23 23 23 13 13 13
2 1 1 1 5 5 5 3 4 3 4 3 4 23 23 23 13 13 13
1 2 1 1 3 4 3 4 3 4 5 5 5 23 23 23 13 13 13
1 1 2 1 3 4 3 4 3 4 5 5 5
1 2 1 1 3 4 3 4 5 5 3 4 5 25 25 6 23 23 23 13 13 13
2 1 1 1 3 4 3 4 3 4 5 5 5
1 2 1 1 3 4 3 4 3 4 5 5 5 23 23 23 13 13 13
1 2 1 1 3 4 3 4 3 4 5 5 5 25 6 25 23 23 23 13 13 13
1 2 1 1 3 4 3 4 3 4 5 5 5
1 1 1 2 3 4 3 4 3 4 5 5 5 9
1 2 1 1 3 4 3 4 3 4 5 5 5 23 23 23 13 13 13
1 1 1 2 3 4 3 4 3 4 5 5 5 9
1 1 1 2 3 4 3 4 3 4 5 5 5 23 23 23 13 13 13
1 2 1 1 3 4 3 4 3 4 5 5 5 23 23 23 13 13 13
2 1 1 1 3 4 3 4 5 5 3 4 5 6 25 6 6 25 6 23 23 23 13 13 13
1 1 2 1 3 4 3 4 3 4 5 5 5 9 23 23 23 13 13 13
1 2 1 1 3 4 3 4 3 4 5 5 5
2 1 1 1 3 4 3 4 3 4 5 5 5 9 9 25 25 6 9 23 23 23 13 13 13
1 1 1 2 3 4 3 4 3 4 5 5 5 9 23 23 23 13 13 13
1 1 2 1 3 4 3 4 3 4 5 5 5 23 23 23 13 13 13
1 1 2 1 3 4 3 4 3 4 5 5 5 23 23 23 13 13 13
1 1 2 1 3 4 5 3 4 3 4 5 5 23 23 23 13 13 13
1 1 1 2 3 4 3 4 5 5 3 4 5 23 23 23 13 13 13
1 1 1 2 3 4 3 4 3 4 5 5 5 23 23 23 13 13 13
2 1 1 1 5 5 5 3 4 3 4 3 4 23 23 23 13 13 13
1 1 1 2 3 4 3 4 3 4 5 5 5 23 23 23 13 13 13
2 1 1 1 5 5 3 4 3 4 5 3 4 6 6 25 6 6 25 6 6 25 23 23 23 13 13 13
1 1 2 1 3 4 3 4 3 4 5 5 5
1 2 1 1 3 4 3 4 3 4 5 5 5 9 25 6 25 23 23 23 13 13 13
1 2 1 1 3 4 3 4 3 4 5 5 5 23 23 23 13 13 13
1 1 1 2 3 4 3 4 5 5 3 4 5 6 25 6 6 25 23 23 23 13 13 13
1 1 2 1 3 4 3 4 3 4 5 5 5
1 2 1 1 3 4 3 4 5 5 3 4 5 23 23 23 13 13 13
1 2 1 1 3 4 3 4 3 4 5 5 5
2 1 1 1 5 5 5 3 4 3 4 3 4 6 6 25 6 6 25 6 25 6 23 23 23 13 13 13
2 1 1 1 5 5 5 3 4 3 4 3 4 23 23 23 13 13 13
2 1 1 1 5 3 4 4 5 5 3 3 4 9 25 25 25 25 25 25 25 25 25 25 25 25 25 6 25 25 23 23 23 13 13 13
1 1 2 1 3 4 3 4 3 4 5 5 5
1 2 1 1 3 4 3 4 5 3 4 5 5 23 23 23 13 13 13
1 1 2 1 3 4 3 4 3 4 5 5 5
1 1 1 2 3 4 3 4 5 5 3 4 5 23 23 23 13 13 13
1 1 1 2 3 4 3 4 3 4 5 5 5
2 1 1 1 5 5 3 4 3 4 5 3 4 23 23 23 13 13 13
2 1 1 1 3 4 5 5 5 3 4 3 4 25 25 6 9 23 23 23 13 13 13
2 1 1 1 3 4 3 4 3 4 5 5 5
1 1 2 1 3 4 3 4 3 4 5 5 5 9
1 1 1 2 3 4 3 4 3 4 5 5 5 23 23 23 13 13 13
1 2 1 1 3 4 3 4 3 4 5 5 5
1 1 1 2 3 4 3 4 3 4 5 5 5
1 2 1 1 3 4 3 4 3 4 5 5 5
1 1 1 2 3 4 3 4 3 4 5 5 5 9 9 23 23 23 13 13 13
1 1 1 2 3 4 3 4 3 4 5 5 5 23 23 23 13 13 13
1 1 1 2 3 4 3 4 3 4 5 5 5 23 23 23 13 13 13
1 1 1 2 3 4 3 4 3 4 5 5 5 6 23 23 23 13 13 13
1 2 1 1 3 4 3 4 3 4 5 5 5 23 23 23 13 13 13
2 1 1 1 5 5 5 3 4 3 4 3 4 6 6 25 6 6 25 6 6 25 6 6 25 23 23 23 13 13 13
1 1 2 1 3 4 3 4 3 4 5 5 5 23 23 23 13 13 13
1 1 1 2 3 4 3 4 3 4 5 5 5 23 23 23 13 13 13
2 1 1 1 3 4 3 4 3 4 5 5 5
1 1 1 2 3 4 3 4 3 4 5 5 5 23 23 23 13 13 13
1 1 1 2 3 4 3 4 3 4 5 5 5 23 23 23 13 13 13
1 1 1 2 3 4 3 4 3 4 5 5 5
1 1 1 2 3 4 3 4 3 4 5 5 5
2 1 1 1 3 4 3 4 5 5 5 3 4 9 25 25 6 23 23 23 13 13 13
1 1 1 2 5 3 4 3 4 3 4 5 5 25 6 25 23 23 23 13 13 13
1 1 1 2 3 4 3 4 3 4 5 5 5
1 1 1 2 3 4 3 4 3 4 5 5 5
1 1 1 2 3 4 3 4 3 4 5 5 5 23 23 23 13 13 13
1 1 2 1 3 4 3 4 3 4 5 5 5
1 1 1 2 3 4 3 4 3 4 5 5 5
1 1 1 2 3 4 3 4 3 4 5 5 5 23 23 23 13 13 13
1 1 2 1 3 4 3 4 3 4 5 5 5 23 23 23 13 13 13
1 1 1 2 3 4 3 4 5 5 3 4 5 23 23 23 13 13 13
1 1 1 2 3 4 3 4 3 4 5 5 5 6 6 25 6 6 25 23 23 23 13 13 13
1 1 2 1 3 4 3 4 3 4 5 5 5 6 6 25 6 25 6 23 23 23 13 13 13
1 2 1 1 3 4 3 4 5 5 5 3 4 6 25 6 6 25 9 23 23 23 13 13 13
1 1 1 2 3 4 3 4 5 3 4 5 5
1 1 2 1 3 4 3 4 3 4 5 5 5 23 23 23 13 13 13
2 1 1 1 3 4 3 4 3 4 5 5 5 23 23 23 13 13 13
1 1 1 2 3 4 3 4 3 4 5 5 5 23 23 23 13 13 13
1 1 2 1 3 4 3 4 3 4 5 5 5 23 23 23 13 13 13
2 1 1 1 5 5 5 3 4 3 4 3 4 6 6 25 6 6 25 6 6 25 6 6 25 23 23 23 13 13 13
1 1 2 1 3 4 3 4 3 4 5 5 5
1 1 2 1 3 4 3 4 3 4 5 5 5 23 23 23 13 13 13
1 1 1 2 3 4 3 4 3 4 5 5 5 23 23 23 13 13 13
1 2 1 1 3 4 3 4 3 4 5 5 5 23 23 23 13 13 13
2 1 1 1 5 5 5 3 4 3 4 3 4 9 25 6 25 9 9 23 23 23 13 13 13
1 1 1 2 3 4 3 4 3 4 5 5 5 6 25 6 6 25 6 23 23 23 13 13 13
2 1 1 1 3 4 3 4 3 4 5 5 5 9
1 2 1 1 3 4 5 3 4 3 4 5 5
2 1 1 1 5 5 3 4 3 4 5 3 4 6 6 25 6 6 25 6 6 25 23 23 23 13 13 13
1 1 1 2 3 4 3 4 3 4 5 5 5 9 23 23 23 13 13 13
1 2 1 1 3 4 3 4 3 4 5 5 5 6 6 25 6 6 25 23 23 23 13 13 13
1 1 2 1 3 4 3 4 5 5 3 4 5 23 23 23 13 13 13
2 1 1 1 3 4 3 4 3 4 5 5 5
1 1 1 2 3 4 3 4 3 4 5 5 5
1 2 1 1 3 4 3 4 3 4 5 5 5 23 23 23 13 13 13
1 2 1 1 3 4 3 4 3 4 5 5 5 6 6 25 6 6 25 23 23 23 13 13 13
1 1 2 1 3 4 3 4 3 4 5 5 5
1 1 1 2 3 4 3 4 3 4 5 5 5
1 2 1 1 3 4 3 4 3 4 5 5 5 23 23 23 13 13 13
2 1 1 1 3 4 3 4 3 4 5 5 5 23 23 23 13 13 13
1 1 2 1 3 4 3 4 3 4 5 5 5
1 1 1 2 3 4 3 4 3 4 5 5 5 23 23 23 13 13 13
1 1 2 1 3 4 3 4 3 4 5 5 5 23 23 23 13 13 13
1 1 1 2 3 4 3 4 3 4 5 5 5 23 23 23 13 13 13
2 1 1 1 3 4 3 4 5 5 3 4 5 23 23 23 13 13 13
1 2 1 1 3 4 3 4 3 4 5 5 5 23 23 23 13 13 13
2 1 1 1 5 5 5 3 4 3 4 3 4 23 23 23 13 13 13
1 1 1 2 3 4 3 4 3 4 5 5 5
1 2 1 1 3 4 3 4 3 4 5 5 5 23 23 23 13 13 13
1 1 2 1 3 4 3 4 3 4 5 5 5
2 1 1 1 5 5 3 4 5 3 4 3 4 25 25 6 9 9 9 23 23 23 13 13 13
2 1 1 1 3 4 5 5 5 3 4 3 4 6 6 25 6 6 25 6 6 25 6 25 6 23 23 23 13 13 13
1 2 1 1 3 4 3 4 5 5 5 3 4 25 25 6 23 23 23 13 13 13
1 2 1 1 3 4 3 4 3 4 5 5 5
1 1 1 2 3 4 3 4 3 4 5 5 5 9 6 25 6 6 23 23 23 25 13 13 13
2 1 1 1 3 4 3 4 5 5 5 3 4 23 23 23 13 13 13
1 1 1 2 3 4 3 4 3 4 5 5 5 23 23 23 13 13 13
1 1 1 2 3 4 3 4 3 4 5 5 5 23 23 23 13 13 13
2 1 1 1 3 4 5 5 5 3 4 3 4 25 25 6 23 23 23 13 13 13
1 1 1 2 3 4 3 4 3 4 5 5 5 23 23 23 13 13 13
1 1 1 2 3 4 3 4 3 4 5 5 5 23 23 23 13 13 13
1 2 1 1 3 4 3 4 3 4 5 5 5
1 1 2 1 3 4 3 4 3 4 5 5 5 23 23 23 13 13 13
1 1 2 1 3 4 3 4 3 4 5 5 5 23 23 23 13 13 13
1 2 1 1 3 4 3 4 3 4 5 5 5 9 23 23 23 13 13 13
1 1 1 2 3 4 3 4 3 4 5 5 5 23 23 23 13 13 13
1 2 1 1 3 4 5 3 4 3 4 5 5
1 1 2 1 3 4 3 4 3 4 5 5 5
1 1 2 1 3 4 3 4 5 5 3 4 5 23 23 23 13 13 13
1 1 1 2 3 4 3 4 3 4 5 5 5 23 23 23 13 13 13
1 1 1 2 3 4 3 4 3 4 5 5 5
1 1 2 1 3 4 3 4 3 4 5 5 5 23 23 23 13 13 13
1 1 2 1 3 4 3 4 3 4 5 5 8 7 1 4 6 5 5 5 13
1 1 1 2 3 4 5 3 4 3 4 5 5 23 23 23 13 13 13
1 1 2 1 3 4 3 4 3 4 5 5 5
1 1 2 1 3 4 3 4 3 4 5 5 5
1 1 1 2 3 4 3 4 3 4 5 5 5
1 1 1 2 3 4 3 4 5 5 3 4 5 23 23 23 13 13 13
2 1 1 1 5 5 5 3 4 3 4 3 4 9 23 23 23 13 13 13
2 1 1 1 5 5 5 3 4 3 4 3 4 23 23 23 13 13 13
1 1 2 1 3 4 3 4 3 4 5 5 5
1 1 2 1 3 4 3 4 3 4 5 5 5 23 23 23 13 13 13
1 1 1 2 3 4 5 3 4 3 4 5 5 23 23 23 13 13 13
2 1 1 1 3 4 5 5 3 4 5 3 4 25 6 25 23 23 23 13 13 13
1 1 2 1 3 4 3 4 3 4 5 5 5 23 23 23 13 13 13
2 1 1 1 5 5 5 3 4 3 4 3 4 25 6 25 23 23 23 13 13 13
1 1 1 2 3 4 3 4 3 4 5 5 5 23 23 23 13 13 13
2 1 1 1 5 5 5 3 4 3 4 3 4 23 23 23 13 13 13
1 1 2 1 3 4 3 4 5 3 4 5 5
1 1 2 1 4 5 3 3 4 3 4 5 5 23 23 23 13 13 13
1 2 1 1 3 4 3 4 3 4 5 5 5 23 23 23 13 13 13
2 1 1 1 5 5 5 3 4 3 4 3 4 25 6 25 9 9 9 23 23 23 13 13 13
1 1 1 2 3 4 3 4 3 4 5 5 5 23 23 23 13 13 13
1 2 1 1 3 4 3 4 3 4 5 5 5 23 23 23 13 13 13
2 1 1 1 3 4 3 4 3 4 5 5 5 23 23 23 13 13 13
2 1 1 1 5 5 5 3 4 3 4 3 4 23 23 23 13 13 13
1 1 1 2 3 4 3 4 3 4 5 5 5 23 23 23 13 13 13
2 1 1 1 5 5 5 3 4 3 4 3 4 6 6 25 6 6 25 6 6 25 23 23 23 13 13 13
1 2 1 1 3 4 3 4 3 4 5 5 5 23 23 23 13 13 13
1 2 1 1 3 4 3 4 3 4 5 5 5 23 23 23 13 13 13
2 1 1 1 5 5 5 3 4 3 4 3 4 25 6 25 9 9 9 23 23 23 13 13 13
2 1 1 1 5 5 3 4 3 4 5 3 4 25 25 6 9 9 23 23 23 13 13 13
2 1 1 1 5 5 3 4 3 4 5 3 4 25 25 6 9 9 9 23 23 23 13 13 13
1 1 1 2 3 4 3 4 3 4 5 5 5 23 23 23 13 13 13
2 1 1 1 3 4 3 4 3 4 5 5 5 23 23 23 13 13 13
1 2 1 1 3 4 3 4 3 4 5 5 5 9 23 23 23 13 13 13
1 2 1 1 3 4 3 4 3 4 5 5 5
1 2 1 1 3 4 3 4 3 4 5 5 5 23 23 23 13 13 13
1 2 1 1 3 4 3 4 3 4 5 5 5 23 23 23 13 13 13
1 1 2 1 3 4 3 4 3 4 5 5 5 23 23 23 13 13 13
1 1 1 2 3 4 3 4 5 3 4 5 5 23 23 23 13 13 13
1 1 2 1 3 4 3 4 5 5 5 3 4 6 6 25 6 25 6 23 23 23 13 13 13
2 1 1 1 5 5 5 3 4 3 4 3 4 23 23 23 13 13 13
1 1 2 1 3 4 3 4 3 4 5 5 5 25 6 25 23 23 23 13 13 13
2 1 1 1 5 5 5 3 4 3 3 4 4 23 23 23 13 13 13
1 2 1 1 3 4 3 4 5 3 4 5 5 23 23 23 13 13 13
1 1 1 2 3 4 3 4 3 4 5 5 5 25 6 6 23 23 23 13 13 13
2 1 1 1 5 5 5 3 4 3 4 3 4 23 23 23 13 13 13
1 1 2 1 3 4 3 4 3 4 5 5 5
1 2 1 1 3 4 3 4 3 4 5 5 5 23 23 23 13 13 13
1 1 1 2 3 4 3 4 3 4 5 5 5
1 1 1 2 3 4 5 3 4 3 4 5 5 23 23 23 13 13 13
1 1 2 1 3 4 3 4 5 5 3 4 5 23 23 23 13 13 13
1 1 1 2 3 4 3 4 5 5 5 3 4
1 1 2 1 3 4 5 3 4 3 4 5 5
2 1 1 1 3 4 5 5 5 3 4 3 4 25 25 6 23 23 23 13 13 13
1 2 1 1 3 4 3 4 3 4 5 5 5
2 1 1 1 5 3 4 5 5 3 4 3 4 9 23 23 23 13 13 13
1 1 2 1 3 4 3 4 3 4 5 5 5
1 1 1 2 3 4 3 4 3 4 5 5 5 23 23 23 13 13 13
1 1 2 1 3 4 3 4 3 4 5 5 5 9 23 23 23 13 13 13
2 1 1 1 5 5 5 3 4 3 4 3 4 25 25 25 25 25 25 25 25 25 25 25 25 25 25 25 6 9 23 23 23 13 13 13
1 1 1 2 3 4 3 4 3 4 5 5 5 23 23 23 13 13 13
1 2 1 1 3 4 3 4 3 4 5 5 5
1 1 2 1 3 4 3 4 3 4 5 5 5
1 2 1 1 3 4 3 4 3 4 5 5 5 23 23 23 13 13 13
2 1 1 1 4 5 5 3 3 4 3 4 5 23 23 23 13 13 13
1 1 1 2 3 4 3 4 3 4 5 5 5 23 23 23 13 13 13
1 1 2 1 3 4 3 4 3 4 5 5 5 23 23 23 13 13 13
1 1 1 2 3 4 3 4 3 4 5 5 5 9 23 23 23 13 13 13
1 1 1 2 3 4 3 4 5 5 5 3 4 23 23 23 13 13 13
1 1 1 2 3 4 3 4 5 5 3 4 5
1 2 1 1 3 4 3 4 3 4 5 5 5 23 23 23 13 13 13
1 2 1 1 3 4 3 4 3 4 5 5 5 23 23 23 13 13 13
1 1 2 1 3 4 3 4 5 3 4 5 5 23 23 23 13 13 13
1 1 2 1 3 4 3 4 3 4 5 5 5 23 23 23 13 13 13
2 1 1 1 5 5 5 3 4 3 4 3 4 6 6 6 6 6 6 23 23 23 13 13 13
1 1 2 1 3 4 3 4 3 4 5 5 5
2 1 1 1 5 5 3 4 3 4 5 3 4 23 23 23 13 13 13
2 1 1 1 5 5 5 3 4 3 4 3 4 9 23 23 23 13 13 13
1 1 2 1 3 4 3 4 5 5 3 4 5 23 23 23 13 13 13
1 1 1 2 3 4 3 4 3 4 5 5 5 23 23 23 13 13 13
1 1 1 2 3 4 3 4 3 4 5 5 5 23 23 23 13 13 13
1 1 1 2 3 4 3 4 3 4 5 5 5
2 1 1 1 3 4 3 4 5 5 3 4 5
1 1 2 1 3 4 5 3 4 3 4 5 5 23 23 23 13 13 13
1 1 1 2 3 4 3 4 3 4 5 5 5 6 6 25 6 6 25 23 23 23 13 13 13
2 1 1 1 5 5 5 3 4 3 4 3 4 23 23 23 13 13 13
1 1 1 2 3 4 3 4 3 4 5 5 5 23 23 23 13 13 13
1 2 1 1 3 4 3 4 3 4 5 5 5 23 23 23 13 13 13
1 1 2 1 3 4 3 4 5 5 5 3 4 23 23 23 13 13 13
1 1 1 2 3 4 3 4 3 4 5 5 5 23 23 23 13 13 13
1 1 1 2 3 4 3 4 3 4 5 5 5 23 23 23 13 13 13
2 1 1 1 5 5 3 4 3 4 3 4 5 25 6 25 23 23 23 13 13 13
1 1 1 2 3 4 3 4 3 4 5 5 5 23 23 23 13 13 13
1 2 1 1 3 4 3 4 3 4 5 5 5 25 25 6 23 23 23 13 13 13
1 1 1 2 3 4 3 4 3 4 5 5 5 23 23 23 13 13 13
2 1 1 1 5 5 5 3 4 3 4 3 4 6 6 25 6 6 25 6 6 25 23 23 23 13 13 13
1 1 2 1 3 4 3 4 5 5 3 4 5 9 25 6 25 9 23 23 23 13 13 13
1 1 1 2 3 4 3 4 3 4 5 5 5 23 23 23 13 13 13
2 1 1 1 3 4 3 4 3 4 5 5 5 23 23 23 13 13 13
1 1 1 2 3 4 3 4 3 4 5 5 5 23 23 23 13 13 13
2 1 1 1 3 4 5 5 3 4 5 3 4 25 25 25 25 25 25 25 25 25 25 25 25 25 25 25 6 23 23 23 13 13 13
1 1 1 2 3 4 3 4 5 5 3 4 5
1 1 2 1 3 4 3 4 3 4 5 5 5
2 1 1 1 3 4 3 4 3 4 5 5 5 23 23 23 13 13 13
2 1 1 1 5 5 5 3 4 4 3 4 3 25 25 6 23 23 23 13 13 13
1 2 1 1 3 4 4 3 4 5 5 5 3 23 23 23 13 13 13
1 2 1 1 3 4 3 4 3 4 5 5 5 9 23 23 23 13 13 13
1 1 2 1 3 4 3 4 3 4 5 5 5
1 2 1 1 3 4 3 4 5 5 3 4 5 23 23 23 13 13 13
1 2 1 1 3 4 3 4 3 4 5 5 5 25 6 6 6 6 25 23 23 23 13 13 13
2 1 1 1 5 5 5 3 4 3 4 3 4 6 25 6 25 6 6 6 25 6 23 23 23 13 13 13
1 1 2 1 3 4 3 4 5 5 3 4 5 23 23 23 13 13 13
2 1 1 1 3 4 3 4 3 4 5 5 5 25 6 25 23 23 23 13 13 13
1 1 1 2 3 4 3 4 3 4 5 5 5 23 23 23 13 13 13
1 2 1 1 5 3 4 3 4 3 4 5 5 23 23 23 13 13 13
1 1 1 2 3 4 3 4 3 4 5 5 5
1 1 2 1 3 4 3 4 3 4 5 5 5 23 23 23 13 13 13
1 2 1 1 3 4 3 4 3 4 5 5 5 23 23 23 13 13 13
1 1 1 2 3 4 3 4 3 4 5 5 5
2 1 1 1 5 5 5 3 4 3 4 3 4 9 25 25 6 23 23 23 13 13 13
1 1 1 2 3 4 3 4 3 4 5 5 5 23 23 23 13 13 13
1 1 1 2 3 4 3 4 3 4 5 5 5 23 23 23 13 13 13
1 1 1 2 3 4 3 4 3 4 5 5 5
2 1 1 1 5 5 5 3 4 3 4 3 4 23 23 23 13 13 13
1 2 1 1 3 4 3 4 3 4 5 5 5 25 25 6 9 23 23 23 13 13 13
2 1 1 1 5 5 5 3 4 3 4 3 4 23 23 23 13 13 13
1 1 1 2 3 4 3 4 5 5 5 3 4 23 23 23 13 13 13
1 1 1 2 3 4 3 4 3 4 5 5 5
2 1 1 1 5 5 3 4 3 4 3 4 5 9 25 6 25 23 23 23 13 13 13
1 1 2 1 3 4 3 4 3 4 5 5 5 23 23 23 13 13 13
1 1 1 2 3 4 3 4 5 5 5 3 4 25 6 25 23 23 23 13 13 13
1 2 1 1 5 5 3 4 3 4 5 3 4 6 25 6 9 6 25 6 6 6 25 6 6 25 23 23 23 13 13 13
2 1 1 1 5 5 5 3 4 3 4 3 4 9 23 23 23 13 13 13
1 1 2 1 3 4 3 4 3 4 5 5 5 9 23 23 23 13 13 13
1 1 1 2 3 4 3 4 3 4 5 5 5 25 6 25 9 9 23 23 23 13 13 13
1 1 2 1 3 4 3 4 3 4 5 5 5
1 1 1 2 3 4 3 4 3 4 5 5 5 23 23 23 13 13 13
1 1 1 2 3 4 3 4 3 4 5 5 5 23 23 23 13 13 13
1 1 2 1 3 4 3 4 3 4 5 5 5 23 23 23 13 13 13
1 1 2 1 3 4 3 4 3 4 5 5 5 23 23 23 13 13 13
1 1 2 1 3 4 3 4 3 4 5 5 5
2 1 1 1 5 3 4 3 4 3 4 5 5 23 23 23 13 13 13
1 1 2 1 3 4 3 4 3 4 5 5 5 23 23 23 13 13 13
1 2 1 1 3 4 3 4 3 4 5 5 5 23 23 23 13 13 13
2 1 1 1 5 5 5 3 4 3 4 3 4 25 25 6 9 9 9 23 23 23 13 13 13
1 2 1 1 3 4 3 4 3 4 5 5 5 23 23 23 13 13 13
1 1 1 2 3 4 3 4 5 5 3 4 5 23 23 23 13 13 13
2 1 1 1 3 4 3 4 5 5 3 4 5 23 23 23 13 13 13
1 1 2 1 3 4 3 4 3 4 5 5 5
1 1 1 2 3 4 3 4 3 4 5 5 5 9 23 23 23 13 13 13
1 1 1 2 3 4 3 4 3 4 5 5 5 23 23 23 13 13 13
1 2 1 1 3 4 3 4 5 5 3 4 5
1 1 2 1 3 4 3 4 3 4 5 5 5 6 6 25 6 25 6 23 23 23 13 13 13
1 2 1 1 3 4 3 4 3 4 5 5 5 23 23 23 13 13 13
1 1 1 2 3 4 3 4 5 5 3 4 5 23 23 23 13 13 13
1 1 1 2 3 4 3 4 3 4 5 5 5 23 23 23 13 13 13
1 2 1 1 3 4 3 4 3 4 5 5 5
1 2 1 1 3 4 3 4 5 5 3 4 5 23 23 23 13 13 13
1 1 1 2 3 4 3 4 3 4 5 5 5 23 23 23 13 13 13
2 1 1 1 5 5 5 3 4 3 4 3 4 23 23 23 13 13 13
1 1 2 1 3 4 3 4 3 4 5 5 5
2 1 1 1 5 5 5 3 4 3 4 3 4 23 23 23 13 13 13
1 1 2 1 3 4 3 4 3 4 5 5 5 6 25 6 6 25 6 23 23 23 13 13 13
1 1 2 1 3 4 3 4 3 4 5 5 5
1 1 1 2 3 4 3 4 3 4 5 5 5
1 2 1 1 3 4 3 4 5 5 5 3 4 23 23 23 13 13 13
1 1 2 1 5 3 4 3 4 3 4 5 5 23 23 23 13 13 13
2 1 1 1 3 4 3 4 3 4 5 5 5 23 23 23 13 13 13
2 1 1 1 3 4 3 4 3 4 5 5 5 23 23 23 13 13 13
1 2 1 1 3 4 3 4 3 4 5 5 5
1 2 1 1 3 4 3 4 3 4 5 5 5 23 23 23 13 13 13
1 1 2 1 3 4 3 4 3 4 5 5 5 23 23 23 13 13 13
1 2 1 1 3 4 5 3 4 3 4 5 5 23 23 23 13 13 13
1 2 1 1 3 4 3 4 3 4 5 5 5 23 23 23 13 13 13
1 1 1 2 3 4 3 4 3 4 5 5 5
1 1 2 1 3 4 3 4 3 4 5 5 5 6 23 23 23 13 13 13
1 1 1 2 3 4 3 4 3 4 5 5 5 23 23 23 13 13 13
1 1 2 1 3 4 3 4 3 4 5 5 5 23 23 23 13 13 13
1 1 1 2 3 4 3 4 3 4 5 5 5 6 25 6 6 25 6 23 23 23 13 13 13
2 1 1 1 3 4 3 4 3 4 5 5 5 23 23 23 13 13 13
2 1 1 1 3 4 5 5 5 3 4 3 4 25 25 6 23 23 23 13 13 13
1 1 1 2 3 4 3 4 3 4 5 5 5 6 25 9 6 6 25 23 23 23 13 13 13
1 1 1 2 3 4 3 4 3 4 5 5 5 23 23 23 13 13 13
1 1 1 2 3 4 3 4 3 4 5 5 5 23 23 23 13 13 13
1 1 1 2 3 4 3 4 3 4 5 5 5
1 1 2 1 3 4 3 4 5 5 3 4 5 6 6 25 23 23 23 13 13 13
1 1 1 2 3 4 3 4 3 4 5 5 5 23 23 23 13 13 13
2 1 1 1 5 5 5 3 4 3 4 3 4 9 23 23 23 13 13 13
1 1 2 1 3 4 3 4 3 4 5 5 5
1 1 1 2 3 4 3 4 3 4 5 5 5
1 2 1 1 3 4 3 4 3 4 5 5 5 23 23 23 13 13 13
2 1 1 1 5 5 5 3 4 3 4 3 4 6 23 23 23 13 13 13
2 1 1 1 3 4 3 4 3 4 5 5 5 25 6 25 9 9 23 23 23 13 13 13
1 1 1 2 3 4 3 4 3 4 5 5 5 23 23 23 13 13 13
1 1 2 1 3 4 3 4 3 4 5 5 5 23 23 23 13 13 13
2 1 1 1 5 5 5 3 4 3 4 3 4 25 6 25 23 23 23 13 13 13
1 1 2 1 3 4 3 4 3 4 5 5 5
1 1 1 2 3 4 3 4 3 4 5 5 5 9 23 23 23 13 13 13
1 1 2 1 3 4 3 4 3 4 5 5 5 25 25 6 23 23 23 13 13 13
1 1 1 2 3 4 3 4 3 4 5 5 5 23 23 23 13 13 13
1 1 2 1 3 4 3 4 3 4 5 5 5 23 23 23 13 13 13
1 2 1 1 3 4 5 5 5 3 4 3 4 25 6 25 23 23 23 13 13 13
1 1 2 1 3 4 3 4 3 4 5 5 5
2 1 1 1 5 5 5 3 4 3 4 3 4 9 23 23 23 13 13 13
1 1 1 2 3 4 3 4 3 4 5 5 5 23 23 23 13 13 13
1 1 1 2 3 4 3 4 3 4 5 5 5 9 23 23 23 13 13 13
2 1 1 1 3 4 3 4 3 4 5 5 5 25 6 25 23 23 23 13 13 13
1 1 2 1 3 4 3 4 5 5 5 3 4 25 6 25 9 23 23 23 13 13 13
1 1 1 2 3 4 3 4 3 4 5 5 5 6 25 6 6 25 6 23 23 23 13 13 13
1 2 1 1 3 4 3 4 3 4 5 5 5 23 23 23 13 13 13
1 2 1 1 3 4 3 4 3 4 5 5 5 23 23 23 13 13 13
1 2 1 1 3 4 3 4 3 4 5 5 5
1 1 1 2 3 4 3 4 3 4 5 5 5 23 23 23 13 13 13
1 1 2 1 3 4 3 4 3 4 5 5 5 23 23 23 13 13 13
1 1 2 1 3 4 3 4 3 4 5 5 5
1 2 1 1 3 4 3 4 5 5 3 4 5 9 25 6 25 9 9 23 23 23 13 13 13
2 1 1 1 5 5 3 4 3 4 5 3 4 25 6 25 9 23 23 23 13 13 13
1 1 2 1 3 4 3 4 3 4 5 5 5
2 1 1 1 5 5 3 4 3 4 5 3 4 9 9 25 6 25 9 23 23 23 13 13 13
1 1 1 2 3 4 3 4 3 4 5 5 5 6 25 6 6 25 6 23 23 23 13 13 13
1 1 1 2 3 4 3 4 3 4 5 5 5 23 23 23 13 13 13
2 1 1 1 5 5 5 3 4 3 4 3 4 23 23 23 13 13 13
1 1 1 2 3 4 3 4 3 4 5 5 5 23 23 23 13 13 13
1 2 1 1 3 4 3 4 5 5 3 4 5 23 23 23 13 13 13
2 1 1 1 5 5 5 3 4 3 4 3 4 6 25 6 6 25 6 6 25 6 23 23 23 13 13 13
1 1 2 1 3 4 3 4 3 4 5 5 5
1 1 2 1 3 4 3 4 3 4 5 5 5 23 23 23 13 13 13
1 1 2 1 3 4 3 4 5 5 3 4 5 6 6 25 6 6 25 23 23 23 13 13 13
1 1 2 1 3 4 5 5 3 4 3 4 5 23 23 23 13 13 13
1 2 1 1 3 4 3 4 3 4 5 5 5 23 23 23 13 13 13
1 2 1 1 3 4 3 4 3 4 5 5 5
1 1 1 2 3 4 5 3 4 5 3 4 5
1 1 1 2 3 4 3 4 3 4 5 5 5 23 23 23 13 13 13
1 1 1 2 3 4 3 4 3 4 5 5 5 23 23 23 13 13 13
2 1 1 1 3 4 3 4 3 4 5 5 5 25 25 6 23 23 23 13 13 13
1 1 1 2 3 4 3 4 3 4 5 5 5 23 23 23 13 13 13
1 2 1 1 4 5 3 4 3 4 3 5 5 23 23 23 13 13 13
2 1 1 1 3 4 3 4 3 4 5 5 5 23 23 23 13 13 13
1 2 1 1 3 4 3 4 3 4 5 5 5 23 23 23 13 13 13
1 2 1 1 3 4 3 4 5 5 3 4 5
1 1 1 2 3 4 5 3 4 3 4 5 5 9 23 23 23 13 13 13
1 2 1 1 3 4 3 4 3 4 5 5 5 23 23 23 13 13 13
1 2 1 1 3 4 3 4 5 5 3 4 5 23 23 23 13 13 13
1 2 1 1 3 4 5 3 4 3 4 5 5 9 23 23 23 13 13 13
1 2 1 1 3 4 5 3 4 3 4 5 5 9 23 23 23 13 13 13
1 1 1 2 3 4 3 4 3 4 5 5 5
1 1 1 2 3 4 3 4 3 4 5 5 5 23 23 23 13 13 13
1 1 1 2 3 4 3 4 3 4 5 5 5 23 23 23 13 13 13
1 1 2 1 3 4 3 4 3 4 5 5 5 23 23 23 13 13 13
2 1 1 1 5 3 4 5 5 3 4 3 4 25 25 6 9 9 9 23 23 23 13 13 13
1 1 1 2 3 4 3 4 5 3 4 5 5 23 23 23 13 13 13
1 1 2 1 3 4 3 4 5 5 3 4 5 23 23 23 13 13 13
1 1 1 2 3 4 5 3 4 3 4 5 5
1 1 1 2 3 4 3 4 3 4 5 5 5 23 23 23 13 13 13
1 2 1 1 3 4 3 4 3 4 5 5 5 23 23 23 13 13 13
1 2 1 1 3 4 3 4 3 4 5 5 5 23 23 23 13 13 13
1 1 1 2 3 4 3 4 3 4 5 5 5 6 25 6 6 25 6 23 23 23 13 13 13
1 1 1 2 3 4 3 4 3 4 5 5 5 23 23 23 13 13 13
2 1 1 1 5 5 5 3 4 3 4 3 4 6 25 6 6 6 25 6 25 6 6 25 6 23 23 23 13 13 13
2 1 1 1 5 5 5 3 4 3 4 3 4 23 23 23 13 13 13
1 1 2 1 3 4 3 4 3 4 5 5 5
1 1 1 2 3 4 3 4 5 5 3 4 5 23 23 23 13 13 13
1 2 1 1 3 4 3 4 3 4 5 5 5 9 9 23 23 23 13 13 13
1 1 1 2 3 4 3 4 3 4 5 5 5 23 23 23 13 13 13
1 1 2 1 3 4 5 3 4 3 4 5 5 23 23 23 13 13 13
1 1 1 2 3 4 3 4 5 5 3 4 5 23 23 23 13 13 13
1 1 1 2 3 4 3 4 3 4 5 5 5
1 1 1 2 3 4 3 4 3 4 5 5 5 23 23 23 13 13 13
2 1 1 1 3 4 3 4 3 4 5 5 5
1 1 1 2 3 4 3 4 3 4 5 5 5
1 2 1 1 3 4 3 4 3 4 5 5 5 23 23 23 13 13 13
1 2 1 1 3 4 3 4 3 4 5 5 5 23 23 23 13 13 13
1 1 2 1 3 4 3 4 3 4 5 5 5 23 23 23 13 13 13
1 1 1 2 3 4 3 4 5 5 3 4 5 23 23 23 13 13 13
2 1 1 1 5 5 5 3 4 3 4 3 4 25 25 6 9 9 9 23 23 23 13 13 13
1 1 2 1 3 4 5 3 4 5 5 3 4 23 23 23 13 13 13
1 1 1 2 3 4 3 4 3 4 5 5 5 23 23 23 13 13 13
2 1 1 1 5 5 5 3 4 3 4 3 4 23 23 23 13 13 13
1 1 1 2 3 4 5 3 4 3 4 5 5
1 1 2 1 3 4 3 4 5 5 5 3 4 25 25 6 23 23 23 13 13 13
2 1 1 1 5 5 5 3 4 3 4 3 4 6 6 25 6 6 25 6 6 25 6 6 25 23 23 23 13 13 13
1 2 1 1 3 4 3 4 3 4 5 5 5
1 1 1 2 3 4 3 4 3 4 5 5 5 23 23 23 13 13 13
1 1 1 2 3 4 3 4 3 4 5 5 5
1 1 1 2 3 4 3 4 3 4 5 5 5 23 23 23 13 13 13
1 1 2 1 3 4 3 4 5 5 3 4 5 23 23 23 13 13 13
2 1 1 1 5 5 5 3 4 3 4 3 4 25 25 25 25 25 25 25 25 6 25 25 25 25 25 25 25 23 23 23 13 13 13
1 2 1 1 3 4 5 3 4 3 4 5 5 25 6 9 25 23 23 23 13 13 13
2 1 1 1 5 5 5 3 4 3 4 3 4 25 6 25 9 9 23 23 23 13 13 13
1 1 1 2 3 4 3 4 3 4 5 5 5 6 6 6 6 23 23 23 13 13 13
1 1 1 2 3 4 3 4 3 4 5 5 5 23 23 23 13 13 13
1 1 1 2 3 4 3 4 3 4 5 5 5 23 23 23 13 13 13
2 1 1 1 5 5 5 3 4 3 4 3 4 6 6 25 6 25 6 6 6 25 6 6 25 23 23 23 13 13 13
1 1 1 2 3 4 3 4 5 5 3 4 5 23 23 23 13 13 13
1 1 1 2 3 4 3 4 3 4 5 5 5
1 2 1 1 3 4 3 4 3 4 5 5 5 23 23 23 13 13 13
1 1 2 1 3 4 3 4 3 4 5 5 5 23 23 23 13 13 13
1 1 2 1 3 4 3 4 3 4 5 5 5
1 2 1 1 3 4 3 4 3 4 5 5 5 23 23 23 13 13 13
1 1 1 2 3 4 3 4 3 4 5 5 5 23 23 23 13 13 13
1 1 1 2 3 4 3 4 3 4 5 5 5 9 23 23 23 13 13 13
2 1 1 1 5 5 5 3 4 3 4 3 4 6 9 23 23 23 13 13 13
1 1 2 1 3 4 3 4 3 4 5 5 5 23 23 23 13 13 13
1 1 1 2 3 4 3 4 3 4 5 5 5 23 23 23 13 13 13
1 1 1 2 3 4 3 4 5 3 4 5 5 23 23 23 13 13 13
2 1 1 1 5 5 5 3 4 3 4 3 4 25 6 25 9 9 9 23 23 23 13 13 13
1 1 2 1 3 4 3 4 3 4 5 5 5 9 23 23 23 13 13 13
1 1 2 1 3 4 5 3 4 3 4 5 5 25 6 25 9 9 23 23 23 13 13 13
1 1 2 1 3 4 3 4 3 4 5 5 5
1 1 1 2 3 4 3 4 3 4 5 5 5 23 23 23 13 13 13
1 1 1 2 3 4 3 4 3 4 5 5 5 23 23 23 13 13 13
1 1 2 1 3 4 3 4 3 4 5 5 5 23 23 23 13 13 13
1 1 2 1 3 4 3 4 3 4 5 5 5 23 23 23 13 13 13
1 2 1 1 3 4 3 4 3 4 5 5 5 23 23 23 13 13 13
1 1 1 2 3 4 3 4 3 4 5 5 5 25 6 25 23 23 23 13 13 13
1 1 2 1 3 4 3 4 3 4 5 5 5 9 6 25 6 6 25 6 23 23 23 13 13 13
1 1 1 2 3 4 3 4 3 4 5 5 5 23 23 23 13 13 13
1 2 1 1 3 4 3 4 5 5 5 3 4 25 25 25 6 6 23 23 23 13 13 13
1 2 1 1 3 4 3 4 3 4 5 5 5
1 2 1 1 3 4 3 4 3 4 5 5 5
1 1 1 2 3 4 5 3 4 3 4 5 5 23 23 23 13 13 13
2 1 1 1 3 4 3 4 5 5 5 3 4 25 6 25 9 23 23 23 13 13 13
1 1 1 2 3 4 3 4 3 4 5 5 5 25 6 25 23 23 23 13 13 13
1 1 1 2 3 4 3 4 3 4 5 5 5 23 23 23 13 13 13
1 1 1 2 3 4 3 4 3 4 5 5 5 23 23 23 13 13 13
1 1 1 2 3 4 3 4 3 4 5 5 5
1 1 1 2 3 4 3 4 3 4 5 5 5
1 2 1 1 3 4 3 4 3 4 5 5 5 23 23 23 13 13 13
1 1 2 1 3 4 3 4 3 4 5 5 5
1 1 1 2 3 3 4 4 5 3 4 5 5 9 9 25 6 25 23 23 23 13 13 13
1 1 2 1 3 4 3 4 3 4 5 5 5
1 1 1 2 3 4 3 4 3 4 5 5 5 23 23 23 13 13 13
1 1 2 1 3 4 5 3 4 3 4 5 5 23 23 23 13 13 13
1 2 1 1 3 4 5 3 4 3 4 5 5 23 23 23 13 13 13
1 1 1 2 3 4 3 4 3 4 5 5 5 6 25 6 6 25 23 23 23 13 13 13
1 1 1 2 3 4 3 4 3 4 5 5 5 23 23 23 13 13 13
1 1 2 1 3 4 3 4 3 4 5 5 5 23 23 23 13 13 13
1 1 1 2 3 4 3 4 3 4 5 5 5 23 23 23 13 13 13
1 1 1 2 3 4 3 4 3 4 5 5 5 23 23 23 13 13 13
1 1 2 1 3 4 3 4 3 4 5 5 5 23 23 23 13 13 13
1 1 1 2 3 4 3 4 3 4 5 5 5 9 23 23 23 13 13 13
1 2 1 1 3 4 3 4 3 4 5 5 5 23 23 23 13 13 13
1 2 1 1 3 4 3 4 3 4 5 5 5 6 6 25 6 6 25 23 23 23 13 13 13
1 1 2 1 3 4 3 4 3 4 5 5 5 23 23 23 13 13 13
1 1 1 2 3 4 3 4 3 4 5 5 5 23 23 23 13 13 13
1 1 2 1 3 4 3 4 3 4 5 5 5 23 23 23 13 13 13
2 1 1 1 5 5 5 3 4 3 4 3 4 25 25 6 23 23 23 13 13 13
1 1 1 2 3 4 3 4 3 4 5 5 5
2 1 1 1 5 5 5 3 4 3 4 3 4 25 25 6 9 9 23 23 23 13 13 13
1 1 1 2 5 3 4 3 4 3 4 5 5 23 23 23 13 13 13
1 1 1 2 3 4 3 4 3 4 5 5 5 23 23 23 13 13 13
2 1 1 1 5 3 4 3 4 5 5 3 4 25 25 6 9 23 23 23 13 13 13
2 1 1 1 3 4 5 3 4 3 4 5 5 23 23 23 13 13 13
1 1 1 2 3 4 3 4 5 3 4 5 5 25 25 6 9 23 23 23 13 13 13
1 1 1 2 3 4 3 4 3 4 5 5 5 23 23 23 13 13 13
1 1 2 1 3 4 3 4 3 4 5 5 5 23 23 23 13 13 13
1 1 1 2 3 4 4 3 4 5 5 3 5 23 23 23 13 13 13
1 1 2 1 3 4 3 4 3 4 5 5 5 23 23 23 13 13 13
1 2 1 1 3 4 3 4 3 4 5 5 5 9 9 9 25 25 6 23 23 23 13 13 13
1 1 1 2 3 4 3 4 3 4 5 5 5 23 23 23 13 13 13
2 1 1 1 3 4 3 4 3 4 5 5 5 23 23 23 13 13 13
1 2 1 1 3 4 3 4 3 4 5 5 5 23 23 23 13 13 13
1 1 2 1 3 4 3 4 3 4 5 5 5 23 23 23 13 13 13
2 1 1 1 5 5 3 4 3 4 3 4 5 6 6 25 9 6 25 6 6 25 6 6 6 25 23 23 23 13 13 13
1 1 2 1 3 4 3 4 3 4 5 5 5 23 23 23 13 13 13
1 2 1 1 3 4 3 4 5 3 4 5 5
2 1 1 1 3 4 3 4 3 4 5 5 5 23 23 23 13 13 13
1 1 1 2 3 4 3 4 3 4 5 5 5 23 23 23 13 13 13
1 1 1 2 3 4 3 4 3 4 5 5 5
1 1 1 2 3 4 3 4 3 4 5 5 5 23 23 23 13 13 13
1 1 2 1 3 4 3 4 3 4 5 5 5 23 23 23 13 13 13
1 1 1 2 3 4 3 4 3 4 5 5 5
2 1 1 1 3 4 3 4 3 4 5 5 5 23 23 23 13 13 13
1 1 1 2 3 4 3 4 3 4 5 5 5 23 23 23 13 13 13
1 1 1 2 3 4 5 3 4 5 3 4 5 23 23 23 13 13 13
1 1 2 1 3 4 5 5 3 4 3 4 5 6 6 25 6 6 25 23 23 23 13 13 13
1 1 1 2 3 4 3 4 3 4 5 5 5 23 23 23 13 13 13
2 1 1 1 5 5 5 3 4 3 4 3 4 25 25 6 23 23 23 13 13 13
2 1 1 1 5 5 5 3 4 3 4 3 4 23 23 23 13 13 13
1 1 2 1 3 4 3 4 3 4 5 5 5 23 23 23 13 13 13
2 1 1 1 5 5 5 3 4 3 4 3 4 23 23 23 13 13 13
1 1 2 1 3 4 3 4 3 4 5 5 5 23 23 23 13 13 13
1 1 1 2 3 4 3 4 3 4 5 5 5 23 23 23 13 13 13
2 1 1 1 3 4 3 4 3 4 5 5 5
2 1 1 1 5 5 3 4 3 4 3 4 5 6 25 6 6 25 6 25 6 6 25 6 6 23 23 23 13 13 13
1 1 1 2 3 4 3 4 3 4 5 5 5 23 23 23 13 13 13
1 1 1 2 3 4 3 4 3 4 5 5 5 23 23 23 13 13 13
1 1 1 2 3 4 3 4 3 4 5 5 5
2 1 1 1 5 5 5 3 4 3 4 3 4 23 23 23 13 13 13
1 1 1 2 3 4 3 4 3 4 5 5 5 23 23 23 13 13 13
1 2 1 1 3 4 3 4 3 4 5 5 5 23 23 23 13 13 13
1 1 1 2 3 4 3 4 3 4 5 5 5
1 2 1 1 3 4 3 4 3 4 5 5 5 6 25 6 23 23 23 13 13 13
1 1 1 2 3 4 3 4 3 4 5 5 5
1 1 1 2 3 4 3 4 3 4 5 5 5
1 1 1 2 3 4 3 4 5 5 3 4 5 23 23 23 13 13 13
1 1 2 1 3 4 3 4 3 4 5 5 5 23 23 23 13 13 13
1 1 2 1 3 4 3 4 3 4 5 5 5
1 1 1 2 3 4 3 4 3 4 5 5 5 23 23 23 13 13 13
1 1 1 2 3 4 3 4 3 4 5 5 5 23 23 23 13 13 13
1 1 1 2 3 4 3 4 3 4 5 5 5 23 23 23 13 13 13
1 2 1 1 3 4 3 4 3 4 5 5 5 9 9 9 25 25 25 25 25 25 25 25 25 25 25 25 25 25 25 6 23 23 23 13 13 13
1 1 2 1 3 4 3 4 5 5 3 4 5
1 1 1 2 3 4 3 4 3 4 5 5 5 23 23 23 13 13 13
1 1 1 2 3 4 3 4 3 4 5 5 5 6 6 25 6 6 25 23 23 23 13 13 13
1 1 1 2 3 4 3 4 3 4 5 5 5
1 1 2 1 3 4 5 3 4 3 4 5 5 25 25 6 9 23 23 23 13 13 13
1 1 1 2 3 4 3 4 3 4 5 5 5 9
1 1 1 2 3 4 3 4 3 4 5 5 5 23 23 23 13 13 13
1 2 1 1 3 4 3 4 3 4 5 5 5 23 23 23 13 13 13
1 2 1 1 3 4 3 4 3 4 5 5 5
1 1 1 2 3 4 3 4 3 4 5 5 5 23 23 23 13 13 13
1 1 2 1 3 4 5 3 4 3 4 5 5 23 23 23 13 13 13
1 1 2 1 3 4 3 4 3 4 5 5 5 6 6 25 6 25 6 23 23 23 13 13 13
1 1 1 2 3 4 3 4 3 4 5 5 5
1 1 1 2 3 4 3 4 3 4 5 5 5 23 23 23 13 13 13
2 1 1 1 5 5 3 4 3 4 3 4 5 25 25 6 9 23 23 23 13 13 13
1 1 1 2 3 4 3 4 3 4 5 5 5 23 23 23 13 13 13
1 1 1 2 3 4 3 4 3 4 5 5 5
2 1 1 1 3 4 3 4 3 4 5 5 5
1 1 1 2 3 4 3 4 3 4 5 5 5
2 1 1 1 5 5 5 3 4 3 4 3 4 6 6 6 6 6 6 23 23 23 13 13 13
1 1 1 2 3 4 3 4 3 4 5 5 5 6 25 6 9 6 25 6 23 23 23 13 13 13
1 1 2 1 3 4 3 4 3 4 5 5 5 23 23 23 13 13 13
1 1 1 2 3 4 3 4 3 4 5 5 5 23 23 23 13 13 13
1 1 1 2 3 4 3 4 3 4 5 5 5 23 23 23 13 13 13
1 2 1 1 3 4 3 4 3 4 5 5 5 23 23 23 13 13 13
1 1 2 1 3 4 3 4 3 4 5 5 5 23 23 23 13 13 13
1 1 1 2 3 4 3 4 5 5 3 4 5 23 23 23 13 13 13
1 2 1 1 3 4 3 4 3 4 5 5 5
1 2 1 1 3 4 3 4 3 4 5 5 5 6 6 25 25 6 6 25 6 6 23 23 23 13 13 13
1 1 1 2 3 4 3 4 3 4 5 5 5 23 23 23 13 13 13
1 1 1 2 3 4 3 4 3 4 5 5 5 23 23 23 13 13 13
1 1 1 2 3 4 3 4 3 4 5 5 5 23 23 23 13 13 13
1 1 2 1 3 4 3 4 3 4 5 5 5 23 23 23 13 13 13
2 1 1 1 5 5 5 3 4 3 4 3 4 23 23 23 13 13 13
1 2 1 1 3 4 3 4 3 4 5 5 5
1 1 1 2 3 4 3 4 3 4 5 5 5
1 1 2 1 3 4 3 4 5 3 4 5 5 23 23 23 13 13 13
2 1 1 1 5 5 5 3 4 3 4 3 4 23 23 23 13 13 13
1 1 1 2 3 4 3 4 5 3 4 5 5
1 1 2 1 3 4 3 4 3 4 5 5 5 9 25 25 6 23 23 23 13 13 13
1 2 1 1 3 4 3 4 3 4 5 5 5 6 6 25 23 23 23 13 13 13
1 1 2 1 3 4 3 4 3 4 5 5 5 23 23 23 13 13 13
1 1 1 2 3 4 3 4 3 4 5 5 5 23 23 23 13 13 13
1 1 1 2 3 4 3 4 3 4 5 5 5 23 23 23 13 13 13
2 1 1 1 5 5 5 3 4 3 4 3 4 23 23 23 13 13 13
1 1 1 2 3 4 3 4 3 4 5 5 5 23 23 23 13 13 13
1 1 1 2 3 4 3 4 3 4 5 5 5 25 6 23 23 23 13 13 13
1 2 1 1 3 4 3 4 3 4 5 5 5 23 23 23 13 13 13
1 2 1 1 3 4 3 4 5 3 4 5 5 23 23 23 13 13 13
1 2 1 1 3 4 3 4 3 4 5 5 5 23 23 23 13 13 13
2 1 1 1 5 5 5 3 4 3 4 3 4 25 25 25 25 25 25 25 25 25 25 25 25 25 25 25 6 23 23 23 13 13 13
1 1 2 1 3 4 3 4 3 4 5 5 5 23 23 23 13 13 13
2 1 1 1 5 5 5 3 4 3 4 3 4 6 6 25 6 6 25 6 6 25 25 6 23 23 23 13 13 13
2 1 1 1 3 4 5 3 4 3 4 5 5 23 23 23 13 13 13
2 1 1 1 3 4 5 5 5 3 4 3 4 25 6 25 9 9 9 23 23 23 13 13 13
1 2 1 1 3 4 3 4 3 4 5 5 5 23 23 23 13 13 13
1 1 1 2 3 4 3 4 3 4 5 5 5
1 1 1 2 3 4 3 4 5 3 4 5 5
1 1 1 2 3 4 3 4 3 4 5 5 5 23 23 23 13 13 13
1 1 2 1 3 4 3 4 3 4 5 5 5
2 1 1 1 5 5 5 3 4 3 4 3 4 6 6 25 6 6 25 6 6 25 23 23 23 13 13 13
2 1 1 1 3 4 3 4 3 4 5 5 5 9 9 9 25 6 25 23 23 23 13 13 13
1 1 1 2 3 4 3 4 5 5 3 4 5
1 1 1 2 3 4 3 4 3 4 5 5 5 23 23 23 13 13 13
1 2 1 1 3 4 3 4 3 4 5 5 5 23 23 23 13 13 13
1 1 1 2 3 4 3 4 5 5 3 4 5 23 23 23 13 13 13
2 1 1 1 5 5 5 3 4 3 4 3 4 25 25 6 23 23 23 13 13 13
2 1 1 1 5 5 5 3 4 3 4 3 4 6 6 25 6 6 25 6 25 6 23 23 23 13 13 13
1 1 1 2 3 4 3 4 3 4 5 5 5 23 23 23 13 13 13
1 1 1 2 3 4 5 3 4 3 4 5 5 25 6 25 9 23 23 23 13 13 13
1 1 1 2 3 4 5 3 4 3 4 5 5 23 23 23 13 13 13
2 1 1 1 5 5 5 3 4 3 4 3 4 6 6 25 6 6 25 6 6 25 6 6 25 23 23 23 13 13 13
1 1 1 2 3 4 3 4 3 4 5 5 5 23 23 23 13 13 13
2 1 1 1 5 5 5 3 4 3 4 3 4 9 25 25 6 23 23 23 13 13 13
1 1 1 2 3 4 3 4 3 4 5 5 5
1 1 1 2 3 4 3 4 5 5 3 4 5 23 23 23 13 13 13
1 2 1 1 3 4 3 4 3 4 5 5 5 23 23 23 13 13 13
1 1 2 1 3 4 3 4 3 4 5 5 5 23 23 23 13 13 13
1 1 2 1 3 4 3 4 3 4 5 5 5
1 2 1 1 3 4 3 4 3 4 5 5 5
2 1 1 1 5 5 5 3 4 3 4 3 4 9 25 25 6 23 23 23 13 13 13
1 2 1 1 3 4 3 4 3 4 5 5 5 23 23 23 13 13 13
2 1 1 1 5 5 5 3 4 3 4 3 4 25 6 25 6 25 6 25 23 23 23 13 13 13
1 2 1 1 3 4 3 4 3 4 5 5 5 23 23 23 13 13 13
1 1 1 2 3 4 3 4 3 4 5 5 5 23 23 23 13 13 13
1 1 1 2 4 5 3 3 4 3 4 5 5
2 1 1 1 5 3 4 3 4 3 4 5 5 25 25 25 9 25 25 25 25 25 25 25 25 25 25 25 25 6 9 23 23 23 13 13 13
2 1 1 1 5 5 5 3 4 3 4 3 4 6 6 25 6 6 25 6 6 25 6 6 25 23 23 23 13 13 13
2 1 1 1 3 4 5 3 4 3 4 5 5 23 23 23 13 13 13
1 1 2 1 3 4 3 4 3 4 5 5 5 23 23 23 13 13 13
2 1 1 1 5 5 5 3 4 3 4 3 4 25 25 6 9 9 9 23 23 23 13 13 13
1 2 1 1 3 4 3 4 3 4 5 5 5 9 6 6 25 6 6 25 23 23 23 13 13 13
1 1 1 2 3 4 3 4 3 4 5 5 5 23 23 23 13 13 13
1 1 2 1 3 4 3 4 3 4 5 5 5
1 1 2 1 3 4 3 4 3 4 5 5 5 23 23 23 13 13 13
1 2 1 1 3 4 3 4 3 4 5 5 5
1 1 1 2 3 4 3 4 3 4 5 5 5 23 23 23 13 13 13
2 1 1 1 5 5 5 3 4 3 4 3 4 6 6 25 6 6 25 6 6 25 23 23 23 13 13 13
2 1 1 1 5 5 5 3 4 3 4 3 4 25 6 25 23 23 23 13 13 13
2 1 1 1 5 5 5 3 4 3 4 3 4 6 6 25 9 6 6 25 6 6 25 6 25 6 23 23 23 13 13 13
1 1 1 2 3 4 3 4 3 4 5 5 5 6 6 25 6 6 25 23 23 23 13 13 13
1 1 2 1 3 4 3 4 3 4 5 5 5 25 6 25 23 23 23 13 13 13
1 1 1 2 3 4 3 4 5 5 3 4 5 23 23 23 13 13 13
1 1 1 2 3 4 3 4 3 4 5 5 5 23 23 23 13 13 13
1 1 1 2 3 4 3 4 3 4 5 5 5 23 23 23 13 13 13
1 1 2 1 3 4 3 4 3 4 5 5 5 23 23 23 13 13 13
1 1 1 2 3 4 3 4 3 4 5 5 5
1 1 1 2 3 4 3 4 3 4 5 5 5
1 2 1 1 3 4 3 4 5 5 3 4 5 9 23 23 23 13 13 13
2 1 1 1 5 5 5 3 4 3 4 3 4 6 25 6 6 25 6 6 25 6 6 6 25 23 23 23 13 13 13
2 1 1 1 5 5 5 3 4 3 4 3 4 6 6 6 6 6 6 6 6 23 23 23 13 13 13
1 1 1 2 3 4 3 4 3 4 5 5 5 23 23 23 13 13 13
1 1 1 2 3 4 3 4 3 4 5 5 5
1 1 1 2 3 4 3 4 3 4 5 5 5 23 23 23 13 13 13
1 1 2 1 3 4 3 4 3 4 5 5 5 23 23 23 13 13 13
2 1 1 1 5 5 5 3 4 3 4 3 4 25 6 25 9 23 23 23 13 13 13
1 2 1 1 3 4 3 4 3 4 5 5 5
1 1 1 2 3 4 3 4 3 4 5 5 5 23 23 23 13 13 13
1 1 2 1 3 4 3 4 3 4 5 5 5 6 25 6 6 6 25 23 23 23 13 13 13
1 2 1 1 3 4 3 4 3 4 5 5 5 6 25 6 6 25 6 23 23 23 13 13 13
1 2 1 1 3 4 3 4 5 5 3 4 5 23 23 23 13 13 13
1 2 1 1 3 4 3 4 3 4 5 5 5 23 23 23 13 13 13
1 1 1 2 3 4 3 4 3 4 5 5 5 23 23 23 13 13 13
2 1 1 1 3 4 3 4 3 4 5 5 5 6 6 25 6 6 25 23 23 23 13 13 13
1 1 1 2 3 4 3 4 3 4 5 5 5 23 23 23 13 13 13
1 1 1 2 3 4 3 4 3 4 5 5 5 23 23 23 13 13 13
1 1 2 1 3 4 3 4 3 4 5 5 5 23 23 23 13 13 13
1 1 1 2 3 4 3 4 3 4 5 5 5 23 23 23 13 13 13
2 1 1 1 5 3 4 5 5 3 4 3 4 6 25 6 6 25 6 6 25 6 23 23 23 13 13 13
1 2 1 1 3 4 4 4 5 5 5 3 3 23 23 23 13 13 13
1 1 2 1 3 4 3 4 3 4 5 5 5
1 1 1 2 3 4 3 4 3 4 5 5 5 9 23 23 23 13 13 13
1 1 1 2 3 4 3 4 3 4 5 5 5 23 23 23 13 13 13
1 1 2 1 3 4 5 3 4 3 4 5 5
1 1 1 2 3 4 3 4 3 4 5 5 5
1 1 1 2 3 4 3 4 3 4 5 5 5 23 23 23 13 13 13
1 1 1 2 3 4 5 3 4 3 4 5 5 23 23 23 13 13 13
2 1 1 1 5 5 5 3 4 3 4 3 4 25 6 25 23 23 23 13 13 13
1 1 1 2 3 4 3 3 4 4 5 5 5 23 23 23 13 13 13
1 2 1 1 3 4 3 4 3 4 5 5 5 9 23 23 23 13 13 13
1 1 1 2 3 4 3 4 3 4 5 5 5 23 23 23 13 13 13
2 1 1 1 3 4 3 4 3 4 5 5 5
1 1 1 2 3 4 3 4 3 4 5 5 5 23 23 23 13 13 13
1 2 1 1 3 4 3 4 3 4 5 5 5
1 1 2 1 3 4 3 4 3 4 5 5 5 23 23 23 13 13 13
2 1 1 1 5 5 5 3 4 3 4 3 4 6 25 6 6 6 25 6 25 6 23 23 23 13 13 13
1 1 1 2 3 4 3 4 3 4 5 5 5 23 23 23 13 13 13
1 1 2 1 3 4 3 4 3 4 5 5 5 23 23 23 13 13 13
2 1 1 1 3 4 3 4 3 4 5 5 5 9 9 25 6 25 9 23 23 23 13 13 13
1 1 2 1 3 4 3 4 3 4 5 5 5 23 23 23 13 13 13
1 1 1 2 3 4 5 5 3 4 3 4 5 23 23 23 13 13 13
1 1 1 2 3 4 3 4 5 5 3 4 5
1 1 2 1 3 4 3 4 3 4 5 5 5 23 23 23 13 13 13
1 1 2 1 3 4 3 4 3 4 5 5 5
1 2 1 1 3 4 3 4 3 4 5 5 5 9 6 6 25 6 6 25 23 23 23 13 13 13
1 1 1 2 3 4 3 4 3 4 5 5 5
1 1 1 2 3 4 3 4 3 4 5 5 5
1 1 1 2 3 4 3 4 3 4 5 5 5 23 23 23 13 13 13
1 2 1 1 3 4 3 4 3 4 5 5 5
1 1 1 2 3 4 3 4 3 4 5 5 5
1 1 1 2 3 4 3 4 3 4 5 5 5 23 23 23 13 13 13
1 1 1 2 3 4 3 4 3 4 5 5 5 23 23 23 13 13 13
1 1 2 1 3 4 3 4 5 5 3 4 5
1 1 2 1 3 4 3 4 3 4 5 5 5 23 23 23 13 13 13
1 1 2 1 3 4 3 4 3 4 5 5 5 23 23 23 13 13 13
1 1 2 1 3 4 3 4 5 5 3 4 5 23 23 23 13 13 13
2 1 1 1 5 5 5 3 4 3 4 3 4 25 6 25 23 23 23 13 13 13
1 1 1 2 3 4 3 4 3 4 5 5 5 9 23 23 23 13 13 13
1 2 1 1 3 4 3 4 3 4 5 5 5
1 2 1 1 5 3 4 3 4 5 5 3 4 25 25 6 23 23 23 13 13 13
2 1 1 1 5 5 5 3 4 3 4 3 4 23 23 23 13 13 13
2 1 1 1 3 4 3 4 3 4 5 5 5 23 23 23 13 13 13
1 1 1 2 3 4 3 4 3 4 5 5 5 23 23 23 13 13 13
2 1 1 1 3 4 3 4 3 4 5 5 5 23 23 23 13 13 13
1 1 2 1 3 4 3 4 3 4 5 5 5 23 23 23 13 13 13
1 1 2 1 3 4 3 4 3 4 5 5 5
2 1 1 1 5 5 5 3 4 3 4 3 4 6 25 6 25 6 6 6 25 6 6 25 6 23 23 23 13 13 13
1 1 1 2 3 4 3 4 3 4 5 5 5
1 2 1 1 3 4 3 4 3 4 5 5 5 23 23 23 13 13 13
1 1 1 2 3 4 3 4 3 4 5 5 5 23 23 23 13 13 13
1 1 1 2 3 4 3 4 3 4 5 5 5 23 23 23 13 13 13
1 1 2 1 3 4 3 4 3 4 5 5 5 23 23 23 13 13 13
1 1 1 2 3 4 3 4 3 4 5 5 5 23 23 23 13 13 13
1 2 1 1 3 4 3 4 5 5 3 4 5 23 23 23 13 13 13
1 1 2 1 3 4 3 4 3 4 5 5 5 6 9 23 23 23 13 13 13
1 1 1 2 3 4 3 4 3 4 5 5 5
1 1 1 2 3 4 3 4 3 4 5 5 5
1 2 1 1 3 4 3 4 3 4 5 5 5 25 25 6 23 23 23 13 13 13
1 1 2 1 3 4 3 4 3 4 5 5 5 23 23 23 13 13 13
1 1 2 1 3 4 3 4 3 4 5 5 5 23 23 23 13 13 13
1 1 1 2 3 4 3 4 3 4 5 5 5
1 2 1 1 3 4 3 4 3 4 5 5 5 25 6 6 6 25 6 23 23 23 13 13 13
1 2 1 1 3 4 5 3 4 3 4 5 5 23 23 23 13 13 13
1 2 1 1 3 4 3 4 3 4 5 5 5
1 2 1 1 3 4 5 3 4 3 4 5 5 23 23 23 13 13 13
1 1 1 2 3 4 3 4 3 4 5 5 5
1 1 1 2 3 4 3 4 3 4 5 5 5 25 25 25 25 25 25 25 25 6 25 25 25 25 25 25 25 23 23 23 13 13 13
2 1 1 1 3 4 3 4 3 4 5 5 5 23 23 23 13 13 13
1 1 2 1 3 4 3 4 3 4 5 5 5
1 1 2 1 3 4 5 3 4 3 4 5 5 23 23 23 13 13 13
2 5 5 5 1 3 4 1 3 4 1 3 4
1 1 2 1 3 4 3 4 3 4 5 5 5 23 23 23 13 13 13
1 1 1 2 3 4 3 4 3 4 5 5 5 23 23 23 13 13 13
2 1 1 1 5 5 3 4 3 4 3 4 5 6 6 25 6 25 6 6 6 25 23 23 23 13 13 13
2 1 1 1 5 5 3 4 5 3 4 3 4 25 25 6 9 9 23 23 23 13 13 13
2 1 1 1 5 5 5 3 4 3 4 3 4 9 23 23 23 13 13 13
1 1 1 2 3 4 3 4 5 5 3 4 5 23 23 23 13 13 13
1 1 1 2 3 4 3 4 3 4 5 5 5 23 23 23 13 13 13
1 1 1 2 3 4 3 4 3 4 5 5 5
1 2 1 1 3 4 3 4 3 4 5 5 5 23 23 23 13 13 13
1 1 2 1 3 4 3 4 3 4 5 5 5
1 1 1 2 3 4 3 4 3 4 5 5 5 23 23 23 13 13 13
2 1 1 1 5 5 5 3 4 3 4 3 4 23 23 23 13 13 13
2 1 1 1 5 5 5 3 4 3 4 3 4 6 25 6 6 6 25 6 6 25 25 6 6 23 23 23 13 13 13
2 1 1 1 5 5 5 3 4 3 4 3 4 25 25 6 9 23 23 23 13 13 13
1 1 2 1 3 4 3 4 3 4 5 5 5 23 23 23 13 13 13
2 1 1 1 5 3 4 5 5 3 4 3 4 6 25 6 6 6 25 25 6 6 23 23 23 13 13 13
1 2 1 1 3 4 3 4 3 4 5 5 5 23 23 23 13 13 13
1 1 1 2 3 4 3 4 3 4 5 5 5 23 23 23 13 13 13
1 1 1 2 3 4 3 4 3 4 5 5 5
1 1 1 2 3 4 3 4 5 5 3 4 5 23 23 23 13 13 13
1 2 1 1 3 4 3 4 3 4 5 5 5 23 23 23 13 13 13
1 1 1 2 3 4 3 4 3 4 5 5 5
1 1 1 2 3 4 3 4 3 4 5 5 5 23 23 23 13 13 13
1 1 1 2 3 4 3 4 3 4 5 5 5 23 23 23 13 13 13
1 1 2 1 3 4 3 4 5 5 5 3 4 23 23 23 13 13 13
1 1 2 1 3 4 3 4 3 4 5 5 5 23 23 23 13 13 13
1 1 1 2 3 4 3 4 3 4 5 5 5
1 1 1 2 3 4 3 4 3 4 5 5 5
1 2 1 1 3 4 3 4 3 4 5 5 5 9 23 23 23 13 13 13
1 1 2 1 3 4 5 3 4 3 4 5 5 23 23 23 13 13 13
1 1 1 2 3 4 3 4 5 5 3 4 5 23 23 23 13 13 13
1 1 1 2 3 4 3 4 3 4 5 5 5 23 23 23 13 13 13
2 1 1 1 3 4 3 4 3 4 5 5 5
2 1 1 1 5 5 5 3 4 3 4 3 4 6 25 6 6 6 25 6 6 25 23 23 23 13 13 13
2 1 1 1 5 5 5 3 4 3 4 3 4 25 6 25 23 23 23 13 13 13
1 1 1 2 3 4 3 4 3 4 5 5 5 23 23 23 13 13 13
1 1 1 2 3 4 3 4 3 4 5 5 5 23 23 23 13 13 13
1 2 1 1 3 4 3 4 3 4 5 5 5
2 1 1 1 5 5 5 3 4 3 4 3 4 6 6 25 6 6 25 6 25 6 6 25 6 23 23 23 13 13 13
1 1 1 2 3 4 4 5 5 3 4 3 5
1 1 1 2 3 4 3 4 3 4 5 5 5 9 23 23 23 13 13 13
1 1 1 2 3 4 4 3 4 5 5 5 3 23 23 23 13 13 13
1 1 2 1 3 4 3 4 3 4 5 5 5 23 23 23 13 13 13
1 1 2 1 3 4 3 4 3 4 5 5 5 23 23 23 13 13 13
1 1 1 2 3 4 3 4 4 5 3 5 5 23 23 23 13 13 13
2 1 1 1 5 3 4 3 4 3 4 5 5 25 6 25 6 25 6 25 23 23 23 13 13 13
2 1 1 1 5 5 5 3 4 3 4 3 4 6 6 25 6 25 6 6 6 25 23 23 23 13 13 13
1 1 1 2 3 4 3 4 3 4 5 5 5
1 1 1 2 3 4 3 4 3 4 5 5 5 23 23 23 13 13 13
1 2 1 1 5 5 3 4 3 4 3 4 5
2 1 1 1 3 4 3 4 5 5 5 3 4 23 23 23 13 13 13
1 1 2 1 3 4 5 3 4 3 4 5 5 23 23 23 13 13 13
2 1 1 1 3 4 3 4 5 5 3 4 5
1 1 1 2 3 4 3 4 3 4 5 5 5 25 25 6 23 23 23 13 13 13
1 1 1 2 3 4 3 4 3 4 5 5 5 23 23 23 13 13 13
1 2 1 1 3 4 3 4 3 4 5 5 5 23 23 23 13 13 13
1 2 1 1 3 4 3 4 3 4 5 5 5
2 1 1 1 5 5 5 3 4 3 4 3 4 25 6 25 23 23 23 13 13 13
2 1 1 1 5 5 5 3 4 3 4 3 4 6 6 25 6 25 6 6 25 6 6 25 6 23 23 23 13 13 13
1 1 1 2 3 4 3 4 3 4 5 5 5 6 6 25 6 6 25 23 23 23 13 13 13
1 1 1 2 3 4 3 4 3 4 5 5 5
1 2 1 1 3 4 3 4 3 4 5 5 5
2 1 1 1 5 5 5 3 4 3 4 3 4 25 25 6 9 23 23 23 13 13 13
2 1 1 1 3 4 5 5 5 3 4 3 4 6 23 23 23 13 13 13
1 1 1 2 3 4 3 4 3 4 5 5 5
1 1 1 2 3 4 3 4 3 4 5 5 5 23 23 23 13 13 13
1 1 1 2 3 4 3 4 3 4 5 5 5 23 23 23 13 13 13
1 1 1 2 3 4 3 4 3 4 5 5 5
2 1 1 1 5 5 5 3 4 3 4 3 4 6 25 6 6 25 6 6 6 25 6 6 25 23 23 23 13 13 13
1 1 1 2 3 4 3 4 3 4 5 5 5 23 23 23 13 13 13
1 1 1 2 3 4 3 4 3 4 5 5 5
1 2 1 1 3 3 4 4 3 4 5 5 5 9 23 23 23 13 13 13
1 1 1 2 3 4 3 4 3 4 5 5 5 9 23 23 23 13 13 13
1 1 1 2 3 4 3 4 3 4 5 5 5 23 23 23 13 13 13
2 1 1 1 5 5 5 3 4 3 4 3 4 23 23 23 13 13 13
1 2 1 1 3 4 3 4 5 5 3 4 5 6 6 25 6 25 6 9 23 23 23 13 13 13
1 2 1 1 3 4 3 4 5 5 3 4 5 23 23 23 13 13 13
1 1 1 2 3 4 3 4 3 4 5 5 5 23 23 23 13 13 13
1 1 1 2 3 4 3 4 3 4 5 5 5 23 23 23 13 13 13
1 2 1 1 3 4 3 4 3 4 5 5 5 23 23 23 13 13 13
1 1 2 1 3 4 3 4 3 4 5 5 5 23 23 23 13 13 13
1 2 1 1 3 4 3 4 3 4 5 5 5 23 23 23 13 13 13
1 1 1 2 3 4 3 4 3 4 5 5 5 23 23 23 13 13 13
1 2 1 1 3 4 3 4 3 4 5 5 5 23 23 23 13 13 13
1 2 1 1 3 4 5 3 4 3 4 5 5 23 23 23 13 13 13
1 1 1 2 3 4 3 4 3 4 5 5 5 23 23 23 13 13 13
2 1 1 1 3 4 3 4 3 4 5 5 5 23 23 23 13 13 13
1 1 1 2 3 4 3 4 5 3 4 5 5
2 1 1 1 5 5 5 3 4 3 4 3 4 9 25 25 6 9 9 23 23 23 13 13 13
1 1 1 2 3 4 3 4 3 4 5 5 5 23 23 23 13 13 13
1 1 2 1 3 4 3 4 5 5 3 4 5 23 23 23 13 13 13
1 1 1 2 3 4 3 4 3 4 5 5 5 9 23 23 23 13 13 13
1 1 1 2 4 3 4 5 5 3 5 3 4
1 1 1 2 3 4 3 4 3 4 5 5 5
1 1 1 2 3 4 3 4 3 4 5 5 5
1 1 1 2 3 4 5 3 4 3 4 5 5 25 25 6 23 23 23 13 13 13
1 2 1 1 3 4 3 4 3 4 5 5 5 23 23 23 13 13 13
1 2 1 1 3 4 3 4 3 4 5 5 5 23 23 23 13 13 13
1 1 1 2 3 4 5 3 4 3 4 5 5
1 1 1 2 3 4 3 4 3 4 5 5 5 23 23 23 13 13 13
2 1 1 1 3 4 3 4 3 4 5 5 5
1 1 2 1 3 4 3 4 3 4 5 5 5 23 23 23 13 13 13
2 1 1 1 3 4 5 3 4 3 4 5 5 23 23 23 13 13 13
1 2 1 1 3 4 3 4 5 5 3 4 5 9 23 23 23 13 13 13
2 1 1 1 5 5 5 3 4 3 4 3 4 25 25 6 23 23 23 13 13 13
1 1 1 2 3 4 3 4 5 5 3 4 5
1 1 1 2 3 4 3 4 3 4 5 5 5
1 2 1 1 3 4 3 4 3 4 5 5 5
1 1 2 1 3 4 3 4 3 4 5 5 5
1 2 1 1 3 4 3 4 3 4 5 5 5 23 23 23 13 13 13
2 1 1 1 5 5 5 3 4 3 4 3 4 6 25 6 6 25 6 6 25 6 6 25 6 23 23 23 13 13 13
1 2 1 1 3 4 3 4 3 4 5 5 5 23 23 23 13 13 13
1 1 1 2 3 4 3 4 3 4 5 5 5 23 23 23 13 13 13
1 1 1 2 3 4 3 4 3 4 5 5 5 23 23 23 13 13 13
1 1 2 1 3 4 3 4 3 4 5 5 5 23 23 23 13 13 13
1 1 2 1 3 4 3 4 3 4 5 5 5 23 23 23 13 13 13
1 2 1 1 4 3 4 3 3 4 5 5 5 23 23 23 13 13 13
1 1 1 2 4 3 4 3 3 4 5 5 5
1 1 1 2 3 4 3 4 3 4 5 5 5 23 23 23 13 13 13
1 1 2 1 3 4 3 4 3 4 5 5 5 23 23 23 13 13 13
1 1 1 2 3 4 3 4 3 4 5 5 5 23 23 23 13 13 13
1 1 2 1 3 4 3 4 3 4 5 5 5
2 1 1 1 3 3 4 4 3 4 5 5 5 23 23 23 13 13 13
1 2 1 1 3 4 3 4 3 4 5 5 5 23 23 23 13 13 13
1 1 2 1 3 4 3 4 3 4 5 5 5 25 6 25 23 23 23 13 13 13
1 1 1 2 3 4 3 4 3 4 5 5 5 23 23 23 13 13 13
1 2 1 1 3 4 3 4 5 3 4 5 5 23 23 23 13 13 13
1 1 1 2 3 4 3 4 3 4 5 5 5 23 23 23 13 13 13
1 2 1 1 3 4 3 4 3 4 5 5 5 23 23 23 13 13 13
2 1 1 1 5 5 5 3 4 3 4 3 4 25 6 25 6 25 6 23 23 23 13 13 13
2 1 1 1 5 5 5 3 4 3 4 3 4 23 23 23 13 13 13
1 1 1 2 3 4 3 4 3 4 5 5 5 23 23 23 13 13 13
1 1 1 2 3 4 3 4 3 4 5 5 5 23 23 23 13 13 13
1 2 1 1 3 4 3 4 3 4 5 5 5 6 6 25 6 6 25 23 23 23 13 13 13
1 2 1 1 3 4 3 4 3 4 5 5 5 6 6 25 6 6 25 23 23 23 13 13 13
1 1 1 2 3 4 3 4 3 4 5 5 5 23 23 23 13 13 13
1 1 1 2 3 4 3 4 5 5 3 4 5 25 6 25 9 23 23 23 13 13 13
1 1 1 2 3 4 3 4 3 4 5 5 5
1 1 2 1 3 4 5 3 4 3 4 5 5
1 2 1 1 3 4 3 4 3 4 5 5 5 23 23 23 13 13 13
1 1 1 2 3 4 3 4 3 4 5 5 5
1 1 2 1 3 4 3 4 5 5 5 3 4 9 25 25 6 23 23 23 13 13 13
1 1 2 1 3 4 3 4 5 5 3 4 5
1 1 2 1 3 4 3 4 3 4 5 5 5 25 6 25 9 23 23 23 13 13 13
1 1 2 1 3 4 3 4 3 4 5 5 5
1 2 1 1 3 4 3 4 3 4 5 5 5 23 23 23 13 13 13
1 1 1 2 3 4 3 4 3 4 5 5 5 23 23 23 13 13 13
1 1 1 2 3 4 3 4 3 4 5 5 5 25 25 6 23 23 23 13 13 13
1 1 2 1 3 4 3 4 3 4 5 5 5
1 1 1 2 3 4 3 4 3 4 5 5 5 23 23 23 13 13 13
2 1 1 1 5 5 3 4 3 4 5 3 4 25 25 6 9 23 23 23 13 13 13
2 1 1 1 5 5 3 4 3 4 3 4 5 9
1 1 1 2 3 4 3 4 3 4 5 5 5
2 1 1 1 5 5 5 3 4 3 4 3 4 9 25 25 6 23 23 23 13 13 13
1 1 1 2 3 4 3 4 3 4 5 5 5 23 23 23 13 13 13
1 1 1 2 3 4 3 4 3 4 5 5 5 23 23 23 13 13 13
1 2 1 1 3 4 3 4 5 3 4 5 5 23 23 23 13 13 13
2 1 1 1 5 5 3 4 4 5 3 3 4 23 23 23 13 13 13
1 1 2 1 3 4 3 4 3 4 5 5 5 25 25 6 9 23 23 23 13 13 13
1 1 1 2 3 4 3 4 3 4 5 5 5 23 23 23 13 13 13
1 2 1 1 3 4 3 4 3 4 5 5 5 23 23 23 13 13 13
1 1 2 1 3 4 3 4 5 5 3 4 5
1 1 2 1 3 4 3 4 3 4 5 5 5 23 23 23 13 13 13
2 1 1 1 5 5 3 4 3 4 3 4 5 6 25 6 6 6 25 6 25 6 23 23 23 13 13 13
1 2 1 1 5 5 5 3 4 3 4 3 4 25 6 25 9 23 23 23 13 13 13
1 1 1 2 3 4 3 4 3 4 5 5 5 23 23 23 13 13 13
1 1 1 2 3 4 3 4 3 4 5 5 5 23 23 23 13 13 13
2 1 1 1 5 5 5 3 4 3 4 3 4 23 23 23 13 13 13
2 1 1 1 3 4 3 4 3 4 5 5 5 23 23 23 13 13 13
1 1 1 2 3 4 3 4 5 5 3 4 5 23 23 23 13 13 13
2 1 1 1 5 5 5 3 4 3 4 3 4 25 6 25 9 23 23 23 13 13 13
2 1 1 1 5 5 5 3 4 3 4 3 4 25 6 6 25 6 6 25 6 6 23 23 23 13 13 13
1 1 1 2 3 4 3 4 3 4 5 5 5
1 1 2 1 3 4 3 4 3 4 5 5 5 23 23 23 13 13 13
2 1 1 1 5 5 3 4 3 4 5 3 4 23 23 23 13 13 13
1 1 2 1 3 4 3 4 3 4 5 5 5 23 23 23 13 13 13
1 1 1 2 3 4 3 4 3 4 5 5 5 23 23 23 13 13 13
1 2 1 1 3 4 3 4 3 4 5 5 5
1 1 2 1 3 4 3 4 3 4 5 5 5 23 23 23 13 13 13
1 1 1 2 3 4 3 4 5 5 3 4 5 23 23 23 13 13 13
2 1 1 1 3 4 3 4 3 4 5 5 5 23 23 23 13 13 13
1 1 1 2 3 4 3 4 3 4 5 5 5 23 23 23 13 13 13
1 1 1 2 3 4 3 4 3 4 5 5 5 23 23 23 13 13 13
1 1 2 1 3 4 3 4 3 4 5 5 5 23 23 23 13 13 13
1 1 1 2 3 4 3 4 3 4 5 5 5 23 23 23 13 13 13
1 1 1 2 3 4 3 4 3 4 5 5 5 23 23 23 13 13 13
1 2 1 1 3 4 3 4 3 4 5 5 5 23 23 23 13 13 13
1 1 1 2 3 4 3 4 3 4 5 5 5 23 23 23 13 13 13
1 1 1 2 3 4 3 4 3 4 5 5 5
1 1 2 1 3 4 3 4 3 4 5 5 5 23 23 23 13 13 13
1 1 1 2 3 4 3 4 5 5 5 3 4 23 23 23 13 13 13
1 1 1 2 3 4 3 4 3 4 5 5 5 23 23 23 13 13 13
1 1 2 1 3 4 3 4 3 4 5 5 5 9 23 23 23 13 13 13
2 1 1 1 5 5 5 3 4 3 4 3 4 9 25 25 6 23 23 23 13 13 13
2 1 1 1 5 5 5 3 4 3 4 3 4 23 23 23 13 13 13
2 1 1 1 5 5 3 4 5 3 4 3 4 25 25 25 25 25 25 25 25 25 25 25 25 25 25 6 25 9 23 23 23 13 13 13
1 1 1 2 5 3 4 3 4 3 4 5 5 23 23 23 13 13 13
2 1 1 1 5 5 5 3 4 3 4 3 4 6 6 25 6 6 25 6 6 25 6 25 6 23 23 23 13 13 13
1 1 2 1 3 4 3 4 3 4 5 5 5 23 23 23 13 13 13
1 1 2 1 4 3 4 5 5 3 3 4 5
2 1 1 1 5 5 5 3 4 3 4 3 4 23 23 23 13 13 13
1 1 1 2 3 4 3 4 3 4 5 5 5
2 1 1 1 5 5 5 3 4 3 4 3 4 23 23 23 13 13 13
1 1 1 2 3 4 3 4 3 4 5 5 5 23 23 23 13 13 13
1 1 2 1 3 4 3 4 3 4 5 5 5
2 1 1 1 3 4 5 5 5 3 4 3 4 25 6 25 23 23 23 13 13 13
1 1 1 2 3 4 4 5 5 3 4 3 5 23 23 23 13 13 13
1 1 1 2 3 4 3 4 3 4 5 5 5 8 7 1 6 4 5 5 13
2 1 1 1 3 4 3 4 5 3 4 5 5 23 23 23 13 13 13
2 1 1 1 5 5 5 3 4 3 4 3 4 25 6 25 23 23 23 13 13 13
1 1 1 2 3 4 3 4 3 4 5 5 5 23 23 23 13 13 13
1 1 2 1 3 4 3 4 3 4 5 5 5 23 23 23 13 13 13
1 2 1 1 3 4 3 4 3 4 5 5 5
1 1 1 2 3 4 3 4 3 4 5 5 5 6 6 25 23 23 23 13 13 13
1 2 1 1 3 4 3 4 3 4 5 5 5 23 23 23 13 13 13
1 2 1 1 3 4 3 4 3 4 5 5 5
1 1 1 2 3 4 3 4 3 4 5 5 5 23 23 23 13 13 13
1 1 2 1 3 4 3 4 3 4 5 5 5
2 1 1 1 5 4 5 5 3 4 3 3 4 6 6 25 6 6 25 6 25 6 6 6 25 23 23 23 13 13 13
1 2 1 1 3 4 3 4 5 5 3 4 5
1 1 2 1 3 4 3 4 3 4 5 5 5 23 23 23 13 13 13
1 2 1 1 5 3 4 3 4 3 4 5 5 9 23 23 23 13 13 13
1 1 1 2 3 4 3 4 3 4 5 5 5 23 23 23 13 13 13
1 1 1 2 3 4 3 4 5 3 4 5 5 23 23 23 13 13 13
1 2 1 1 3 4 3 4 3 4 5 5 5 23 23 23 13 13 13
1 1 1 2 3 4 5 4 5 3 3 4 5 23 23 23 13 13 13
2 1 1 1 3 4 3 4 5 5 5 3 4 9 6 6 25 6 6 25 23 23 23 13 13 13
1 1 1 2 3 4 3 4 3 4 5 5 5
2 1 1 1 3 4 3 4 4 5 5 5 3 6 25 6 6 6 25 23 23 23 13 13 13
1 2 1 1 3 4 3 4 5 5 3 4 5
1 1 1 2 3 4 3 4 3 4 5 5 5 23 23 23 13 13 13
1 1 1 2 3 4 3 4 3 4 5 5 5
2 1 1 1 5 3 4 5 5 3 4 3 4 9 23 23 23 13 13 13
1 1 2 1 3 4 3 4 3 4 5 5 5
1 2 1 1 3 4 3 4 3 4 5 5 5 23 23 23 13 13 13
1 1 2 1 3 4 3 4 3 4 5 5 5 23 23 23 13 13 13
1 1 1 2 3 4 3 4 3 4 5 5 5 23 23 23 13 13 13
2 1 1 1 5 5 5 3 4 3 4 3 4 9 25 25 6 9 23 23 23 13 13 13
2 1 1 1 3 4 3 4 3 4 5 5 5 23 23 23 13 13 13
1 1 1 2 3 4 3 4 3 4 5 5 5 23 23 23 13 13 13
1 2 1 1 3 4 3 4 3 4 5 5 5 23 23 23 13 13 13
2 1 1 1 5 5 5 3 4 3 4 3 4 23 23 23 13 13 13
1 2 1 1 3 4 3 4 3 4 5 5 5 23 23 23 13 13 13
1 2 1 1 3 4 3 4 3 4 5 5 5 9 6 6 25 23 23 23 13 13 13
1 1 1 2 3 4 3 4 3 4 5 5 5 23 23 23 13 13 13
1 1 1 2 5 3 4 3 4 3 4 5 5 23 23 23 13 13 13
2 1 1 1 5 5 5 3 4 3 4 3 4 25 6 25 23 23 23 13 13 13
1 1 2 1 3 4 3 4 3 4 5 5 5 6 25 6 6 25 6 23 23 23 13 13 13
1 1 2 1 3 4 3 4 3 4 5 5 5
1 1 2 1 5 3 4 3 4 3 4 5 5
2 1 1 1 3 4 3 4 3 4 5 5 5 9 9 9 25 25 6 23 23 23 13 13 13
1 2 1 1 3 4 3 4 3 4 5 5 5 23 23 23 13 13 13
2 1 1 1 3 4 3 4 3 4 5 5 5 23 23 23 13 13 13
1 2 1 1 3 4 5 3 4 3 4 5 5 25 6 25 23 23 23 13 13 13
1 2 1 1 3 4 3 4 3 4 5 5 5 25 25 6 23 23 23 13 13 13
2 1 1 1 5 5 3 4 3 4 3 4 5 9 25 6 25 23 23 23 13 13 13
1 1 1 2 3 4 3 4 4 5 5 5 3
1 1 1 2 3 4 3 4 3 4 5 5 5
2 1 1 1 5 5 3 4 3 4 5 3 4 9 25 6 25 9 9 23 23 23 13 13 13
1 1 2 1 3 4 3 4 3 4 5 5 5 23 23 23 13 13 13
1 1 1 2 3 4 3 4 3 4 5 5 5 23 23 23 13 13 13
2 1 1 1 5 5 5 3 4 3 4 3 4 23 23 23 13 13 13
2 1 1 1 5 5 5 3 4 3 4 3 4 25 6 25 23 23 23 13 13 13
2 1 1 1 3 4 3 4 3 4 5 5 5
1 1 2 1 4 3 4 3 3 4 5 5 5 23 23 23 13 13 13
1 2 1 1 3 4 3 4 3 4 5 5 5 23 23 23 13 13 13
1 1 1 2 3 4 3 4 3 4 5 5 5 23 23 23 13 13 13
1 1 2 1 3 4 3 4 3 4 5 5 5
1 1 1 2 3 4 3 4 5 5 3 4 5 25 6 25 9 9 23 23 23 13 13 13
2 1 1 1 5 5 5 3 4 3 4 3 4 23 23 23 13 13 13
1 1 1 2 3 4 3 4 5 5 3 4 5
1 1 2 1 3 4 3 4 3 4 5 5 5 23 23 23 13 13 13
1 1 1 2 3 4 3 4 3 4 5 5 5
2 1 1 1 5 3 4 5 5 3 4 3 4 25 25 6 9 23 23 23 13 13 13
1 1 2 1 3 4 3 4 3 4 5 5 5 23 23 23 13 13 13
1 1 1 2 3 4 5 3 4 3 4 5 5 23 23 23 13 13 13
1 1 2 1 3 4 3 4 5 5 5 3 4 9 6 6 25 9 6 6 25 23 23 23 13 13 13
1 1 2 1 3 4 3 4 3 4 5 5 5 6 25 6 9 6 25 6 23 23 23 13 13 13
1 2 1 1 3 4 3 4 3 4 5 5 5 23 23 23 13 13 13
1 1 2 1 3 4 3 4 3 4 5 5 5
1 1 1 2 3 4 3 4 5 5 3 4 5 23 23 23 13 13 13
1 1 2 1 3 4 3 4 3 4 5 5 5 23 23 23 13 13 13
2 1 1 1 5 5 5 3 4 3 4 3 4 6 25 6 6 25 6 25 6 6 25 6 6 23 23 23 13 13 13
1 1 2 1 3 4 3 4 5 5 3 4 5 23 23 23 13 13 13
1 1 1 2 3 4 3 4 3 4 5 5 5
1 2 1 1 3 4 3 4 3 4 5 5 5 9 23 23 23 13 13 13
2 1 1 1 5 5 5 3 4 3 4 3 4 25 6 25 23 23 23 13 13 13
1 2 1 1 3 4 3 4 3 4 5 5 5 23 23 23 13 13 13
2 1 1 1 5 5 5 3 4 4 3 4 3 25 6 25 23 23 23 13 13 13
2 1 1 1 5 5 5 3 4 3 4 3 4 9 23 23 23 13 13 13
1 1 2 1 3 4 3 4 3 4 5 5 5
1 1 1 2 3 4 3 4 3 4 5 5 5 23 23 23 13 13 13
1 1 2 1 3 4 3 4 3 4 5 5 5 23 23 23 13 13 13
1 2 1 1 3 4 5 5 3 4 3 4 5 23 23 23 13 13 13
1 1 1 2 3 4 3 4 5 5 3 4 5 23 23 23 13 13 13
1 2 1 1 3 4 3 4 3 4 5 5 5 23 23 23 13 13 13
2 1 1 1 3 4 3 4 3 4 5 5 5 9 23 23 23 13 13 13
1 1 1 2 3 4 3 4 3 4 5 5 5 23 23 23 13 13 13
2 1 1 1 5 5 5 3 4 3 4 3 4 25 6 6 6 25 6 6 6 25 6 25 6 23 23 23 13 13 13
1 1 2 1 3 4 3 4 3 4 5 5 5 9
1 1 1 2 3 4 3 4 3 4 5 5 5
1 1 1 2 3 4 3 4 3 4 5 5 5 23 23 23 13 13 13
2 1 1 1 5 5 5 3 4 3 4 3 4 6 25 6 6 6 25 6 25 6 6 25 6 23 23 23 13 13 13
1 1 2 1 3 4 3 4 3 4 5 5 5
1 1 2 1 3 4 3 4 3 4 5 5 5
2 1 1 1 3 4 3 4 3 4 5 5 5 23 23 23 13 13 13
1 1 2 1 3 4 3 4 3 4 5 5 5 23 23 23 13 13 13
1 1 1 2 3 4 3 4 3 4 5 5 5 23 23 23 13 13 13
1 1 1 2 3 4 3 4 3 4 5 5 5 23 23 23 13 13 13
2 1 1 1 3 4 3 4 3 4 5 5 5 25 6 25 9 9 23 23 23 13 13 13
1 1 2 1 3 4 3 4 3 4 5 5 5 23 23 23 13 13 13
1 1 1 2 3 4 3 4 3 4 5 5 5 23 23 23 13 13 13
2 1 1 1 3 4 3 4 5 5 5 3 4 25 25 25 25 25 25 25 25 25 6 25 25 25 25 25 25 23 23 23 13 13 13
1 1 1 2 3 4 3 4 3 4 5 5 5
1 1 2 1 3 4 3 4 5 3 4 5 5 23 23 23 13 13 13
1 1 1 2 3 4 3 4 3 4 5 5 5 23 23 23 13 13 13
2 1 1 1 5 5 5 3 4 3 4 3 4 6 6 25 6 6 25 6 6 25 6 6 25 23 23 23 13 13 13
2 1 1 1 5 3 4 3 4 3 4 5 5 25 25 6 9 9 9 23 23 23 13 13 13
1 1 1 2 3 4 3 4 3 4 5 5 5 23 23 23 13 13 13
1 2 1 1 3 4 3 4 3 4 5 5 5 6 25 6 23 23 23 13 13 13
2 1 1 1 3 4 3 4 5 5 5 3 4 25 25 6 9 23 23 23 13 13 13
1 2 1 1 3 4 3 4 5 5 5 3 4 23 23 23 13 13 13
1 2 1 1 3 4 3 4 3 4 5 5 5 23 23 23 13 13 13
1 1 1 2 3 4 3 4 4 5 5 3 5 23 23 23 13 13 13
1 1 1 2 3 4 3 4 3 4 5 5 5 23 23 23 13 13 13
1 2 1 1 5 5 3 4 3 4 3 4 5 25 25 6 23 23 23 13 13 13
1 1 1 2 3 4 3 4 3 4 5 5 5 23 23 23 13 13 13
1 1 1 2 3 4 3 4 3 4 5 5 5 25 25 25 25 25 25 6 25 25 25 25 25 25 25 25 25 9 23 23 23 13 13 13
1 1 1 2 3 4 3 4 3 4 5 5 5 23 23 23 13 13 13
1 1 1 2 3 4 3 4 5 3 4 5 5 23 23 23 13 13 13
1 2 1 1 3 4 3 4 3 4 5 5 5 23 23 23 13 13 13
1 1 1 2 3 4 3 4 3 4 5 5 5 6 6 25 6 25 6 23 23 23 13 13 13
1 2 1 1 3 4 3 4 3 4 5 5 5
1 2 1 1 3 4 3 4 3 4 5 5 5 23 23 23 13 13 13
1 1 1 2 5 3 4 3 4 3 4 5 5 25 6 6 6 6 25 23 23 23 13 13 13
2 1 1 1 5 5 4 3 4 5 3 3 4 6 6 25 6 6 25 6 25 6 6 6 25 23 23 23 13 13 13
1 2 1 1 5 5 3 4 3 4 3 4 5 9 25 6 25 9 9 23 23 23 13 13 13
1 1 1 2 3 4 3 4 3 4 5 5 5
1 2 1 1 3 4 4 5 3 4 3 5 5 25 25 6 23 23 23 13 13 13
1 2 1 1 3 4 3 4 3 4 5 5 5 23 23 23 13 13 13
1 1 1 2 3 4 3 4 3 4 5 5 5
1 1 1 2 3 4 3 4 5 5 3 4 5 23 23 23 13 13 13
1 1 1 2 3 4 3 4 3 4 5 5 5 23 23 23 13 13 13
1 1 2 1 3 4 3 4 3 4 5 5 5 9
1 1 2 1 3 4 3 4 5 5 3 4 5 9
1 2 1 1 3 4 5 3 4 3 4 5 5 23 23 23 13 13 13
1 1 1 2 3 4 3 4 3 4 5 5 5
1 1 2 1 3 4 4 3 4 3 5 5 5 6 23 23 23 13 13 13
1 2 1 1 3 4 3 4 3 4 5 5 5
1 1 2 1 3 4 3 4 3 4 5 5 5
1 2 1 1 3 4 3 4 3 4 5 5 5 6 6 25 6 6 25 23 23 23 13 13 13
1 1 2 1 3 4 3 4 3 4 5 5 5
1 1 1 2 3 4 3 4 3 4 5 5 5 9 23 23 23 13 13 13
1 1 1 2 3 4 3 4 5 5 3 4 5 23 23 23 13 13 13
1 2 1 1 3 4 3 4 5 5 3 4 5 25 25 6 23 23 23 13 13 13
2 1 1 1 3 4 3 4 3 4 5 5 5 25 6 6 6 25 6 23 23 23 13 13 13
1 1 1 2 3 4 3 4 3 4 5 5 5 23 23 23 13 13 13
2 1 1 1 3 4 3 4 3 4 5 5 5
1 1 1 2 3 4 3 4 3 4 5 5 5
1 1 1 2 3 4 3 4 3 4 5 5 5 23 23 23 13 13 13
1 1 2 1 3 4 3 4 3 4 5 5 5 23 23 23 13 13 13
1 1 1 2 3 4 5 3 4 3 4 5 5 23 23 23 13 13 13
2 1 1 1 3 4 3 4 3 4 5 5 5 23 23 23 13 13 13
1 1 1 2 3 4 3 4 3 4 5 5 5 23 23 23 13 13 13
1 1 1 2 3 4 3 4 3 4 5 5 5 23 23 23 13 13 13
1 1 2 1 3 4 3 4 3 4 5 5 5
1 1 1 2 3 4 3 4 3 4 5 5 5
1 1 1 2 3 4 3 4 3 4 5 5 5 25 25 25 25 25 25 25 25 6 25 25 25 25 25 25 25 23 23 23 13 13 13
1 1 2 1 3 4 3 4 3 4 5 5 5
2 1 1 1 5 5 5 3 4 3 4 3 4 25 6 25 23 23 23 13 13 13
1 2 1 1 3 4 3 4 3 4 5 5 5
1 1 1 2 3 4 3 4 5 3 4 5 5 23 23 23 13 13 13
2 1 1 1 3 4 3 4 3 4 5 5 5 23 23 23 13 13 13
2 1 1 1 3 4 3 4 3 4 5 5 5
1 1 1 2 5 3 4 5 3 4 3 4 5 9 25 6 25 9 9 23 23 23 13 13 13
1 2 1 1 3 4 3 4 3 4 5 5 5 23 23 23 13 13 13
1 1 1 2 3 4 5 3 4 3 4 5 5 6 25 6 23 23 23 13 13 13
1 2 1 1 3 4 3 4 3 4 5 5 5
2 1 1 1 3 4 5 5 5 3 4 3 4 25 25 6 23 23 23 13 13 13
1 1 1 2 3 4 3 4 3 4 5 5 5 23 23 23 13 13 13
1 2 1 1 3 4 3 4 3 4 5 5 5 9 23 23 23 13 13 13
1 1 2 1 3 4 3 4 3 4 5 5 5
1 2 1 1 3 4 3 4 3 4 5 5 5 23 23 23 13 13 13
2 1 1 1 5 5 5 3 4 3 4 3 4 25 6 25 9 23 23 23 13 13 13
2 1 1 1 3 4 3 4 3 4 5 5 5 23 23 23 13 13 13
1 1 1 2 3 4 3 4 3 4 5 5 5 23 23 23 13 13 13
1 1 1 2 3 4 3 4 3 4 5 5 5 23 23 23 13 13 13
1 1 1 2 3 4 3 4 3 4 5 5 5 23 23 23 13 13 13
1 1 2 1 3 4 3 4 3 4 5 5 5 23 23 23 13 13 13
1 1 2 1 3 4 3 4 3 4 5 5 5 23 23 23 13 13 13
1 2 1 1 3 4 5 3 4 3 4 5 5
1 1 1 2 3 4 3 4 3 4 5 5 5 23 23 23 13 13 13
1 1 2 1 3 4 3 4 3 4 5 5 5
1 1 1 2 3 4 3 4 3 4 5 5 8 7 1 4 6 5 5
1 1 1 2 3 4 3 4 5 3 4 5 5
1 2 1 1 3 4 3 4 3 4 5 5 5 23 23 23 13 13 13
2 1 1 1 5 5 5 3 4 3 4 3 4 6 6 25 6 6 25 6 25 6 23 23 23 13 13 13
2 1 1 1 5 5 5 3 4 3 4 3 4 23 23 23 13 13 13
1 1 1 2 3 4 3 4 3 4 5 5 5 6 6 25 23 23 23 13 13 13
1 2 1 1 5 5 3 4 3 4 3 4 5 23 23 23 13 13 13
1 1 1 2 3 4 3 4 3 4 5 5 5 23 23 23 13 13 13
1 1 1 2 3 4 3 4 3 4 5 5 5
1 2 1 1 3 4 3 4 3 4 5 5 5
1 1 1 2 3 4 3 4 3 4 5 5 5 9 23 23 23 13 13 13
2 1 1 1 3 4 3 4 3 4 5 5 5 23 23 23 13 13 13
2 1 1 1 3 4 3 4 3 4 5 5 5 9 25 6 6 6 25 6 23 23 23 13 13 13
1 1 1 2 3 4 3 4 3 4 5 5 5 23 23 23 13 13 13
1 2 1 1 3 4 3 4 5 5 3 4 5
1 1 1 2 3 4 3 4 3 4 5 5 5
2 1 1 1 5 5 5 3 4 3 4 3 4 25 25 6 23 23 23 13 13 13
1 2 1 1 3 4 5 3 4 3 4 5 5 9 25 25 6 9 23 23 23 13 13 13
2 1 1 1 5 5 5 3 4 3 4 3 4 25 6 25 9 9 23 23 23 13 13 13
2 1 1 1 3 4 3 4 3 4 5 5 5
1 1 2 1 3 4 3 4 5 5 3 4 5
1 2 1 1 3 4 3 4 3 4 5 5 5 23 23 23 13 13 13
1 1 1 2 3 4 3 4 3 4 5 5 5 23 23 23 13 13 13
1 1 1 2 3 4 3 4 3 4 5 5 5 23 23 23 13 13 13
2 1 1 1 5 5 5 3 4 3 4 3 4 23 23 23 13 13 13
1 2 1 1 3 4 3 4 3 4 5 5 5 23 23 23 13 13 13
1 1 2 1 3 4 3 4 3 4 5 5 5
2 1 1 1 3 4 3 4 3 4 5 5 5
1 1 1 2 3 4 3 4 3 4 5 5 5
1 1 1 2 3 4 3 4 3 4 5 5 5 23 23 23 13 13 13
1 1 2 1 3 4 3 4 3 4 5 5 5 23 23 23 13 13 13
1 1 1 2 3 4 3 4 3 4 5 5 5 25 6 25 9 23 23 23 13 13 13
2 1 1 1 5 5 5 3 4 3 4 3 4 25 25 6 23 23 23 13 13 13
1 2 1 1 3 4 3 4 3 4 5 5 5 6 6 25 23 23 23 13 13 13
1 2 1 1 3 4 3 4 5 5 3 4 5
2 1 1 1 3 4 3 4 3 4 5 5 5 23 23 23 13 13 13
1 1 2 1 3 4 3 4 5 5 3 4 5
1 2 1 1 3 4 3 4 3 4 5 5 5 23 23 23 13 13 13
1 2 1 1 3 4 3 4 3 4 5 5 5 23 23 23 13 13 13
1 1 1 2 3 4 3 4 3 4 5 5 5
1 1 2 1 3 4 3 4 3 4 5 5 5 23 23 23 13 13 13
2 1 1 1 5 5 5 3 4 3 4 3 4 9 23 23 23 13 13 13
1 2 1 1 3 4 3 4 3 4 5 5 5 23 23 23 13 13 13
1 1 2 1 3 4 3 4 3 4 5 5 5 23 23 23 13 13 13
1 1 1 2 3 4 3 4 3 4 5 5 5 23 23 23 13 13 13
1 1 2 1 3 4 3 4 3 4 5 5 5 23 23 23 13 13 13
1 2 1 1 3 4 3 4 3 4 5 5 5 23 23 23 13 13 13
2 1 1 1 3 4 3 4 3 4 5 5 5 23 23 23 13 13 13
2 1 1 1 5 5 5 3 4 3 4 3 4 6 25 6 25 6 6 6 25 6 6 25 6 23 23 23 13 13 13
1 2 1 1 3 4 3 4 3 4 5 5 5
1 1 1 2 3 4 3 4 3 4 5 5 5 23 23 23 13 13 13
1 1 1 2 3 4 3 4 3 4 5 5 5 23 23 23 13 13 13
2 1 1 1 3 4 3 4 3 4 5 5 5 23 23 23 13 13 13
1 1 1 2 3 4 3 4 3 4 5 5 5
1 2 1 1 3 4 3 4 3 4 5 5 5 25 6 25 23 23 23 13 13 13
1 1 1 2 3 4 4 3 4 3 5 5 5 23 23 23 13 13 13
1 1 2 1 3 4 3 4 5 3 4 5 5 23 23 23 13 13 13
1 2 1 1 3 4 3 4 3 4 5 5 5 23 23 23 13 13 13
1 1 2 1 3 4 3 4 3 4 5 5 5 23 23 23 13 13 13
1 2 1 1 3 4 3 4 3 4 5 5 5
1 2 1 1 3 4 5 3 4 3 4 5 5 23 23 23 13 13 13
1 1 2 1 3 4 3 4 3 4 5 5 5 23 23 23 13 13 13
1 1 2 1 3 4 3 4 3 4 5 5 5 23 23 23 13 13 13
1 1 1 2 3 4 3 4 3 4 5 5 5 23 23 23 13 13 13
1 1 1 2 3 4 3 4 5 5 5 3 4 23 23 23 13 13 13
1 2 1 1 3 4 3 4 3 4 5 5 5 23 23 23 13 13 13
1 1 1 2 3 4 3 4 3 4 5 5 5 23 23 23 13 13 13
1 2 1 1 3 4 3 4 5 5 5 3 4 23 23 23 13 13 13
2 1 1 1 3 4 3 4 3 4 5 5 5
1 1 1 2 3 4 3 4 3 4 5 5 5 23 23 23 13 13 13
1 1 1 2 3 4 3 4 3 4 5 5 5 23 23 23 13 13 13
1 2 1 1 3 4 3 4 3 4 5 5 5 25 6 25 9 23 23 23 13 13 13
2 1 1 1 5 5 5 3 4 3 4 3 4 23 23 23 13 13 13
2 1 1 1 5 5 5 3 4 3 4 3 4 9 9 25 25 6 9 23 23 23 13 13 13
1 1 1 2 3 4 3 4 3 4 5 5 5 23 23 23 13 13 13
2 1 1 1 5 5 5 3 4 3 4 3 4 9 23 23 23 13 13 13
1 2 1 1 3 4 3 4 3 4 5 5 5
1 1 2 1 3 4 3 4 3 4 5 5 5 23 23 23 13 13 13
2 1 1 1 5 5 5 4 3 4 3 4 3 6 6 25 6 25 6 25 6 6 23 23 23 13 13 13
1 1 1 2 3 4 3 4 3 4 5 5 5 23 23 23 13 13 13
1 1 1 2 3 4 3 4 3 4 5 5 5 23 23 23 13 13 13
1 2 1 1 3 4 3 4 3 4 5 5 5 23 23 23 13 13 13
2 1 1 1 5 5 5 3 4 3 4 3 4 9 25 25 6 9 23 23 23 13 13 13
1 2 1 1 3 4 3 4 3 4 5 5 5 23 23 23 13 13 13
1 1 2 1 3 4 5 5 3 4 3 4 5 23 23 23 13 13 13
1 1 2 1 3 4 3 4 3 4 5 5 5 23 23 23 13 13 13
2 1 1 1 5 5 5 3 4 3 4 3 4 6 6 25 6 6 25 6 6 25 23 23 23 13 13 13
1 2 1 1 5 5 5 3 4 3 4 3 4 6 6 25 6 6 25 6 25 6 9 23 23 23 13 13 13
1 1 2 1 3 4 3 4 3 4 5 5 5 23 23 23 13 13 13
1 1 1 2 3 4 3 4 3 4 5 5 5 9 23 23 23 13 13 13
1 1 2 1 3 4 3 4 5 5 3 4 5
1 1 2 1 3 4 3 4 3 4 5 5 5 23 23 23 13 13 13
2 1 1 1 5 5 3 4 3 4 5 3 4 6 6 25 6 6 25 6 6 25 6 25 6 23 23 23 13 13 13
1 1 1 2 3 4 3 4 3 4 5 5 5
1 1 1 2 3 4 3 4 5 5 3 4 5 23 23 23 13 13 13
2 1 1 1 3 4 3 4 3 4 5 5 5 6 6 25 6 25 6 23 23 23 13 13 13
1 2 1 1 3 4 3 4 3 4 5 5 5
1 1 1 2 3 4 3 4 5 5 3 4 5
2 1 1 1 5 5 5 3 4 3 4 3 4 9 23 23 23 13 13 13
2 1 1 1 5 5 5 3 4 3 4 3 4 23 23 23 13 13 13
1 1 1 2 3 4 3 4 5 5 5 3 4
1 1 1 2 3 4 3 4 3 4 5 5 5
2 1 1 1 5 3 4 3 4 3 4 5 5 25 6 6 6 25 6 25 6 6 23 23 23 13 13 13
1 1 1 2 3 4 3 4 3 4 5 5 5
1 1 1 2 3 4 3 4 3 4 5 5 5 23 23 23 13 13 13
1 1 1 2 3 4 3 4 3 4 5 5 5
2 1 1 1 3 4 3 4 5 5 5 3 4 25 25 6 9 23 23 23 13 13 13
2 1 1 1 3 4 3 4 3 4 5 5 5 25 6 6 23 23 23 13 13 13
2 1 1 1 5 5 5 3 4 3 4 3 4 23 23 23 13 13 13
1 1 1 2 3 4 3 4 3 4 5 5 5 6 6 25 9 6 6 25 23 23 23 13 13 13
2 1 1 1 3 4 3 4 3 4 5 5 5
1 2 1 1 3 4 3 4 3 4 5 5 5
1 1 1 2 3 4 3 4 3 4 5 5 5
1 1 2 1 3 4 3 4 3 4 5 5 5 23 23 23 13 13 13
1 1 2 1 3 4 3 4 5 5 3 4 5 25 25 25 25 25 25 25 25 25 25 6 25 25 25 25 25 23 23 23 13 13 13
2 1 1 1 5 5 5 3 4 3 4 3 4 6 6 25 6 6 25 6 6 25 6 6 25 23 23 23 13 13 13
1 2 1 1 3 4 3 4 3 4 5 5 5 23 23 23 13 13 13
1 1 2 1 3 4 3 4 3 4 5 5 5 23 23 23 13 13 13
1 2 1 1 4 3 4 3 3 4 5 5 5 23 23 23 13 13 13
1 1 2 1 3 4 4 3 4 5 5 3 5 23 23 23 13 13 13
1 1 1 2 3 4 5 5 3 4 3 4 5 23 23 23 13 13 13
2 1 1 1 5 5 5 3 4 3 4 3 4 6 25 6 6 25 6 6 6 25 25 6 6 23 23 23 13 13 13
2 1 1 1 5 5 5 3 4 3 4 3 4 25 6 25 23 23 23 13 13 13
2 1 1 1 5 3 4 5 5 3 4 3 4 23 23 23 13 13 13
1 1 2 1 3 4 3 4 3 4 5 5 5 23 23 23 13 13 13
1 2 1 1 3 4 3 4 3 4 5 5 5 23 23 23 13 13 13
2 1 1 1 5 5 5 3 4 3 4 3 4 9 23 23 23 13 13 13
1 1 1 2 3 4 3 4 3 4 5 5 5 23 23 23 13 13 13
1 1 1 2 3 4 3 4 5 5 3 4 5 9 25 6 25 9 9 23 23 23 13 13 13
1 1 1 2 4 3 4 3 3 4 5 5 5 23 23 23 13 13 13
2 1 1 1 5 5 5 3 4 3 4 3 4 6 6 25 6 6 25 6 6 25 6 6 25 23 23 23 13 13 13
1 1 1 2 3 4 3 4 3 4 5 5 5 23 23 23 13 13 13
2 1 1 1 5 5 5 3 4 3 4 3 4 23 23 23 13 13 13
1 1 1 2 3 4 3 4 3 4 5 5 5 23 23 23 13 13 13
1 1 1 2 3 4 3 4 3 4 5 5 5
2 1 1 1 3 4 3 4 5 5 5 3 4 23 23 23 13 13 13
1 2 1 1 3 4 3 4 3 4 5 5 5 23 23 23 13 13 13
2 1 1 1 5 5 5 3 4 3 4 3 4 23 23 23 13 13 13
1 2 1 1 3 4 4 5 3 4 3 5 5
1 1 1 2 3 4 3 4 3 4 5 5 5 23 23 23 13 13 13
2 1 1 1 5 5 5 3 4 3 4 3 4 23 23 23 13 13 13
1 2 1 1 3 4 3 4 3 4 5 5 5 23 23 23 13 13 13
2 1 1 1 3 4 5 3 4 3 4 5 5 23 23 23 13 13 13
1 1 1 2 3 4 3 4 3 4 5 5 5 6 23 23 23 13 13 13
2 1 1 1 5 5 5 3 4 3 4 3 4 6 9 23 23 23 13 13 13
1 1 2 1 3 4 3 4 3 4 5 5 5 23 23 23 13 13 13
1 1 1 2 3 4 3 4 3 4 5 5 5 23 23 23 13 13 13
1 2 1 1 3 4 5 3 4 3 4 5 5 9 23 23 23 13 13 13
1 1 1 2 3 4 3 4 3 4 5 5 5
1 1 1 2 3 4 3 4 3 4 5 5 5 23 23 23 13 13 13
1 1 1 2 3 4 3 4 3 4 5 5 5 23 23 23 13 13 13
1 2 1 1 3 4 3 4 3 4 5 5 5 23 23 23 13 13 13
1 2 1 1 3 4 3 4 3 4 5 5 5 6 25 6 23 23 23 13 13 13
2 1 1 1 5 5 5 3 4 3 4 3 4 9 25 25 6 23 23 23 13 13 13
2 1 1 1 5 5 5 3 4 3 4 3 4 9 23 23 23 13 13 13
2 1 1 1 5 5 5 3 4 3 4 3 4 25 25 6 9 23 23 23 13 13 13
1 2 1 1 3 4 5 3 4 3 4 5 5 23 23 23 13 13 13
1 1 2 1 3 4 3 4 3 4 5 5 5 23 23 23 13 13 13
1 1 1 2 3 4 3 4 3 4 5 5 5 25 6 25 9 23 23 23 13 13 13
1 1 2 1 3 4 3 4 3 4 5 5 5
2 1 1 1 3 4 3 4 3 4 5 5 5 23 23 23 13 13 13
1 1 1 2 4 3 4 3 4 5 5 5 3 23 23 23 13 13 13
1 2 1 1 3 4 5 5 3 4 3 4 5 23 23 23 13 13 13
1 1 1 2 3 4 3 4 5 5 3 4 5
2 1 1 1 5 5 5 3 4 3 4 3 4 25 25 6 9 23 23 23 13 13 13
2 1 1 1 3 4 3 4 3 4 5 5 5 23 23 23 13 13 13
1 1 2 1 3 4 5 3 4 3 4 5 5 23 23 23 13 13 13
1 1 2 1 3 4 3 4 3 4 5 5 5 6 25 6 6 6 25 23 23 23 13 13 13
1 1 1 2 3 4 3 4 3 4 5 5 5 23 23 23 13 13 13
1 2 1 1 3 4 5 5 5 3 4 3 4 9 25 6 25 9 9 23 23 23 13 13 13
1 1 2 1 3 4 3 4 3 4 5 5 5 23 23 23 13 13 13
1 1 1 2 3 4 3 4 3 4 5 5 5 23 23 23 13 13 13
2 1 1 1 5 5 5 3 4 3 4 3 4 23 23 23 13 13 13
1 1 1 2 3 4 3 4 3 4 5 5 5 23 23 23 13 13 13
1 2 1 1 3 4 5 5 3 4 3 4 5 23 23 23 13 13 13
1 2 1 1 3 4 3 4 3 4 5 5 5
1 1 1 2 3 4 3 4 3 4 5 5 5
2 1 1 1 3 4 3 4 3 4 5 5 5 23 23 23 13 13 13
1 1 1 2 3 4 3 4 3 4 5 5 5 6 6 25 6 25 6 23 23 23 13 13 13
1 1 1 2 3 4 3 4 3 4 5 5 5 23 23 23 13 13 13
2 1 1 1 5 5 5 3 4 3 4 3 4 6 6 25 6 6 25 6 6 25 6 6 25 23 23 23 13 13 13
2 1 1 1 5 5 5 3 4 3 4 3 4 6 6 25 6 25 6 6 6 25 23 23 23 13 13 13
1 1 1 2 3 4 3 4 3 4 5 5 5 23 23 23 13 13 13
2 1 1 1 5 5 5 3 4 3 4 4 3 25 25 6 9 9 9 23 23 23 13 13 13
1 1 2 1 3 4 3 4 5 5 5 3 4 23 23 23 13 13 13
1 1 1 2 3 4 3 4 3 4 5 5 5 9 25 25 6 23 23 23 13 13 13
1 1 1 2 3 4 5 3 4 3 4 5 5 9 6 6 25 6 6 25 23 23 23 13 13 13
2 1 1 1 5 5 5 3 4 3 4 3 4 25 25 6 9 23 23 23 13 13 13
1 1 2 1 3 4 3 4 3 4 5 5 5
2 1 1 1 3 4 5 3 4 5 5 3 4 23 23 23 13 13 13
2 1 1 1 5 5 3 4 3 4 3 4 5 6 6 25 6 6 25 6 6 25 6 6 25 23 23 23 13 13 13
2 1 1 1 3 4 3 4 3 4 5 5 5 23 23 23 13 13 13
1 1 1 2 3 4 3 4 3 4 5 5 5 23 23 23 13 13 13
1 1 1 2 3 4 3 4 3 4 5 5 5 9 23 23 23 13 13 13
1 2 1 1 3 4 5 3 4 3 4 5 5 25 25 6 9 23 23 23 13 13 13
2 1 1 1 5 5 5 3 4 3 4 3 4 23 23 23 13 13 13
1 2 1 1 3 4 5 5 3 4 3 4 5
1 1 1 2 3 4 3 4 3 4 5 5 5
1 1 1 2 3 4 3 4 3 4 5 5 5 25 25 6 9 23 23 23 13 13 13
1 2 1 1 3 4 5 3 4 3 4 5 5 23 23 23 13 13 13
1 2 1 1 3 4 3 4 3 4 5 5 5 23 23 23 13 13 13
1 1 1 2 3 4 3 4 3 4 5 5 5
2 1 1 1 5 5 5 3 4 3 4 3 4 6 6 25 6 6 25 6 6 25 6 6 25 23 23 23 13 13 13
2 1 1 1 3 4 5 3 4 3 4 5 5 23 23 23 13 13 13
2 1 1 1 5 5 3 4 3 3 4 4 5 6 25 6 25 6 6 25 6 6 23 23 23 13 13 13
1 1 1 2 3 4 3 4 3 4 5 5 5 25 25 6 9 23 23 23 13 13 13
2 1 1 1 4 3 4 5 3 4 3 5 5 23 23 23 13 13 13
2 1 1 1 5 5 3 4 3 4 4 5 3 25 25 6 23 23 23 13 13 13
1 1 2 1 3 4 3 4 3 4 5 5 5 23 23 23 13 13 13
2 1 1 1 3 4 3 4 3 4 5 5 5
2 1 1 1 3 4 3 4 3 4 5 5 5 23 23 23 13 13 13
2 1 1 1 5 5 3 4 3 4 3 4 5 9 6 23 23 23 13 13 13
2 1 1 1 5 5 5 3 4 4 3 4 3 6 6 25 6 6 25 6 6 25 6 25 6 23 23 23 13 13 13
1 2 1 1 3 4 3 4 3 4 5 5 5 23 23 23 13 13 13
1 1 2 1 3 4 3 4 3 4 5 5 5
1 1 2 1 3 4 5 3 4 3 4 5 5 23 23 23 13 13 13
1 1 1 2 3 4 3 4 3 4 5 5 5
2 1 1 1 3 4 3 4 3 4 5 5 5 25 6 6 23 23 23 13 13 13
2 1 1 1 5 5 5 3 4 3 4 3 4 9 9 25 25 6 9 23 23 23 13 13 13
1 2 1 1 3 4 3 4 3 4 5 5 5 23 23 23 13 13 13
1 2 1 1 3 4 3 4 3 4 5 5 5 9 23 23 23 13 13 13
1 2 1 1 3 4 3 4 3 4 5 5 5 23 23 23 13 13 13
2 1 1 1 3 4 3 4 3 4 5 5 5 23 23 23 13 13 13
1 1 1 2 3 4 3 4 3 4 5 5 5 23 23 23 13 13 13
2 1 1 1 5 5 5 3 4 3 4 3 4 6 25 6 6 25 6 6 25 6 23 23 23 13 13 13
1 2 1 1 3 4 3 4 3 4 5 5 5
2 1 1 1 5 5 5 3 4 3 4 3 4 9 25 6 25 9 23 23 23 13 13 13
2 1 1 1 3 4 3 4 3 4 5 5 5 9 23 23 23 13 13 13
1 1 1 2 3 4 3 4 3 4 5 5 5 9
1 2 1 1 3 4 3 4 3 4 5 5 5
1 1 1 2 3 4 3 4 3 4 5 5 5 23 23 23 13 13 13
1 2 1 1 3 4 3 4 3 4 5 5 5 23 23 23 13 13 13
1 1 1 2 3 4 3 4 3 4 5 5 5 6 25 6 6 25 6 23 23 23 13 13 13
2 1 1 1 3 4 3 4 3 4 5 5 5 23 23 23 13 13 13
1 1 2 1 3 4 3 4 5 5 3 4 5
2 1 1 1 5 5 5 3 4 3 4 3 4 23 23 23 13 13 13
2 1 1 1 3 4 3 4 3 4 5 5 5 6 6 25 6 6 25 23 23 23 13 13 13
1 1 1 2 3 4 3 4 3 4 5 5 5
1 2 1 1 3 4 3 4 3 4 5 5 5 23 23 23 13 13 13
1 1 2 1 3 4 3 4 3 4 5 5 5 23 23 23 13 13 13
1 1 2 1 3 4 3 4 3 4 5 5 5
1 1 1 2 3 4 3 4 3 4 5 5 5 23 23 23 13 13 13
1 1 1 2 3 4 3 4 3 4 5 5 5 23 23 23 13 13 13
1 1 1 2 3 4 3 4 3 4 5 5 5 25 6 6 9 23 23 23 13 13 13
1 1 2 1 3 4 3 4 3 4 5 5 5 23 23 23 13 13 13
1 1 1 2 3 4 3 4 3 4 5 5 5 23 23 23 13 13 13
1 1 2 1 3 4 3 4 5 5 5 3 4 25 6 25 23 23 23 13 13 13
1 1 2 1 3 4 3 4 3 4 5 5 5 23 23 23 13 13 13
1 1 1 2 3 4 3 4 3 4 5 5 5 23 23 23 13 13 13
1 1 1 2 3 4 3 4 3 4 5 5 5 23 23 23 13 13 13
1 1 2 1 3 4 3 4 3 4 5 5 5 23 23 23 13 13 13
2 1 1 1 3 4 3 4 3 4 5 5 5 25 25 6 9 23 23 23 13 13 13
1 1 2 1 3 4 3 4 3 4 5 5 5 23 23 23 13 13 13
2 1 1 1 5 5 5 3 4 3 4 3 4 23 23 23 13 13 13
1 1 1 2 3 4 3 4 3 4 5 5 5 23 23 23 13 13 13
1 1 2 1 3 4 3 4 3 4 5 5 5 23 23 23 13 13 13
1 1 1 2 3 4 3 4 3 4 5 5 5 23 23 23 13 13 13
2 1 1 1 5 5 5 3 4 3 4 3 4 6 6 25 6 6 25 6 6 25 6 6 25 23 23 23 13 13 13
1 1 1 2 3 4 3 4 3 4 5 5 5 23 23 23 13 13 13
1 1 1 2 3 4 3 4 3 4 5 5 5 23 23 23 13 13 13
1 1 1 2 5 5 3 4 3 4 3 4 5 23 23 23 13 13 13
1 1 1 2 3 4 5 3 4 3 4 5 5 6 6 25 23 23 23 13 13 13
1 2 1 1 3 4 3 4 3 4 5 5 5 23 23 23 13 13 13
2 1 1 1 3 4 3 4 5 5 5 3 4 25 6 6 6 6 25 23 23 23 13 13 13
2 1 1 1 5 5 3 4 3 4 3 4 5 6 6 25 6 25 6 25 6 6 6 25 6 23 23 23 13 13 13
2 1 1 1 5 5 5 3 4 3 4 3 4 9 23 23 23 13 13 13
1 2 1 1 3 4 3 4 3 4 5 5 5 9 23 23 23 13 13 13
1 2 1 1 3 4 3 4 3 4 5 5 5 23 23 23 13 13 13
1 1 1 2 5 3 4 3 4 3 4 5 5 23 23 23 13 13 13
1 1 2 1 3 4 3 4 3 4 5 5 5 6 6 25 6 25 6 23 23 23 13 13 13
1 1 1 2 3 4 3 4 3 4 5 5 5
1 1 2 1 3 4 3 4 3 4 5 5 5 23 23 23 13 13 13
1 1 1 2 3 4 3 4 3 4 5 5 5
1 1 2 1 3 4 3 4 3 4 5 5 5 23 23 23 13 13 13
1 1 1 2 3 4 3 4 3 4 5 5 5 23 23 23 13 13 13
1 1 1 2 3 4 3 4 3 4 5 5 5 23 23 23 13 13 13
1 2 1 1 3 4 3 4 5 3 4 5 5 23 23 23 13 13 13
2 1 1 1 5 5 3 4 3 4 3 4 5 25 6 25 9 23 23 23 13 13 13
1 1 1 2 3 4 3 4 5 5 3 4 5 23 23 23 13 13 13
1 1 2 1 3 4 3 4 3 4 5 5 5
1 1 2 1 3 4 3 4 3 4 5 5 5 23 23 23 13 13 13
2 1 1 1 5 5 5 3 4 3 4 3 4 23 23 23 13 13 13
1 2 1 1 3 4 3 4 3 4 5 5 5 23 23 23 13 13 13
1 1 2 1 3 4 5 3 4 3 4 5 5 23 23 23 13 13 13
2 1 1 1 5 5 5 3 4 3 4 3 4 6 6 25 9 9 6 6 25 6 6 25 6 6 25 23 23 23 13 13 13
1 2 1 1 3 4 3 4 3 4 5 5 5 23 23 23 13 13 13
1 1 1 2 3 4 3 4 5 5 3 4 5 23 23 23 13 13 13
2 1 1 1 5 5 5 3 4 3 4 3 4 6 6 25 6 6 25 6 6 25 6 6 25 23 23 23 13 13 13
2 1 1 1 5 5 5 3 4 3 4 3 4 25 6 25 23 23 23 13 13 13
1 1 1 2 3 4 3 4 3 4 5 5 5 25 25 6 9 9 23 23 23 13 13 13
1 2 1 1 3 4 3 4 5 5 3 4 5 23 23 23 13 13 13
1 1 1 2 3 4 3 4 3 4 5 5 5
1 1 1 2 3 4 3 4 3 4 5 5 5
2 1 1 1 5 5 5 3 4 3 4 3 4 25 6 25 9 23 23 23 13 13 13
2 1 1 1 3 4 3 4 3 4 5 5 5 23 23 23 13 13 13
1 1 1 2 3 4 3 4 3 4 5 5 5 9
1 1 1 2 3 4 3 4 3 4 5 5 5 23 23 23 13 13 13
2 1 1 1 5 5 3 4 3 4 3 4 5 23 23 23 13 13 13
2 1 1 1 5 5 5 3 4 3 4 3 4 6 6 25 6 6 25 6 6 25 23 23 23 13 13 13
1 2 1 1 3 4 3 4 3 4 5 5 5
1 2 1 1 3 4 3 4 3 4 5 5 5
1 1 2 1 3 4 3 4 3 4 5 5 5
2 1 1 1 3 4 3 4 5 5 3 4 5 25 25 6 9 9 9 23 23 23 13 13 13
1 2 1 1 3 4 3 4 3 4 5 5 5 25 6 6 25 6 6 23 23 23 13 13 13
1 2 1 1 3 4 3 4 3 4 5 5 5 23 23 23 13 13 13
2 1 1 1 5 5 5 3 4 3 4 3 4 25 25 6 9 9 23 23 23 13 13 13
1 1 1 2 3 4 3 4 3 4 5 5 5 23 23 23 13 13 13
1 2 1 1 3 4 3 4 4 5 5 5 3
1 1 2 1 3 4 3 4 3 4 5 5 5 23 23 23 13 13 13
2 1 1 1 5 5 5 3 4 3 4 3 4 23 23 23 13 13 13
2 1 1 1 3 4 3 4 3 4 5 5 5 9 25 6 25 9 23 23 23 13 13 13
1 2 1 1 3 4 3 4 3 4 5 5 5 23 23 23 13 13 13
1 2 1 1 3 4 3 4 3 4 5 5 5
1 1 2 1 3 4 3 4 3 4 5 5 5 23 23 23 13 13 13
1 1 2 1 3 4 3 4 3 4 5 5 5 23 23 23 13 13 13
1 1 1 2 3 4 3 4 3 4 5 5 5
1 1 1 2 3 4 3 4 3 4 5 5 5 23 23 23 13 13 13
1 1 1 2 3 4 3 4 3 4 5 5 5 23 23 23 13 13 13
1 2 1 1 3 4 3 4 3 4 5 5 5 6 25 6 9 25 6 6 23 23 23 13 13 13
1 1 1 2 3 4 3 4 3 4 5 5 5 23 23 23 13 13 13
1 1 1 2 3 4 3 4 3 4 5 5 5 23 23 23 13 13 13
2 1 1 1 5 5 5 3 4 3 4 3 4 23 23 23 13 13 13
2 1 1 1 5 5 5 3 4 3 4 3 4 6 25 6 6 6 25 6 25 6 6 25 6 23 23 23 13 13 13
2 1 1 1 5 5 5 3 4 3 4 3 4 23 23 23 13 13 13
1 2 1 1 3 4 3 4 5 5 3 4 5 23 23 23 13 13 13
1 1 1 2 3 4 3 4 3 4 5 5 5 23 23 23 13 13 13
1 1 2 1 3 4 3 4 3 4 5 5 5 23 23 23 13 13 13
1 2 1 1 3 4 3 4 3 4 5 5 5 23 23 23 13 13 13
1 1 1 2 3 4 3 4 5 5 3 4 5 23 23 23 13 13 13
1 1 2 1 3 4 3 4 3 4 5 5 5 9 6 6 6 6 23 23 23 13 13 13
1 1 1 2 3 4 3 4 3 4 5 5 5 23 23 23 13 13 13
1 1 1 2 3 4 3 4 3 4 5 5 5 23 23 23 13 13 13
1 1 2 1 3 4 3 4 3 4 5 5 5 6 6 9 6 6 23 23 23 13 13 13
1 1 2 1 3 4 3 4 3 4 5 5 5
1 1 2 1 3 4 3 4 3 4 5 5 5 23 23 23 13 13 13
1 1 1 2 3 4 3 4 3 4 5 5 5 23 23 23 13 13 13
1 1 1 2 3 4 3 4 3 4 5 5 5 23 23 23 13 13 13
1 1 1 2 3 4 3 4 3 4 5 5 5 23 23 23 13 13 13
1 1 1 2 3 4 3 4 5 5 3 4 5 23 23 23 13 13 13
2 1 1 1 3 4 3 4 3 4 5 5 5
1 1 1 2 3 4 3 4 3 4 5 5 5 9
2 1 1 1 3 4 3 4 5 5 3 4 5 23 23 23 13 13 13
1 1 1 2 3 4 5 3 4 3 4 5 5 23 23 23 13 13 13
1 1 1 2 3 4 3 4 3 4 5 5 5
1 2 1 1 3 4 5 3 4 5 3 4 5 23 23 23 13 13 13
1 1 1 2 3 4 3 4 3 4 5 5 5 23 23 23 13 13 13
1 1 1 2 3 4 3 4 3 4 5 5 5 9 23 23 23 13 13 13
1 1 2 1 3 4 3 4 3 4 5 5 5 23 23 23 13 13 13
2 1 1 1 5 5 5 3 4 3 4 3 4 23 23 23 13 13 13
1 2 1 1 3 4 3 4 3 4 5 5 5 23 23 23 13 13 13
1 2 1 1 3 4 3 4 5 5 3 4 5 23 23 23 13 13 13
1 1 1 2 3 4 3 4 3 4 5 5 5
2 1 1 1 3 4 3 4 3 4 5 5 5 25 6 25 23 23 23 13 13 13
1 2 1 1 3 4 3 4 3 4 5 5 5 23 23 23 13 13 13
2 1 1 1 3 4 3 4 3 4 5 5 5 23 23 23 13 13 13
1 2 1 1 3 4 3 4 5 3 4 5 5 23 23 23 13 13 13
2 1 1 1 3 4 3 4 3 4 5 5 5 23 23 23 13 13 13
1 1 2 1 3 4 3 4 3 4 5 5 5 23 23 23 13 13 13
2 1 1 1 5 5 5 3 4 3 4 3 4 6 25 6 6 25 6 9 6 25 6 23 23 23 13 13 13
1 2 1 1 3 4 3 4 5 3 4 5 5 9 23 23 23 13 13 13
1 1 2 1 3 4 3 4 3 4 5 5 5 23 23 23 13 13 13
1 2 1 1 8 3 4 3 4 3 4 5 5 5 7 1 6 4 5 13
1 1 1 2 3 4 3 4 3 4 5 5 5 23 23 23 13 13 13
1 1 1 2 3 4 5 3 4 3 4 5 5 25 25 25 25 25 25 25 25 25 25 25 25 25 6 25 25 9 23 23 23 13 13 13
1 1 1 2 3 4 5 3 4 3 4 5 5 6 6 25 6 25 6 23 23 23 13 13 13
1 1 1 2 3 4 3 4 3 4 5 5 5 23 23 23 13 13 13
1 2 1 1 3 4 3 4 3 4 5 5 5 23 23 23 13 13 13
1 2 1 1 3 4 3 4 3 4 5 5 5
2 1 1 1 5 3 4 3 4 3 4 5 5 6 9 23 23 23 13 13 13
1 1 1 2 3 4 3 4 3 4 5 5 5 23 23 23 13 13 13
2 1 1 1 5 5 5 3 4 3 4 3 4 25 25 6 9 9 9 23 23 23 13 13 13
1 2 1 1 3 4 3 4 5 5 3 4 5 23 23 23 13 13 13
2 1 1 1 5 5 5 3 4 3 4 3 4 25 25 6 9 9 23 23 23 13 13 13
2 1 1 1 5 5 3 4 3 4 3 4 5 6 25 6 6 25 6 6 25 6 23 23 23 13 13 13
2 1 1 1 3 4 3 4 3 4 5 5 5 23 23 23 13 13 13
1 1 2 1 3 4 3 4 3 4 5 5 5 23 23 23 13 13 13
1 2 1 1 3 4 3 4 3 4 5 5 5 23 23 23 13 13 13
1 1 2 1 3 4 3 4 3 4 5 5 5
1 2 1 1 3 4 3 4 3 4 5 5 5 23 23 23 13 13 13
2 1 1 1 5 5 3 4 3 4 3 4 5 6 6 25 6 25 6 6 25 6 23 23 23 13 13 13
2 1 1 1 3 4 5 5 5 3 4 3 4 23 23 23 13 13 13
1 2 1 1 3 4 3 4 5 5 5 3 4 23 23 23 13 13 13
1 1 2 1 3 4 3 4 3 4 5 5 5 23 23 23 13 13 13
1 2 1 1 3 4 3 4 5 3 4 5 5
1 1 2 1 3 4 3 4 5 5 5 3 4 25 6 25 23 23 23 13 13 13
1 1 1 2 3 4 3 4 3 4 5 5 5 23 23 23 13 13 13
1 1 1 2 3 4 3 4 3 4 5 5 5 23 23 23 13 13 13
2 1 1 1 3 4 3 4 3 4 5 5 5 23 23 23 13 13 13
1 1 2 1 3 4 3 4 3 4 5 5 5 23 23 23 13 13 13
1 1 2 1 3 4 3 4 3 4 5 5 5 23 23 23 13 13 13
1 1 1 2 3 4 3 4 3 4 5 5 5
2 1 1 1 3 4 3 4 3 4 5 5 5 23 23 23 13 13 13
1 2 1 1 3 4 3 4 3 4 5 5 5
1 1 1 2 3 4 3 4 3 4 5 5 5 9
1 1 1 2 3 4 3 4 3 4 5 5 5
1 1 1 2 3 4 3 4 3 4 5 5 5
1 1 1 2 3 4 3 4 3 4 5 5 5 23 23 23 13 13 13
1 1 1 2 3 4 3 4 3 4 5 5 5 9
2 1 1 1 5 5 5 3 4 3 4 3 4 25 6 25 23 23 23 13 13 13
1 1 1 2 3 4 3 4 3 4 5 5 5 23 23 23 13 13 13
1 1 1 2 3 4 3 4 3 4 5 5 5 23 23 23 13 13 13
1 2 1 1 3 4 3 4 3 4 5 5 5 23 23 23 13 13 13
1 1 2 1 5 5 3 4 3 4 3 4 5 23 23 23 13 13 13
1 1 2 1 3 4 3 4 3 4 5 5 5 23 23 23 13 13 13
1 1 2 1 3 4 3 4 3 4 5 5 5 23 23 23 13 13 13
2 1 1 1 5 5 5 3 4 3 4 3 4 6 6 25 6 6 25 6 25 6 23 23 23 13 13 13
2 1 1 1 3 4 3 4 3 4 5 5 5 23 23 23 13 13 13
1 1 2 1 3 4 3 4 3 4 5 5 5 23 23 23 13 13 13
1 1 1 2 3 4 3 4 3 4 5 5 5 23 23 23 13 13 13
1 2 1 1 3 4 3 4 3 4 5 5 5 23 23 23 13 13 13
2 1 1 1 3 4 3 4 3 4 5 5 5 23 23 23 13 13 13
2 1 1 1 3 4 3 4 3 4 5 5 5
